station_id,stn_id_aws,datetime,rn,stn_id_aws_expected,aws_map_ok
1001602,560,2024-06-15 00:00:00,-0.3440369542653391,560,True
1001602,560,2024-06-15 01:00:00,-0.3440369542653391,560,True
1001602,560,2024-06-15 02:00:00,-0.3440369542653391,560,True
1001602,560,2024-06-15 03:00:00,-0.3440369542653391,560,True
1001602,560,2024-06-15 04:00:00,-0.3440369542653391,560,True
1001602,560,2024-06-15 05:00:00,-0.3440369542653391,560,True
1001602,560,2024-06-15 06:00:00,-0.3440369542653391,560,True
1001602,560,2024-06-15 07:00:00,-0.3440369542653391,560,True
1001602,560,2024-06-15 08:00:00,-0.3440369542653391,560,True
1001602,560,2024-06-15 09:00:00,0.6567978217792837,560,True
1001602,560,2024-06-15 10:00:00,1.0857270115126934,560,True
1001602,560,2024-06-15 11:00:00,1.0857270115126934,560,True
1001602,560,2024-06-15 12:00:00,1.0857270115126934,560,True
1001602,560,2024-06-15 13:00:00,1.0857270115126934,560,True
1001602,560,2024-06-15 14:00:00,1.0857270115126934,560,True
1001602,560,2024-06-15 15:00:00,1.0857270115126934,560,True
1001602,560,2024-06-15 16:00:00,1.0857270115126934,560,True
1001602,560,2024-06-15 17:00:00,1.0857270115126934,560,True
1001602,560,2024-06-15 18:00:00,1.0857270115126934,560,True
1001602,560,2024-06-15 19:00:00,1.0857270115126934,560,True
1001602,560,2024-06-15 20:00:00,1.0857270115126934,560,True
1001602,560,2024-06-15 21:00:00,1.0857270115126934,560,True
1001602,560,2024-06-15 22:00:00,1.0857270115126934,560,True
1001602,560,2024-06-15 23:00:00,1.0857270115126934,560,True
1001602,560,2024-06-16 00:00:00,1.0857270115126934,560,True
1001602,560,2024-06-16 01:00:00,-0.3440369542653391,560,True
1001602,560,2024-06-16 02:00:00,-0.3440369542653391,560,True
1001602,560,2024-06-16 03:00:00,-0.3440369542653391,560,True
1001602,560,2024-06-16 04:00:00,-0.3440369542653391,560,True
1001602,560,2024-06-16 05:00:00,-0.3440369542653391,560,True
1001602,560,2024-06-16 06:00:00,-0.3440369542653391,560,True
1001602,560,2024-06-16 07:00:00,-0.3440369542653391,560,True
1001602,560,2024-06-16 08:00:00,-0.3440369542653391,560,True
1001602,560,2024-06-16 09:00:00,-0.3440369542653391,560,True
1001602,560,2024-06-16 10:00:00,-0.3440369542653391,560,True
1001602,560,2024-06-16 11:00:00,-0.3440369542653391,560,True
1001602,560,2024-06-16 12:00:00,-0.3440369542653391,560,True
1001602,560,2024-06-16 13:00:00,-0.3440369542653391,560,True
1001602,560,2024-06-16 14:00:00,-0.3440369542653391,560,True
1001602,560,2024-06-16 15:00:00,-0.3440369542653391,560,True
1001602,560,2024-06-16 16:00:00,-0.3440369542653391,560,True
1001602,560,2024-06-16 17:00:00,-0.3440369542653391,560,True
1001602,560,2024-06-16 18:00:00,-0.3440369542653391,560,True
1001602,560,2024-06-16 19:00:00,-0.3440369542653391,560,True
1001602,560,2024-06-16 20:00:00,-0.3440369542653391,560,True
1001602,560,2024-06-16 21:00:00,-0.3440369542653391,560,True
1001602,560,2024-06-16 22:00:00,-0.3440369542653391,560,True
1001602,560,2024-06-16 23:00:00,-0.3440369542653391,560,True
1001602,560,2024-06-17 00:00:00,-0.3440369542653391,560,True
1001602,560,2024-06-17 01:00:00,-0.3440369542653391,560,True
1001602,560,2024-06-17 02:00:00,-0.3440369542653391,560,True
1001602,560,2024-06-17 03:00:00,-0.3440369542653391,560,True
1001602,560,2024-06-17 04:00:00,-0.3440369542653391,560,True
1001602,560,2024-06-17 05:00:00,-0.3440369542653391,560,True
1001602,560,2024-06-17 06:00:00,-0.3440369542653391,560,True
1001602,560,2024-06-17 07:00:00,-0.3440369542653391,560,True
1001602,560,2024-06-17 08:00:00,-0.3440369542653391,560,True
1001602,560,2024-06-17 09:00:00,-0.3440369542653391,560,True
1001602,560,2024-06-17 10:00:00,-0.3440369542653391,560,True
1001602,560,2024-06-17 11:00:00,-0.3440369542653391,560,True
1001602,560,2024-06-17 12:00:00,-0.3440369542653391,560,True
1001602,560,2024-06-17 13:00:00,-0.3440369542653391,560,True
1001602,560,2024-06-17 14:00:00,-0.3440369542653391,560,True
1001602,560,2024-06-17 15:00:00,-0.3440369542653391,560,True
1001602,560,2024-06-17 16:00:00,-0.3440369542653391,560,True
1001602,560,2024-06-17 17:00:00,-0.3440369542653391,560,True
1001602,560,2024-06-17 18:00:00,-0.3440369542653391,560,True
1001602,560,2024-06-17 19:00:00,-0.3440369542653391,560,True
1001602,560,2024-06-17 20:00:00,-0.3440369542653391,560,True
1001602,560,2024-06-17 21:00:00,-0.3440369542653391,560,True
1001602,560,2024-06-17 22:00:00,-0.3440369542653391,560,True
1001602,560,2024-06-17 23:00:00,-0.3440369542653391,560,True
1001602,560,2024-06-18 00:00:00,-0.3440369542653391,560,True
1001602,560,2024-06-18 01:00:00,-0.3440369542653391,560,True
1001602,560,2024-06-18 02:00:00,-0.3440369542653391,560,True
1001602,560,2024-06-18 03:00:00,-0.3440369542653391,560,True
1001602,560,2024-06-18 04:00:00,-0.3440369542653391,560,True
1001602,560,2024-06-18 05:00:00,-0.3440369542653391,560,True
1001602,560,2024-06-18 06:00:00,-0.3440369542653391,560,True
1001602,560,2024-06-18 07:00:00,-0.3440369542653391,560,True
1001602,560,2024-06-18 08:00:00,-0.3440369542653391,560,True
1001602,560,2024-06-18 09:00:00,-0.3440369542653391,560,True
1001602,560,2024-06-18 10:00:00,-0.3440369542653391,560,True
1001602,560,2024-06-18 11:00:00,-0.3440369542653391,560,True
1001602,560,2024-06-18 12:00:00,-0.3440369542653391,560,True
1001602,560,2024-06-18 13:00:00,-0.3440369542653391,560,True
1001602,560,2024-06-18 14:00:00,-0.3440369542653391,560,True
1001602,560,2024-06-18 15:00:00,-0.3440369542653391,560,True
1001602,560,2024-06-18 16:00:00,-0.3440369542653391,560,True
1001602,560,2024-06-18 17:00:00,-0.3440369542653391,560,True
1001602,560,2024-06-18 18:00:00,-0.3440369542653391,560,True
1001602,560,2024-06-18 19:00:00,-0.3440369542653391,560,True
1001602,560,2024-06-18 20:00:00,-0.3440369542653391,560,True
1001602,560,2024-06-18 21:00:00,-0.3440369542653391,560,True
1001602,560,2024-06-18 22:00:00,-0.3440369542653391,560,True
1001602,560,2024-06-18 23:00:00,-0.3440369542653391,560,True
1001602,560,2024-06-19 00:00:00,-0.3440369542653391,560,True
1001602,560,2024-06-19 01:00:00,-0.3440369542653391,560,True
1001602,560,2024-06-19 02:00:00,-0.3440369542653391,560,True
1001602,560,2024-06-19 03:00:00,-0.3440369542653391,560,True
1001602,560,2024-06-19 04:00:00,-0.3440369542653391,560,True
1001602,560,2024-06-19 05:00:00,-0.3440369542653391,560,True
1001602,560,2024-06-19 06:00:00,-0.3440369542653391,560,True
1001602,560,2024-06-19 07:00:00,-0.3440369542653391,560,True
1001602,560,2024-06-19 08:00:00,-0.3440369542653391,560,True
1001602,560,2024-06-19 09:00:00,-0.3440369542653391,560,True
1001602,560,2024-06-19 10:00:00,-0.3440369542653391,560,True
1001602,560,2024-06-19 11:00:00,-0.3440369542653391,560,True
1001602,560,2024-06-19 12:00:00,-0.3440369542653391,560,True
1001602,560,2024-06-19 13:00:00,-0.3440369542653391,560,True
1001602,560,2024-06-19 14:00:00,-0.3440369542653391,560,True
1001602,560,2024-06-19 15:00:00,-0.3440369542653391,560,True
1001602,560,2024-06-19 16:00:00,-0.3440369542653391,560,True
1001602,560,2024-06-19 17:00:00,-0.3440369542653391,560,True
1001602,560,2024-06-19 18:00:00,-0.3440369542653391,560,True
1001602,560,2024-06-19 19:00:00,-0.3440369542653391,560,True
1001602,560,2024-06-19 20:00:00,-0.3440369542653391,560,True
1001602,560,2024-06-19 21:00:00,-0.3440369542653391,560,True
1001602,560,2024-06-19 22:00:00,-0.3440369542653391,560,True
1001602,560,2024-06-19 23:00:00,-0.3440369542653391,560,True
1001602,560,2024-06-20 00:00:00,-0.3440369542653391,560,True
1001602,560,2024-06-20 01:00:00,-0.3440369542653391,560,True
1001602,560,2024-06-20 02:00:00,-0.3440369542653391,560,True
1001602,560,2024-06-20 03:00:00,-0.3440369542653391,560,True
1001602,560,2024-06-20 04:00:00,-0.3440369542653391,560,True
1001602,560,2024-06-20 05:00:00,-0.3440369542653391,560,True
1001602,560,2024-06-20 06:00:00,-0.3440369542653391,560,True
1001602,560,2024-06-20 07:00:00,-0.3440369542653391,560,True
1001602,560,2024-06-20 08:00:00,-0.3440369542653391,560,True
1001602,560,2024-06-20 09:00:00,-0.3440369542653391,560,True
1001602,560,2024-06-20 10:00:00,-0.3440369542653391,560,True
1001602,560,2024-06-20 11:00:00,-0.3440369542653391,560,True
1001602,560,2024-06-20 12:00:00,-0.3440369542653391,560,True
1001602,560,2024-06-20 13:00:00,-0.3440369542653391,560,True
1001602,560,2024-06-20 14:00:00,-0.3440369542653391,560,True
1001602,560,2024-06-20 15:00:00,-0.3440369542653391,560,True
1001602,560,2024-06-20 16:00:00,-0.3440369542653391,560,True
1001602,560,2024-06-20 17:00:00,-0.3440369542653391,560,True
1001602,560,2024-06-20 18:00:00,-0.3440369542653391,560,True
1001602,560,2024-06-20 19:00:00,-0.3440369542653391,560,True
1001602,560,2024-06-20 20:00:00,-0.3440369542653391,560,True
1001602,560,2024-06-20 21:00:00,-0.3440369542653391,560,True
1001602,560,2024-06-20 22:00:00,-0.3440369542653391,560,True
1001602,560,2024-06-20 23:00:00,-0.3440369542653391,560,True
1001602,560,2024-06-21 00:00:00,-0.3440369542653391,560,True
1001602,560,2024-06-21 01:00:00,-0.3440369542653391,560,True
1001602,560,2024-06-21 02:00:00,-0.3440369542653391,560,True
1001602,560,2024-06-21 03:00:00,-0.3440369542653391,560,True
1001602,560,2024-06-21 04:00:00,-0.3440369542653391,560,True
1001602,560,2024-06-21 05:00:00,-0.3440369542653391,560,True
1001602,560,2024-06-21 06:00:00,-0.3440369542653391,560,True
1001602,560,2024-06-21 07:00:00,-0.3440369542653391,560,True
1001602,560,2024-06-21 08:00:00,-0.3440369542653391,560,True
1001602,560,2024-06-21 09:00:00,-0.3440369542653391,560,True
1001602,560,2024-06-21 10:00:00,-0.3440369542653391,560,True
1001602,560,2024-06-21 11:00:00,-0.3440369542653391,560,True
1001602,560,2024-06-21 12:00:00,-0.3440369542653391,560,True
1001602,560,2024-06-21 13:00:00,-0.3440369542653391,560,True
1001602,560,2024-06-21 14:00:00,-0.3440369542653391,560,True
1001602,560,2024-06-21 15:00:00,-0.3440369542653391,560,True
1001602,560,2024-06-21 16:00:00,-0.3440369542653391,560,True
1001602,560,2024-06-21 17:00:00,-0.3440369542653391,560,True
1001602,560,2024-06-21 18:00:00,-0.3440369542653391,560,True
1001602,560,2024-06-21 19:00:00,-0.3440369542653391,560,True
1001602,560,2024-06-21 20:00:00,-0.05808416110973257,560,True
1001602,560,2024-06-21 21:00:00,-0.05808416110973257,560,True
1001602,560,2024-06-21 22:00:00,-0.05808416110973257,560,True
1001602,560,2024-06-21 23:00:00,-0.05808416110973257,560,True
1001602,560,2024-06-22 00:00:00,-0.05808416110973257,560,True
1001602,560,2024-06-22 01:00:00,-0.3440369542653391,560,True
1001602,560,2024-06-22 02:00:00,-0.3440369542653391,560,True
1001602,560,2024-06-22 03:00:00,-0.3440369542653391,560,True
1001602,560,2024-06-22 04:00:00,-0.3440369542653391,560,True
1001602,560,2024-06-22 05:00:00,-0.3440369542653391,560,True
1001602,560,2024-06-22 06:00:00,-0.3440369542653391,560,True
1001602,560,2024-06-22 07:00:00,-0.3440369542653391,560,True
1001602,560,2024-06-22 08:00:00,-0.3440369542653391,560,True
1001602,560,2024-06-22 09:00:00,-0.3440369542653391,560,True
1001602,560,2024-06-22 10:00:00,-0.3440369542653391,560,True
1001602,560,2024-06-22 11:00:00,-0.2010605576875358,560,True
1001602,560,2024-06-22 12:00:00,-0.05808416110973257,560,True
1001602,560,2024-06-22 13:00:00,0.6567978217792837,560,True
1001602,560,2024-06-22 14:00:00,1.2287034080904966,560,True
1001602,560,2024-06-22 15:00:00,1.9435853909795129,560,True
1001602,560,2024-06-22 16:00:00,2.8014437704463324,560,True
1001602,560,2024-06-22 17:00:00,3.5163257533353485,560,True
1001602,560,2024-06-22 18:00:00,4.2312077362243645,560,True
1001602,560,2024-06-22 19:00:00,4.660136925957775,560,True
1001602,560,2024-06-22 20:00:00,4.660136925957775,560,True
1001602,560,2024-06-22 21:00:00,4.660136925957775,560,True
1001602,560,2024-06-22 22:00:00,4.8031133225355775,560,True
1001602,560,2024-06-22 23:00:00,4.8031133225355775,560,True
1001620,537,2024-06-15 00:00:00,-0.33256619139953947,537,True
1001620,537,2024-06-15 01:00:00,-0.33256619139953947,537,True
1001620,537,2024-06-15 02:00:00,-0.33256619139953947,537,True
1001620,537,2024-06-15 03:00:00,-0.33256619139953947,537,True
1001620,537,2024-06-15 04:00:00,-0.33256619139953947,537,True
1001620,537,2024-06-15 05:00:00,-0.33256619139953947,537,True
1001620,537,2024-06-15 06:00:00,-0.33256619139953947,537,True
1001620,537,2024-06-15 07:00:00,-0.33256619139953947,537,True
1001620,537,2024-06-15 08:00:00,-0.33256619139953947,537,True
1001620,537,2024-06-15 09:00:00,-0.33256619139953947,537,True
1001620,537,2024-06-15 10:00:00,-0.33256619139953947,537,True
1001620,537,2024-06-15 11:00:00,-0.33256619139953947,537,True
1001620,537,2024-06-15 12:00:00,-0.33256619139953947,537,True
1001620,537,2024-06-15 13:00:00,0.10328847582716072,537,True
1001620,537,2024-06-15 14:00:00,0.1759309203649441,537,True
1001620,537,2024-06-15 15:00:00,1.0476402548183446,537,True
1001620,537,2024-06-15 16:00:00,1.556137366582828,537,True
1001620,537,2024-06-15 17:00:00,2.2825618119606617,537,True
1001620,537,2024-06-15 18:00:00,2.2825618119606617,537,True
1001620,537,2024-06-15 19:00:00,2.2825618119606617,537,True
1001620,537,2024-06-15 20:00:00,2.500489145574012,537,True
1001620,537,2024-06-15 21:00:00,2.500489145574012,537,True
1001620,537,2024-06-15 22:00:00,2.500489145574012,537,True
1001620,537,2024-06-15 23:00:00,2.500489145574012,537,True
1001620,537,2024-06-16 00:00:00,2.500489145574012,537,True
1001620,537,2024-06-16 01:00:00,-0.2599237468617561,537,True
1001620,537,2024-06-16 02:00:00,-0.2599237468617561,537,True
1001620,537,2024-06-16 03:00:00,-0.2599237468617561,537,True
1001620,537,2024-06-16 04:00:00,-0.2599237468617561,537,True
1001620,537,2024-06-16 05:00:00,-0.2599237468617561,537,True
1001620,537,2024-06-16 06:00:00,-0.2599237468617561,537,True
1001620,537,2024-06-16 07:00:00,-0.2599237468617561,537,True
1001620,537,2024-06-16 08:00:00,-0.2599237468617561,537,True
1001620,537,2024-06-16 09:00:00,-0.2599237468617561,537,True
1001620,537,2024-06-16 10:00:00,-0.2599237468617561,537,True
1001620,537,2024-06-16 11:00:00,-0.2599237468617561,537,True
1001620,537,2024-06-16 12:00:00,-0.2599237468617561,537,True
1001620,537,2024-06-16 13:00:00,-0.2599237468617561,537,True
1001620,537,2024-06-16 14:00:00,-0.2599237468617561,537,True
1001620,537,2024-06-16 15:00:00,-0.2599237468617561,537,True
1001620,537,2024-06-16 16:00:00,-0.2599237468617561,537,True
1001620,537,2024-06-16 17:00:00,-0.2599237468617561,537,True
1001620,537,2024-06-16 18:00:00,-0.2599237468617561,537,True
1001620,537,2024-06-16 19:00:00,-0.2599237468617561,537,True
1001620,537,2024-06-16 20:00:00,-0.2599237468617561,537,True
1001620,537,2024-06-16 21:00:00,-0.2599237468617561,537,True
1001620,537,2024-06-16 22:00:00,-0.2599237468617561,537,True
1001620,537,2024-06-16 23:00:00,-0.2599237468617561,537,True
1001620,537,2024-06-17 00:00:00,-0.2599237468617561,537,True
1001620,537,2024-06-17 01:00:00,-0.33256619139953947,537,True
1001620,537,2024-06-17 02:00:00,-0.33256619139953947,537,True
1001620,537,2024-06-17 03:00:00,-0.33256619139953947,537,True
1001620,537,2024-06-17 04:00:00,-0.33256619139953947,537,True
1001620,537,2024-06-17 05:00:00,-0.33256619139953947,537,True
1001620,537,2024-06-17 06:00:00,-0.33256619139953947,537,True
1001620,537,2024-06-17 07:00:00,-0.33256619139953947,537,True
1001620,537,2024-06-17 08:00:00,-0.33256619139953947,537,True
1001620,537,2024-06-17 09:00:00,-0.33256619139953947,537,True
1001620,537,2024-06-17 10:00:00,-0.33256619139953947,537,True
1001620,537,2024-06-17 11:00:00,-0.33256619139953947,537,True
1001620,537,2024-06-17 12:00:00,-0.33256619139953947,537,True
1001620,537,2024-06-17 13:00:00,-0.33256619139953947,537,True
1001620,537,2024-06-17 14:00:00,-0.33256619139953947,537,True
1001620,537,2024-06-17 15:00:00,-0.33256619139953947,537,True
1001620,537,2024-06-17 16:00:00,-0.33256619139953947,537,True
1001620,537,2024-06-17 17:00:00,-0.33256619139953947,537,True
1001620,537,2024-06-17 18:00:00,-0.33256619139953947,537,True
1001620,537,2024-06-17 19:00:00,-0.33256619139953947,537,True
1001620,537,2024-06-17 20:00:00,-0.33256619139953947,537,True
1001620,537,2024-06-17 21:00:00,-0.33256619139953947,537,True
1001620,537,2024-06-17 22:00:00,-0.33256619139953947,537,True
1001620,537,2024-06-17 23:00:00,-0.33256619139953947,537,True
1001620,537,2024-06-18 00:00:00,-0.33256619139953947,537,True
1001620,537,2024-06-18 01:00:00,-0.33256619139953947,537,True
1001620,537,2024-06-18 02:00:00,-0.33256619139953947,537,True
1001620,537,2024-06-18 03:00:00,-0.33256619139953947,537,True
1001620,537,2024-06-18 04:00:00,-0.33256619139953947,537,True
1001620,537,2024-06-18 05:00:00,-0.33256619139953947,537,True
1001620,537,2024-06-18 06:00:00,-0.33256619139953947,537,True
1001620,537,2024-06-18 07:00:00,-0.33256619139953947,537,True
1001620,537,2024-06-18 08:00:00,-0.33256619139953947,537,True
1001620,537,2024-06-18 09:00:00,-0.33256619139953947,537,True
1001620,537,2024-06-18 10:00:00,-0.33256619139953947,537,True
1001620,537,2024-06-18 11:00:00,-0.33256619139953947,537,True
1001620,537,2024-06-18 12:00:00,-0.33256619139953947,537,True
1001620,537,2024-06-18 13:00:00,-0.33256619139953947,537,True
1001620,537,2024-06-18 14:00:00,-0.33256619139953947,537,True
1001620,537,2024-06-18 15:00:00,-0.33256619139953947,537,True
1001620,537,2024-06-18 16:00:00,-0.33256619139953947,537,True
1001620,537,2024-06-18 17:00:00,-0.33256619139953947,537,True
1001620,537,2024-06-18 18:00:00,-0.33256619139953947,537,True
1001620,537,2024-06-18 19:00:00,-0.33256619139953947,537,True
1001620,537,2024-06-18 20:00:00,-0.33256619139953947,537,True
1001620,537,2024-06-18 21:00:00,-0.33256619139953947,537,True
1001620,537,2024-06-18 22:00:00,-0.33256619139953947,537,True
1001620,537,2024-06-18 23:00:00,-0.33256619139953947,537,True
1001620,537,2024-06-19 00:00:00,-0.33256619139953947,537,True
1001620,537,2024-06-19 01:00:00,-0.33256619139953947,537,True
1001620,537,2024-06-19 02:00:00,-0.33256619139953947,537,True
1001620,537,2024-06-19 03:00:00,-0.33256619139953947,537,True
1001620,537,2024-06-19 04:00:00,-0.33256619139953947,537,True
1001620,537,2024-06-19 05:00:00,-0.33256619139953947,537,True
1001620,537,2024-06-19 06:00:00,-0.33256619139953947,537,True
1001620,537,2024-06-19 07:00:00,-0.33256619139953947,537,True
1001620,537,2024-06-19 08:00:00,-0.33256619139953947,537,True
1001620,537,2024-06-19 09:00:00,-0.33256619139953947,537,True
1001620,537,2024-06-19 10:00:00,-0.33256619139953947,537,True
1001620,537,2024-06-19 11:00:00,-0.33256619139953947,537,True
1001620,537,2024-06-19 12:00:00,-0.33256619139953947,537,True
1001620,537,2024-06-19 13:00:00,-0.33256619139953947,537,True
1001620,537,2024-06-19 14:00:00,-0.33256619139953947,537,True
1001620,537,2024-06-19 15:00:00,-0.33256619139953947,537,True
1001620,537,2024-06-19 16:00:00,-0.33256619139953947,537,True
1001620,537,2024-06-19 17:00:00,-0.33256619139953947,537,True
1001620,537,2024-06-19 18:00:00,-0.33256619139953947,537,True
1001620,537,2024-06-19 19:00:00,-0.33256619139953947,537,True
1001620,537,2024-06-19 20:00:00,-0.33256619139953947,537,True
1001620,537,2024-06-19 21:00:00,-0.33256619139953947,537,True
1001620,537,2024-06-19 22:00:00,-0.33256619139953947,537,True
1001620,537,2024-06-19 23:00:00,-0.33256619139953947,537,True
1001620,537,2024-06-20 00:00:00,-0.33256619139953947,537,True
1001620,537,2024-06-20 01:00:00,-0.33256619139953947,537,True
1001620,537,2024-06-20 02:00:00,-0.33256619139953947,537,True
1001620,537,2024-06-20 03:00:00,-0.33256619139953947,537,True
1001620,537,2024-06-20 04:00:00,-0.33256619139953947,537,True
1001620,537,2024-06-20 05:00:00,-0.33256619139953947,537,True
1001620,537,2024-06-20 06:00:00,-0.33256619139953947,537,True
1001620,537,2024-06-20 07:00:00,-0.33256619139953947,537,True
1001620,537,2024-06-20 08:00:00,-0.33256619139953947,537,True
1001620,537,2024-06-20 09:00:00,-0.33256619139953947,537,True
1001620,537,2024-06-20 10:00:00,-0.33256619139953947,537,True
1001620,537,2024-06-20 11:00:00,-0.33256619139953947,537,True
1001620,537,2024-06-20 12:00:00,-0.33256619139953947,537,True
1001620,537,2024-06-20 13:00:00,-0.33256619139953947,537,True
1001620,537,2024-06-20 14:00:00,-0.33256619139953947,537,True
1001620,537,2024-06-20 15:00:00,-0.33256619139953947,537,True
1001620,537,2024-06-20 16:00:00,-0.33256619139953947,537,True
1001620,537,2024-06-20 17:00:00,-0.33256619139953947,537,True
1001620,537,2024-06-20 18:00:00,-0.33256619139953947,537,True
1001620,537,2024-06-20 19:00:00,-0.33256619139953947,537,True
1001620,537,2024-06-20 20:00:00,-0.33256619139953947,537,True
1001620,537,2024-06-20 21:00:00,-0.33256619139953947,537,True
1001620,537,2024-06-20 22:00:00,-0.33256619139953947,537,True
1001620,537,2024-06-20 23:00:00,-0.33256619139953947,537,True
1001620,537,2024-06-21 00:00:00,-0.33256619139953947,537,True
1001620,537,2024-06-21 01:00:00,-0.33256619139953947,537,True
1001620,537,2024-06-21 02:00:00,-0.33256619139953947,537,True
1001620,537,2024-06-21 03:00:00,-0.33256619139953947,537,True
1001620,537,2024-06-21 04:00:00,-0.33256619139953947,537,True
1001620,537,2024-06-21 05:00:00,-0.33256619139953947,537,True
1001620,537,2024-06-21 06:00:00,-0.33256619139953947,537,True
1001620,537,2024-06-21 07:00:00,-0.33256619139953947,537,True
1001620,537,2024-06-21 08:00:00,-0.33256619139953947,537,True
1001620,537,2024-06-21 09:00:00,-0.33256619139953947,537,True
1001620,537,2024-06-21 10:00:00,-0.33256619139953947,537,True
1001620,537,2024-06-21 11:00:00,-0.33256619139953947,537,True
1001620,537,2024-06-21 12:00:00,-0.33256619139953947,537,True
1001620,537,2024-06-21 13:00:00,-0.33256619139953947,537,True
1001620,537,2024-06-21 14:00:00,-0.33256619139953947,537,True
1001620,537,2024-06-21 15:00:00,-0.33256619139953947,537,True
1001620,537,2024-06-21 16:00:00,-0.33256619139953947,537,True
1001620,537,2024-06-21 17:00:00,-0.33256619139953947,537,True
1001620,537,2024-06-21 18:00:00,-0.33256619139953947,537,True
1001620,537,2024-06-21 19:00:00,-0.33256619139953947,537,True
1001620,537,2024-06-21 20:00:00,-0.33256619139953947,537,True
1001620,537,2024-06-21 21:00:00,-0.33256619139953947,537,True
1001620,537,2024-06-21 22:00:00,-0.33256619139953947,537,True
1001620,537,2024-06-21 23:00:00,-0.33256619139953947,537,True
1001620,537,2024-06-22 00:00:00,-0.33256619139953947,537,True
1001620,537,2024-06-22 01:00:00,-0.33256619139953947,537,True
1001620,537,2024-06-22 02:00:00,-0.33256619139953947,537,True
1001620,537,2024-06-22 03:00:00,-0.33256619139953947,537,True
1001620,537,2024-06-22 04:00:00,-0.33256619139953947,537,True
1001620,537,2024-06-22 05:00:00,-0.33256619139953947,537,True
1001620,537,2024-06-22 06:00:00,-0.33256619139953947,537,True
1001620,537,2024-06-22 07:00:00,-0.33256619139953947,537,True
1001620,537,2024-06-22 08:00:00,-0.33256619139953947,537,True
1001620,537,2024-06-22 09:00:00,-0.33256619139953947,537,True
1001620,537,2024-06-22 10:00:00,-0.33256619139953947,537,True
1001620,537,2024-06-22 11:00:00,-0.33256619139953947,537,True
1001620,537,2024-06-22 12:00:00,-0.11463885778618937,537,True
1001620,537,2024-06-22 13:00:00,0.03064603128937736,537,True
1001620,537,2024-06-22 14:00:00,0.3938582539782942,537,True
1001620,537,2024-06-22 15:00:00,0.8297129212049944,537,True
1001620,537,2024-06-22 16:00:00,1.9919920338095283,537,True
1001620,537,2024-06-22 17:00:00,3.299556035489629,537,True
1001620,537,2024-06-22 18:00:00,3.8806955917918957,537,True
1001620,537,2024-06-22 19:00:00,4.243907814480813,537,True
1001620,537,2024-06-22 20:00:00,4.243907814480813,537,True
1001620,537,2024-06-22 21:00:00,4.243907814480813,537,True
1001620,537,2024-06-22 22:00:00,4.316550259018596,537,True
1001620,537,2024-06-22 23:00:00,4.534477592631946,537,True
1001622,537,2024-06-15 00:00:00,-0.33256619139953947,537,True
1001622,537,2024-06-15 01:00:00,-0.33256619139953947,537,True
1001622,537,2024-06-15 02:00:00,-0.33256619139953947,537,True
1001622,537,2024-06-15 03:00:00,-0.33256619139953947,537,True
1001622,537,2024-06-15 04:00:00,-0.33256619139953947,537,True
1001622,537,2024-06-15 05:00:00,-0.33256619139953947,537,True
1001622,537,2024-06-15 06:00:00,-0.33256619139953947,537,True
1001622,537,2024-06-15 07:00:00,-0.33256619139953947,537,True
1001622,537,2024-06-15 08:00:00,-0.33256619139953947,537,True
1001622,537,2024-06-15 09:00:00,-0.33256619139953947,537,True
1001622,537,2024-06-15 10:00:00,-0.33256619139953947,537,True
1001622,537,2024-06-15 11:00:00,-0.33256619139953947,537,True
1001622,537,2024-06-15 12:00:00,-0.33256619139953947,537,True
1001622,537,2024-06-15 13:00:00,0.10328847582716072,537,True
1001622,537,2024-06-15 14:00:00,0.1759309203649441,537,True
1001622,537,2024-06-15 15:00:00,1.0476402548183446,537,True
1001622,537,2024-06-15 16:00:00,1.556137366582828,537,True
1001622,537,2024-06-15 17:00:00,2.2825618119606617,537,True
1001622,537,2024-06-15 18:00:00,2.2825618119606617,537,True
1001622,537,2024-06-15 19:00:00,2.2825618119606617,537,True
1001622,537,2024-06-15 20:00:00,2.500489145574012,537,True
1001622,537,2024-06-15 21:00:00,2.500489145574012,537,True
1001622,537,2024-06-15 22:00:00,2.500489145574012,537,True
1001622,537,2024-06-15 23:00:00,2.500489145574012,537,True
1001622,537,2024-06-16 00:00:00,2.500489145574012,537,True
1001622,537,2024-06-16 01:00:00,-0.2599237468617561,537,True
1001622,537,2024-06-16 02:00:00,-0.2599237468617561,537,True
1001622,537,2024-06-16 03:00:00,-0.2599237468617561,537,True
1001622,537,2024-06-16 04:00:00,-0.2599237468617561,537,True
1001622,537,2024-06-16 05:00:00,-0.2599237468617561,537,True
1001622,537,2024-06-16 06:00:00,-0.2599237468617561,537,True
1001622,537,2024-06-16 07:00:00,-0.2599237468617561,537,True
1001622,537,2024-06-16 08:00:00,-0.2599237468617561,537,True
1001622,537,2024-06-16 09:00:00,-0.2599237468617561,537,True
1001622,537,2024-06-16 10:00:00,-0.2599237468617561,537,True
1001622,537,2024-06-16 11:00:00,-0.2599237468617561,537,True
1001622,537,2024-06-16 12:00:00,-0.2599237468617561,537,True
1001622,537,2024-06-16 13:00:00,-0.2599237468617561,537,True
1001622,537,2024-06-16 14:00:00,-0.2599237468617561,537,True
1001622,537,2024-06-16 15:00:00,-0.2599237468617561,537,True
1001622,537,2024-06-16 16:00:00,-0.2599237468617561,537,True
1001622,537,2024-06-16 17:00:00,-0.2599237468617561,537,True
1001622,537,2024-06-16 18:00:00,-0.2599237468617561,537,True
1001622,537,2024-06-16 19:00:00,-0.2599237468617561,537,True
1001622,537,2024-06-16 20:00:00,-0.2599237468617561,537,True
1001622,537,2024-06-16 21:00:00,-0.2599237468617561,537,True
1001622,537,2024-06-16 22:00:00,-0.2599237468617561,537,True
1001622,537,2024-06-16 23:00:00,-0.2599237468617561,537,True
1001622,537,2024-06-17 00:00:00,-0.2599237468617561,537,True
1001622,537,2024-06-17 01:00:00,-0.33256619139953947,537,True
1001622,537,2024-06-17 02:00:00,-0.33256619139953947,537,True
1001622,537,2024-06-17 03:00:00,-0.33256619139953947,537,True
1001622,537,2024-06-17 04:00:00,-0.33256619139953947,537,True
1001622,537,2024-06-17 05:00:00,-0.33256619139953947,537,True
1001622,537,2024-06-17 06:00:00,-0.33256619139953947,537,True
1001622,537,2024-06-17 07:00:00,-0.33256619139953947,537,True
1001622,537,2024-06-17 08:00:00,-0.33256619139953947,537,True
1001622,537,2024-06-17 09:00:00,-0.33256619139953947,537,True
1001622,537,2024-06-17 10:00:00,-0.33256619139953947,537,True
1001622,537,2024-06-17 11:00:00,-0.33256619139953947,537,True
1001622,537,2024-06-17 12:00:00,-0.33256619139953947,537,True
1001622,537,2024-06-17 13:00:00,-0.33256619139953947,537,True
1001622,537,2024-06-17 14:00:00,-0.33256619139953947,537,True
1001622,537,2024-06-17 15:00:00,-0.33256619139953947,537,True
1001622,537,2024-06-17 16:00:00,-0.33256619139953947,537,True
1001622,537,2024-06-17 17:00:00,-0.33256619139953947,537,True
1001622,537,2024-06-17 18:00:00,-0.33256619139953947,537,True
1001622,537,2024-06-17 19:00:00,-0.33256619139953947,537,True
1001622,537,2024-06-17 20:00:00,-0.33256619139953947,537,True
1001622,537,2024-06-17 21:00:00,-0.33256619139953947,537,True
1001622,537,2024-06-17 22:00:00,-0.33256619139953947,537,True
1001622,537,2024-06-17 23:00:00,-0.33256619139953947,537,True
1001622,537,2024-06-18 00:00:00,-0.33256619139953947,537,True
1001622,537,2024-06-18 01:00:00,-0.33256619139953947,537,True
1001622,537,2024-06-18 02:00:00,-0.33256619139953947,537,True
1001622,537,2024-06-18 03:00:00,-0.33256619139953947,537,True
1001622,537,2024-06-18 04:00:00,-0.33256619139953947,537,True
1001622,537,2024-06-18 05:00:00,-0.33256619139953947,537,True
1001622,537,2024-06-18 06:00:00,-0.33256619139953947,537,True
1001622,537,2024-06-18 07:00:00,-0.33256619139953947,537,True
1001622,537,2024-06-18 08:00:00,-0.33256619139953947,537,True
1001622,537,2024-06-18 09:00:00,-0.33256619139953947,537,True
1001622,537,2024-06-18 10:00:00,-0.33256619139953947,537,True
1001622,537,2024-06-18 11:00:00,-0.33256619139953947,537,True
1001622,537,2024-06-18 12:00:00,-0.33256619139953947,537,True
1001622,537,2024-06-18 13:00:00,-0.33256619139953947,537,True
1001622,537,2024-06-18 14:00:00,-0.33256619139953947,537,True
1001622,537,2024-06-18 15:00:00,-0.33256619139953947,537,True
1001622,537,2024-06-18 16:00:00,-0.33256619139953947,537,True
1001622,537,2024-06-18 17:00:00,-0.33256619139953947,537,True
1001622,537,2024-06-18 18:00:00,-0.33256619139953947,537,True
1001622,537,2024-06-18 19:00:00,-0.33256619139953947,537,True
1001622,537,2024-06-18 20:00:00,-0.33256619139953947,537,True
1001622,537,2024-06-18 21:00:00,-0.33256619139953947,537,True
1001622,537,2024-06-18 22:00:00,-0.33256619139953947,537,True
1001622,537,2024-06-18 23:00:00,-0.33256619139953947,537,True
1001622,537,2024-06-19 00:00:00,-0.33256619139953947,537,True
1001622,537,2024-06-19 01:00:00,-0.33256619139953947,537,True
1001622,537,2024-06-19 02:00:00,-0.33256619139953947,537,True
1001622,537,2024-06-19 03:00:00,-0.33256619139953947,537,True
1001622,537,2024-06-19 04:00:00,-0.33256619139953947,537,True
1001622,537,2024-06-19 05:00:00,-0.33256619139953947,537,True
1001622,537,2024-06-19 06:00:00,-0.33256619139953947,537,True
1001622,537,2024-06-19 07:00:00,-0.33256619139953947,537,True
1001622,537,2024-06-19 08:00:00,-0.33256619139953947,537,True
1001622,537,2024-06-19 09:00:00,-0.33256619139953947,537,True
1001622,537,2024-06-19 10:00:00,-0.33256619139953947,537,True
1001622,537,2024-06-19 11:00:00,-0.33256619139953947,537,True
1001622,537,2024-06-19 12:00:00,-0.33256619139953947,537,True
1001622,537,2024-06-19 13:00:00,-0.33256619139953947,537,True
1001622,537,2024-06-19 14:00:00,-0.33256619139953947,537,True
1001622,537,2024-06-19 15:00:00,-0.33256619139953947,537,True
1001622,537,2024-06-19 16:00:00,-0.33256619139953947,537,True
1001622,537,2024-06-19 17:00:00,-0.33256619139953947,537,True
1001622,537,2024-06-19 18:00:00,-0.33256619139953947,537,True
1001622,537,2024-06-19 19:00:00,-0.33256619139953947,537,True
1001622,537,2024-06-19 20:00:00,-0.33256619139953947,537,True
1001622,537,2024-06-19 21:00:00,-0.33256619139953947,537,True
1001622,537,2024-06-19 22:00:00,-0.33256619139953947,537,True
1001622,537,2024-06-19 23:00:00,-0.33256619139953947,537,True
1001622,537,2024-06-20 00:00:00,-0.33256619139953947,537,True
1001622,537,2024-06-20 01:00:00,-0.33256619139953947,537,True
1001622,537,2024-06-20 02:00:00,-0.33256619139953947,537,True
1001622,537,2024-06-20 03:00:00,-0.33256619139953947,537,True
1001622,537,2024-06-20 04:00:00,-0.33256619139953947,537,True
1001622,537,2024-06-20 05:00:00,-0.33256619139953947,537,True
1001622,537,2024-06-20 06:00:00,-0.33256619139953947,537,True
1001622,537,2024-06-20 07:00:00,-0.33256619139953947,537,True
1001622,537,2024-06-20 08:00:00,-0.33256619139953947,537,True
1001622,537,2024-06-20 09:00:00,-0.33256619139953947,537,True
1001622,537,2024-06-20 10:00:00,-0.33256619139953947,537,True
1001622,537,2024-06-20 11:00:00,-0.33256619139953947,537,True
1001622,537,2024-06-20 12:00:00,-0.33256619139953947,537,True
1001622,537,2024-06-20 13:00:00,-0.33256619139953947,537,True
1001622,537,2024-06-20 14:00:00,-0.33256619139953947,537,True
1001622,537,2024-06-20 15:00:00,-0.33256619139953947,537,True
1001622,537,2024-06-20 16:00:00,-0.33256619139953947,537,True
1001622,537,2024-06-20 17:00:00,-0.33256619139953947,537,True
1001622,537,2024-06-20 18:00:00,-0.33256619139953947,537,True
1001622,537,2024-06-20 19:00:00,-0.33256619139953947,537,True
1001622,537,2024-06-20 20:00:00,-0.33256619139953947,537,True
1001622,537,2024-06-20 21:00:00,-0.33256619139953947,537,True
1001622,537,2024-06-20 22:00:00,-0.33256619139953947,537,True
1001622,537,2024-06-20 23:00:00,-0.33256619139953947,537,True
1001622,537,2024-06-21 00:00:00,-0.33256619139953947,537,True
1001622,537,2024-06-21 01:00:00,-0.33256619139953947,537,True
1001622,537,2024-06-21 02:00:00,-0.33256619139953947,537,True
1001622,537,2024-06-21 03:00:00,-0.33256619139953947,537,True
1001622,537,2024-06-21 04:00:00,-0.33256619139953947,537,True
1001622,537,2024-06-21 05:00:00,-0.33256619139953947,537,True
1001622,537,2024-06-21 06:00:00,-0.33256619139953947,537,True
1001622,537,2024-06-21 07:00:00,-0.33256619139953947,537,True
1001622,537,2024-06-21 08:00:00,-0.33256619139953947,537,True
1001622,537,2024-06-21 09:00:00,-0.33256619139953947,537,True
1001622,537,2024-06-21 10:00:00,-0.33256619139953947,537,True
1001622,537,2024-06-21 11:00:00,-0.33256619139953947,537,True
1001622,537,2024-06-21 12:00:00,-0.33256619139953947,537,True
1001622,537,2024-06-21 13:00:00,-0.33256619139953947,537,True
1001622,537,2024-06-21 14:00:00,-0.33256619139953947,537,True
1001622,537,2024-06-21 15:00:00,-0.33256619139953947,537,True
1001622,537,2024-06-21 16:00:00,-0.33256619139953947,537,True
1001622,537,2024-06-21 17:00:00,-0.33256619139953947,537,True
1001622,537,2024-06-21 18:00:00,-0.33256619139953947,537,True
1001622,537,2024-06-21 19:00:00,-0.33256619139953947,537,True
1001622,537,2024-06-21 20:00:00,-0.33256619139953947,537,True
1001622,537,2024-06-21 21:00:00,-0.33256619139953947,537,True
1001622,537,2024-06-21 22:00:00,-0.33256619139953947,537,True
1001622,537,2024-06-21 23:00:00,-0.33256619139953947,537,True
1001622,537,2024-06-22 00:00:00,-0.33256619139953947,537,True
1001622,537,2024-06-22 01:00:00,-0.33256619139953947,537,True
1001622,537,2024-06-22 02:00:00,-0.33256619139953947,537,True
1001622,537,2024-06-22 03:00:00,-0.33256619139953947,537,True
1001622,537,2024-06-22 04:00:00,-0.33256619139953947,537,True
1001622,537,2024-06-22 05:00:00,-0.33256619139953947,537,True
1001622,537,2024-06-22 06:00:00,-0.33256619139953947,537,True
1001622,537,2024-06-22 07:00:00,-0.33256619139953947,537,True
1001622,537,2024-06-22 08:00:00,-0.33256619139953947,537,True
1001622,537,2024-06-22 09:00:00,-0.33256619139953947,537,True
1001622,537,2024-06-22 10:00:00,-0.33256619139953947,537,True
1001622,537,2024-06-22 11:00:00,-0.33256619139953947,537,True
1001622,537,2024-06-22 12:00:00,-0.11463885778618937,537,True
1001622,537,2024-06-22 13:00:00,0.03064603128937736,537,True
1001622,537,2024-06-22 14:00:00,0.3938582539782942,537,True
1001622,537,2024-06-22 15:00:00,0.8297129212049944,537,True
1001622,537,2024-06-22 16:00:00,1.9919920338095283,537,True
1001622,537,2024-06-22 17:00:00,3.299556035489629,537,True
1001622,537,2024-06-22 18:00:00,3.8806955917918957,537,True
1001622,537,2024-06-22 19:00:00,4.243907814480813,537,True
1001622,537,2024-06-22 20:00:00,4.243907814480813,537,True
1001622,537,2024-06-22 21:00:00,4.243907814480813,537,True
1001622,537,2024-06-22 22:00:00,4.316550259018596,537,True
1001622,537,2024-06-22 23:00:00,4.534477592631946,537,True
1001623,563,2024-06-15 00:00:00,-0.29013297585244835,563,True
1001623,563,2024-06-15 01:00:00,-0.29013297585244835,563,True
1001623,563,2024-06-15 02:00:00,-0.29013297585244835,563,True
1001623,563,2024-06-15 03:00:00,-0.29013297585244835,563,True
1001623,563,2024-06-15 04:00:00,-0.29013297585244835,563,True
1001623,563,2024-06-15 05:00:00,-0.29013297585244835,563,True
1001623,563,2024-06-15 06:00:00,-0.29013297585244835,563,True
1001623,563,2024-06-15 07:00:00,-0.29013297585244835,563,True
1001623,563,2024-06-15 08:00:00,-0.29013297585244835,563,True
1001623,563,2024-06-15 09:00:00,-0.29013297585244835,563,True
1001623,563,2024-06-15 10:00:00,-0.29013297585244835,563,True
1001623,563,2024-06-15 11:00:00,-0.29013297585244835,563,True
1001623,563,2024-06-15 12:00:00,-0.29013297585244835,563,True
1001623,563,2024-06-15 13:00:00,-0.29013297585244835,563,True
1001623,563,2024-06-15 14:00:00,-0.29013297585244835,563,True
1001623,563,2024-06-15 15:00:00,-0.29013297585244835,563,True
1001623,563,2024-06-15 16:00:00,0.6031974240231315,563,True
1001623,563,2024-06-15 17:00:00,0.7308160525767857,563,True
1001623,563,2024-06-15 18:00:00,0.7308160525767857,563,True
1001623,563,2024-06-15 19:00:00,1.2412905667914027,563,True
1001623,563,2024-06-15 20:00:00,1.30509988106823,563,True
1001623,563,2024-06-15 21:00:00,1.30509988106823,563,True
1001623,563,2024-06-15 22:00:00,1.30509988106823,563,True
1001623,563,2024-06-15 23:00:00,1.30509988106823,563,True
1001623,563,2024-06-16 00:00:00,1.368909195345057,563,True
1001623,563,2024-06-16 01:00:00,-0.22632366157562123,563,True
1001623,563,2024-06-16 02:00:00,-0.22632366157562123,563,True
1001623,563,2024-06-16 03:00:00,-0.22632366157562123,563,True
1001623,563,2024-06-16 04:00:00,-0.22632366157562123,563,True
1001623,563,2024-06-16 05:00:00,-0.22632366157562123,563,True
1001623,563,2024-06-16 06:00:00,-0.22632366157562123,563,True
1001623,563,2024-06-16 07:00:00,-0.22632366157562123,563,True
1001623,563,2024-06-16 08:00:00,-0.22632366157562123,563,True
1001623,563,2024-06-16 09:00:00,-0.22632366157562123,563,True
1001623,563,2024-06-16 10:00:00,-0.22632366157562123,563,True
1001623,563,2024-06-16 11:00:00,-0.22632366157562123,563,True
1001623,563,2024-06-16 12:00:00,-0.22632366157562123,563,True
1001623,563,2024-06-16 13:00:00,-0.22632366157562123,563,True
1001623,563,2024-06-16 14:00:00,-0.22632366157562123,563,True
1001623,563,2024-06-16 15:00:00,-0.22632366157562123,563,True
1001623,563,2024-06-16 16:00:00,-0.22632366157562123,563,True
1001623,563,2024-06-16 17:00:00,-0.22632366157562123,563,True
1001623,563,2024-06-16 18:00:00,-0.22632366157562123,563,True
1001623,563,2024-06-16 19:00:00,-0.22632366157562123,563,True
1001623,563,2024-06-16 20:00:00,-0.22632366157562123,563,True
1001623,563,2024-06-16 21:00:00,-0.22632366157562123,563,True
1001623,563,2024-06-16 22:00:00,-0.22632366157562123,563,True
1001623,563,2024-06-16 23:00:00,-0.22632366157562123,563,True
1001623,563,2024-06-17 00:00:00,-0.22632366157562123,563,True
1001623,563,2024-06-17 01:00:00,-0.29013297585244835,563,True
1001623,563,2024-06-17 02:00:00,-0.29013297585244835,563,True
1001623,563,2024-06-17 03:00:00,-0.29013297585244835,563,True
1001623,563,2024-06-17 04:00:00,-0.29013297585244835,563,True
1001623,563,2024-06-17 05:00:00,-0.29013297585244835,563,True
1001623,563,2024-06-17 06:00:00,-0.29013297585244835,563,True
1001623,563,2024-06-17 07:00:00,-0.29013297585244835,563,True
1001623,563,2024-06-17 08:00:00,-0.29013297585244835,563,True
1001623,563,2024-06-17 09:00:00,-0.29013297585244835,563,True
1001623,563,2024-06-17 10:00:00,-0.29013297585244835,563,True
1001623,563,2024-06-17 11:00:00,-0.29013297585244835,563,True
1001623,563,2024-06-17 12:00:00,-0.29013297585244835,563,True
1001623,563,2024-06-17 13:00:00,-0.29013297585244835,563,True
1001623,563,2024-06-17 14:00:00,-0.29013297585244835,563,True
1001623,563,2024-06-17 15:00:00,-0.29013297585244835,563,True
1001623,563,2024-06-17 16:00:00,-0.29013297585244835,563,True
1001623,563,2024-06-17 17:00:00,-0.29013297585244835,563,True
1001623,563,2024-06-17 18:00:00,-0.29013297585244835,563,True
1001623,563,2024-06-17 19:00:00,-0.29013297585244835,563,True
1001623,563,2024-06-17 20:00:00,-0.29013297585244835,563,True
1001623,563,2024-06-17 21:00:00,-0.29013297585244835,563,True
1001623,563,2024-06-17 22:00:00,-0.29013297585244835,563,True
1001623,563,2024-06-17 23:00:00,-0.29013297585244835,563,True
1001623,563,2024-06-18 00:00:00,-0.29013297585244835,563,True
1001623,563,2024-06-18 01:00:00,-0.29013297585244835,563,True
1001623,563,2024-06-18 02:00:00,-0.29013297585244835,563,True
1001623,563,2024-06-18 03:00:00,-0.29013297585244835,563,True
1001623,563,2024-06-18 04:00:00,-0.29013297585244835,563,True
1001623,563,2024-06-18 05:00:00,-0.29013297585244835,563,True
1001623,563,2024-06-18 06:00:00,-0.29013297585244835,563,True
1001623,563,2024-06-18 07:00:00,-0.29013297585244835,563,True
1001623,563,2024-06-18 08:00:00,-0.29013297585244835,563,True
1001623,563,2024-06-18 09:00:00,-0.29013297585244835,563,True
1001623,563,2024-06-18 10:00:00,-0.29013297585244835,563,True
1001623,563,2024-06-18 11:00:00,-0.29013297585244835,563,True
1001623,563,2024-06-18 12:00:00,-0.29013297585244835,563,True
1001623,563,2024-06-18 13:00:00,-0.29013297585244835,563,True
1001623,563,2024-06-18 14:00:00,-0.29013297585244835,563,True
1001623,563,2024-06-18 15:00:00,-0.29013297585244835,563,True
1001623,563,2024-06-18 16:00:00,-0.29013297585244835,563,True
1001623,563,2024-06-18 17:00:00,-0.29013297585244835,563,True
1001623,563,2024-06-18 18:00:00,-0.29013297585244835,563,True
1001623,563,2024-06-18 19:00:00,-0.29013297585244835,563,True
1001623,563,2024-06-18 20:00:00,-0.29013297585244835,563,True
1001623,563,2024-06-18 21:00:00,-0.29013297585244835,563,True
1001623,563,2024-06-18 22:00:00,-0.29013297585244835,563,True
1001623,563,2024-06-18 23:00:00,-0.29013297585244835,563,True
1001623,563,2024-06-19 00:00:00,-0.29013297585244835,563,True
1001623,563,2024-06-19 01:00:00,-0.29013297585244835,563,True
1001623,563,2024-06-19 02:00:00,-0.29013297585244835,563,True
1001623,563,2024-06-19 03:00:00,-0.29013297585244835,563,True
1001623,563,2024-06-19 04:00:00,-0.29013297585244835,563,True
1001623,563,2024-06-19 05:00:00,-0.29013297585244835,563,True
1001623,563,2024-06-19 06:00:00,-0.29013297585244835,563,True
1001623,563,2024-06-19 07:00:00,-0.29013297585244835,563,True
1001623,563,2024-06-19 08:00:00,-0.29013297585244835,563,True
1001623,563,2024-06-19 09:00:00,-0.29013297585244835,563,True
1001623,563,2024-06-19 10:00:00,-0.29013297585244835,563,True
1001623,563,2024-06-19 11:00:00,-0.29013297585244835,563,True
1001623,563,2024-06-19 12:00:00,-0.29013297585244835,563,True
1001623,563,2024-06-19 13:00:00,-0.29013297585244835,563,True
1001623,563,2024-06-19 14:00:00,-0.29013297585244835,563,True
1001623,563,2024-06-19 15:00:00,-0.29013297585244835,563,True
1001623,563,2024-06-19 16:00:00,-0.29013297585244835,563,True
1001623,563,2024-06-19 17:00:00,-0.29013297585244835,563,True
1001623,563,2024-06-19 18:00:00,-0.29013297585244835,563,True
1001623,563,2024-06-19 19:00:00,-0.29013297585244835,563,True
1001623,563,2024-06-19 20:00:00,-0.29013297585244835,563,True
1001623,563,2024-06-19 21:00:00,-0.29013297585244835,563,True
1001623,563,2024-06-19 22:00:00,-0.29013297585244835,563,True
1001623,563,2024-06-19 23:00:00,-0.29013297585244835,563,True
1001623,563,2024-06-20 00:00:00,-0.29013297585244835,563,True
1001623,563,2024-06-20 01:00:00,-0.29013297585244835,563,True
1001623,563,2024-06-20 02:00:00,-0.29013297585244835,563,True
1001623,563,2024-06-20 03:00:00,-0.29013297585244835,563,True
1001623,563,2024-06-20 04:00:00,-0.29013297585244835,563,True
1001623,563,2024-06-20 05:00:00,-0.29013297585244835,563,True
1001623,563,2024-06-20 06:00:00,-0.29013297585244835,563,True
1001623,563,2024-06-20 07:00:00,-0.29013297585244835,563,True
1001623,563,2024-06-20 08:00:00,-0.29013297585244835,563,True
1001623,563,2024-06-20 09:00:00,-0.29013297585244835,563,True
1001623,563,2024-06-20 10:00:00,-0.29013297585244835,563,True
1001623,563,2024-06-20 11:00:00,-0.29013297585244835,563,True
1001623,563,2024-06-20 12:00:00,-0.29013297585244835,563,True
1001623,563,2024-06-20 13:00:00,-0.29013297585244835,563,True
1001623,563,2024-06-20 14:00:00,-0.29013297585244835,563,True
1001623,563,2024-06-20 15:00:00,-0.29013297585244835,563,True
1001623,563,2024-06-20 16:00:00,-0.29013297585244835,563,True
1001623,563,2024-06-20 17:00:00,-0.29013297585244835,563,True
1001623,563,2024-06-20 18:00:00,-0.29013297585244835,563,True
1001623,563,2024-06-20 19:00:00,-0.29013297585244835,563,True
1001623,563,2024-06-20 20:00:00,-0.29013297585244835,563,True
1001623,563,2024-06-20 21:00:00,-0.29013297585244835,563,True
1001623,563,2024-06-20 22:00:00,-0.29013297585244835,563,True
1001623,563,2024-06-20 23:00:00,-0.29013297585244835,563,True
1001623,563,2024-06-21 00:00:00,-0.29013297585244835,563,True
1001623,563,2024-06-21 01:00:00,-0.29013297585244835,563,True
1001623,563,2024-06-21 02:00:00,-0.29013297585244835,563,True
1001623,563,2024-06-21 03:00:00,-0.29013297585244835,563,True
1001623,563,2024-06-21 04:00:00,-0.29013297585244835,563,True
1001623,563,2024-06-21 05:00:00,-0.29013297585244835,563,True
1001623,563,2024-06-21 06:00:00,-0.29013297585244835,563,True
1001623,563,2024-06-21 07:00:00,-0.29013297585244835,563,True
1001623,563,2024-06-21 08:00:00,-0.29013297585244835,563,True
1001623,563,2024-06-21 09:00:00,-0.29013297585244835,563,True
1001623,563,2024-06-21 10:00:00,-0.29013297585244835,563,True
1001623,563,2024-06-21 11:00:00,-0.29013297585244835,563,True
1001623,563,2024-06-21 12:00:00,-0.29013297585244835,563,True
1001623,563,2024-06-21 13:00:00,-0.29013297585244835,563,True
1001623,563,2024-06-21 14:00:00,-0.29013297585244835,563,True
1001623,563,2024-06-21 15:00:00,-0.29013297585244835,563,True
1001623,563,2024-06-21 16:00:00,-0.29013297585244835,563,True
1001623,563,2024-06-21 17:00:00,-0.29013297585244835,563,True
1001623,563,2024-06-21 18:00:00,-0.29013297585244835,563,True
1001623,563,2024-06-21 19:00:00,-0.29013297585244835,563,True
1001623,563,2024-06-21 20:00:00,-0.29013297585244835,563,True
1001623,563,2024-06-21 21:00:00,-0.29013297585244835,563,True
1001623,563,2024-06-21 22:00:00,-0.29013297585244835,563,True
1001623,563,2024-06-21 23:00:00,-0.29013297585244835,563,True
1001623,563,2024-06-22 00:00:00,-0.29013297585244835,563,True
1001623,563,2024-06-22 01:00:00,-0.29013297585244835,563,True
1001623,563,2024-06-22 02:00:00,-0.29013297585244835,563,True
1001623,563,2024-06-22 03:00:00,-0.29013297585244835,563,True
1001623,563,2024-06-22 04:00:00,-0.29013297585244835,563,True
1001623,563,2024-06-22 05:00:00,-0.29013297585244835,563,True
1001623,563,2024-06-22 06:00:00,-0.29013297585244835,563,True
1001623,563,2024-06-22 07:00:00,-0.29013297585244835,563,True
1001623,563,2024-06-22 08:00:00,-0.29013297585244835,563,True
1001623,563,2024-06-22 09:00:00,-0.29013297585244835,563,True
1001623,563,2024-06-22 10:00:00,-0.29013297585244835,563,True
1001623,563,2024-06-22 11:00:00,-0.22632366157562123,563,True
1001623,563,2024-06-22 12:00:00,0.028913595531687295,563,True
1001623,563,2024-06-22 13:00:00,0.2203415383621687,563,True
1001623,563,2024-06-22 14:00:00,0.6031974240231315,563,True
1001623,563,2024-06-22 15:00:00,1.30509988106823,563,True
1001623,563,2024-06-22 16:00:00,3.0279513665425624,563,True
1001623,563,2024-06-22 17:00:00,4.112709709248624,563,True
1001623,563,2024-06-22 18:00:00,4.559374909186413,563,True
1001623,563,2024-06-22 19:00:00,4.814612166293722,563,True
1001623,563,2024-06-22 20:00:00,4.814612166293722,563,True
1001623,563,2024-06-22 21:00:00,4.814612166293722,563,True
1001623,563,2024-06-22 22:00:00,4.814612166293722,563,True
1001623,563,2024-06-22 23:00:00,5.0060401091242035,563,True
1001625,563,2024-06-15 00:00:00,-0.29013297585244835,563,True
1001625,563,2024-06-15 01:00:00,-0.29013297585244835,563,True
1001625,563,2024-06-15 02:00:00,-0.29013297585244835,563,True
1001625,563,2024-06-15 03:00:00,-0.29013297585244835,563,True
1001625,563,2024-06-15 04:00:00,-0.29013297585244835,563,True
1001625,563,2024-06-15 05:00:00,-0.29013297585244835,563,True
1001625,563,2024-06-15 06:00:00,-0.29013297585244835,563,True
1001625,563,2024-06-15 07:00:00,-0.29013297585244835,563,True
1001625,563,2024-06-15 08:00:00,-0.29013297585244835,563,True
1001625,563,2024-06-15 09:00:00,-0.29013297585244835,563,True
1001625,563,2024-06-15 10:00:00,-0.29013297585244835,563,True
1001625,563,2024-06-15 11:00:00,-0.29013297585244835,563,True
1001625,563,2024-06-15 12:00:00,-0.29013297585244835,563,True
1001625,563,2024-06-15 13:00:00,-0.29013297585244835,563,True
1001625,563,2024-06-15 14:00:00,-0.29013297585244835,563,True
1001625,563,2024-06-15 15:00:00,-0.29013297585244835,563,True
1001625,563,2024-06-15 16:00:00,0.6031974240231315,563,True
1001625,563,2024-06-15 17:00:00,0.7308160525767857,563,True
1001625,563,2024-06-15 18:00:00,0.7308160525767857,563,True
1001625,563,2024-06-15 19:00:00,1.2412905667914027,563,True
1001625,563,2024-06-15 20:00:00,1.30509988106823,563,True
1001625,563,2024-06-15 21:00:00,1.30509988106823,563,True
1001625,563,2024-06-15 22:00:00,1.30509988106823,563,True
1001625,563,2024-06-15 23:00:00,1.30509988106823,563,True
1001625,563,2024-06-16 00:00:00,1.368909195345057,563,True
1001625,563,2024-06-16 01:00:00,-0.22632366157562123,563,True
1001625,563,2024-06-16 02:00:00,-0.22632366157562123,563,True
1001625,563,2024-06-16 03:00:00,-0.22632366157562123,563,True
1001625,563,2024-06-16 04:00:00,-0.22632366157562123,563,True
1001625,563,2024-06-16 05:00:00,-0.22632366157562123,563,True
1001625,563,2024-06-16 06:00:00,-0.22632366157562123,563,True
1001625,563,2024-06-16 07:00:00,-0.22632366157562123,563,True
1001625,563,2024-06-16 08:00:00,-0.22632366157562123,563,True
1001625,563,2024-06-16 09:00:00,-0.22632366157562123,563,True
1001625,563,2024-06-16 10:00:00,-0.22632366157562123,563,True
1001625,563,2024-06-16 11:00:00,-0.22632366157562123,563,True
1001625,563,2024-06-16 12:00:00,-0.22632366157562123,563,True
1001625,563,2024-06-16 13:00:00,-0.22632366157562123,563,True
1001625,563,2024-06-16 14:00:00,-0.22632366157562123,563,True
1001625,563,2024-06-16 15:00:00,-0.22632366157562123,563,True
1001625,563,2024-06-16 16:00:00,-0.22632366157562123,563,True
1001625,563,2024-06-16 17:00:00,-0.22632366157562123,563,True
1001625,563,2024-06-16 18:00:00,-0.22632366157562123,563,True
1001625,563,2024-06-16 19:00:00,-0.22632366157562123,563,True
1001625,563,2024-06-16 20:00:00,-0.22632366157562123,563,True
1001625,563,2024-06-16 21:00:00,-0.22632366157562123,563,True
1001625,563,2024-06-16 22:00:00,-0.22632366157562123,563,True
1001625,563,2024-06-16 23:00:00,-0.22632366157562123,563,True
1001625,563,2024-06-17 00:00:00,-0.22632366157562123,563,True
1001625,563,2024-06-17 01:00:00,-0.29013297585244835,563,True
1001625,563,2024-06-17 02:00:00,-0.29013297585244835,563,True
1001625,563,2024-06-17 03:00:00,-0.29013297585244835,563,True
1001625,563,2024-06-17 04:00:00,-0.29013297585244835,563,True
1001625,563,2024-06-17 05:00:00,-0.29013297585244835,563,True
1001625,563,2024-06-17 06:00:00,-0.29013297585244835,563,True
1001625,563,2024-06-17 07:00:00,-0.29013297585244835,563,True
1001625,563,2024-06-17 08:00:00,-0.29013297585244835,563,True
1001625,563,2024-06-17 09:00:00,-0.29013297585244835,563,True
1001625,563,2024-06-17 10:00:00,-0.29013297585244835,563,True
1001625,563,2024-06-17 11:00:00,-0.29013297585244835,563,True
1001625,563,2024-06-17 12:00:00,-0.29013297585244835,563,True
1001625,563,2024-06-17 13:00:00,-0.29013297585244835,563,True
1001625,563,2024-06-17 14:00:00,-0.29013297585244835,563,True
1001625,563,2024-06-17 15:00:00,-0.29013297585244835,563,True
1001625,563,2024-06-17 16:00:00,-0.29013297585244835,563,True
1001625,563,2024-06-17 17:00:00,-0.29013297585244835,563,True
1001625,563,2024-06-17 18:00:00,-0.29013297585244835,563,True
1001625,563,2024-06-17 19:00:00,-0.29013297585244835,563,True
1001625,563,2024-06-17 20:00:00,-0.29013297585244835,563,True
1001625,563,2024-06-17 21:00:00,-0.29013297585244835,563,True
1001625,563,2024-06-17 22:00:00,-0.29013297585244835,563,True
1001625,563,2024-06-17 23:00:00,-0.29013297585244835,563,True
1001625,563,2024-06-18 00:00:00,-0.29013297585244835,563,True
1001625,563,2024-06-18 01:00:00,-0.29013297585244835,563,True
1001625,563,2024-06-18 02:00:00,-0.29013297585244835,563,True
1001625,563,2024-06-18 03:00:00,-0.29013297585244835,563,True
1001625,563,2024-06-18 04:00:00,-0.29013297585244835,563,True
1001625,563,2024-06-18 05:00:00,-0.29013297585244835,563,True
1001625,563,2024-06-18 06:00:00,-0.29013297585244835,563,True
1001625,563,2024-06-18 07:00:00,-0.29013297585244835,563,True
1001625,563,2024-06-18 08:00:00,-0.29013297585244835,563,True
1001625,563,2024-06-18 09:00:00,-0.29013297585244835,563,True
1001625,563,2024-06-18 10:00:00,-0.29013297585244835,563,True
1001625,563,2024-06-18 11:00:00,-0.29013297585244835,563,True
1001625,563,2024-06-18 12:00:00,-0.29013297585244835,563,True
1001625,563,2024-06-18 13:00:00,-0.29013297585244835,563,True
1001625,563,2024-06-18 14:00:00,-0.29013297585244835,563,True
1001625,563,2024-06-18 15:00:00,-0.29013297585244835,563,True
1001625,563,2024-06-18 16:00:00,-0.29013297585244835,563,True
1001625,563,2024-06-18 17:00:00,-0.29013297585244835,563,True
1001625,563,2024-06-18 18:00:00,-0.29013297585244835,563,True
1001625,563,2024-06-18 19:00:00,-0.29013297585244835,563,True
1001625,563,2024-06-18 20:00:00,-0.29013297585244835,563,True
1001625,563,2024-06-18 21:00:00,-0.29013297585244835,563,True
1001625,563,2024-06-18 22:00:00,-0.29013297585244835,563,True
1001625,563,2024-06-18 23:00:00,-0.29013297585244835,563,True
1001625,563,2024-06-19 00:00:00,-0.29013297585244835,563,True
1001625,563,2024-06-19 01:00:00,-0.29013297585244835,563,True
1001625,563,2024-06-19 02:00:00,-0.29013297585244835,563,True
1001625,563,2024-06-19 03:00:00,-0.29013297585244835,563,True
1001625,563,2024-06-19 04:00:00,-0.29013297585244835,563,True
1001625,563,2024-06-19 05:00:00,-0.29013297585244835,563,True
1001625,563,2024-06-19 06:00:00,-0.29013297585244835,563,True
1001625,563,2024-06-19 07:00:00,-0.29013297585244835,563,True
1001625,563,2024-06-19 08:00:00,-0.29013297585244835,563,True
1001625,563,2024-06-19 09:00:00,-0.29013297585244835,563,True
1001625,563,2024-06-19 10:00:00,-0.29013297585244835,563,True
1001625,563,2024-06-19 11:00:00,-0.29013297585244835,563,True
1001625,563,2024-06-19 12:00:00,-0.29013297585244835,563,True
1001625,563,2024-06-19 13:00:00,-0.29013297585244835,563,True
1001625,563,2024-06-19 14:00:00,-0.29013297585244835,563,True
1001625,563,2024-06-19 15:00:00,-0.29013297585244835,563,True
1001625,563,2024-06-19 16:00:00,-0.29013297585244835,563,True
1001625,563,2024-06-19 17:00:00,-0.29013297585244835,563,True
1001625,563,2024-06-19 18:00:00,-0.29013297585244835,563,True
1001625,563,2024-06-19 19:00:00,-0.29013297585244835,563,True
1001625,563,2024-06-19 20:00:00,-0.29013297585244835,563,True
1001625,563,2024-06-19 21:00:00,-0.29013297585244835,563,True
1001625,563,2024-06-19 22:00:00,-0.29013297585244835,563,True
1001625,563,2024-06-19 23:00:00,-0.29013297585244835,563,True
1001625,563,2024-06-20 00:00:00,-0.29013297585244835,563,True
1001625,563,2024-06-20 01:00:00,-0.29013297585244835,563,True
1001625,563,2024-06-20 02:00:00,-0.29013297585244835,563,True
1001625,563,2024-06-20 03:00:00,-0.29013297585244835,563,True
1001625,563,2024-06-20 04:00:00,-0.29013297585244835,563,True
1001625,563,2024-06-20 05:00:00,-0.29013297585244835,563,True
1001625,563,2024-06-20 06:00:00,-0.29013297585244835,563,True
1001625,563,2024-06-20 07:00:00,-0.29013297585244835,563,True
1001625,563,2024-06-20 08:00:00,-0.29013297585244835,563,True
1001625,563,2024-06-20 09:00:00,-0.29013297585244835,563,True
1001625,563,2024-06-20 10:00:00,-0.29013297585244835,563,True
1001625,563,2024-06-20 11:00:00,-0.29013297585244835,563,True
1001625,563,2024-06-20 12:00:00,-0.29013297585244835,563,True
1001625,563,2024-06-20 13:00:00,-0.29013297585244835,563,True
1001625,563,2024-06-20 14:00:00,-0.29013297585244835,563,True
1001625,563,2024-06-20 15:00:00,-0.29013297585244835,563,True
1001625,563,2024-06-20 16:00:00,-0.29013297585244835,563,True
1001625,563,2024-06-20 17:00:00,-0.29013297585244835,563,True
1001625,563,2024-06-20 18:00:00,-0.29013297585244835,563,True
1001625,563,2024-06-20 19:00:00,-0.29013297585244835,563,True
1001625,563,2024-06-20 20:00:00,-0.29013297585244835,563,True
1001625,563,2024-06-20 21:00:00,-0.29013297585244835,563,True
1001625,563,2024-06-20 22:00:00,-0.29013297585244835,563,True
1001625,563,2024-06-20 23:00:00,-0.29013297585244835,563,True
1001625,563,2024-06-21 00:00:00,-0.29013297585244835,563,True
1001625,563,2024-06-21 01:00:00,-0.29013297585244835,563,True
1001625,563,2024-06-21 02:00:00,-0.29013297585244835,563,True
1001625,563,2024-06-21 03:00:00,-0.29013297585244835,563,True
1001625,563,2024-06-21 04:00:00,-0.29013297585244835,563,True
1001625,563,2024-06-21 05:00:00,-0.29013297585244835,563,True
1001625,563,2024-06-21 06:00:00,-0.29013297585244835,563,True
1001625,563,2024-06-21 07:00:00,-0.29013297585244835,563,True
1001625,563,2024-06-21 08:00:00,-0.29013297585244835,563,True
1001625,563,2024-06-21 09:00:00,-0.29013297585244835,563,True
1001625,563,2024-06-21 10:00:00,-0.29013297585244835,563,True
1001625,563,2024-06-21 11:00:00,-0.29013297585244835,563,True
1001625,563,2024-06-21 12:00:00,-0.29013297585244835,563,True
1001625,563,2024-06-21 13:00:00,-0.29013297585244835,563,True
1001625,563,2024-06-21 14:00:00,-0.29013297585244835,563,True
1001625,563,2024-06-21 15:00:00,-0.29013297585244835,563,True
1001625,563,2024-06-21 16:00:00,-0.29013297585244835,563,True
1001625,563,2024-06-21 17:00:00,-0.29013297585244835,563,True
1001625,563,2024-06-21 18:00:00,-0.29013297585244835,563,True
1001625,563,2024-06-21 19:00:00,-0.29013297585244835,563,True
1001625,563,2024-06-21 20:00:00,-0.29013297585244835,563,True
1001625,563,2024-06-21 21:00:00,-0.29013297585244835,563,True
1001625,563,2024-06-21 22:00:00,-0.29013297585244835,563,True
1001625,563,2024-06-21 23:00:00,-0.29013297585244835,563,True
1001625,563,2024-06-22 00:00:00,-0.29013297585244835,563,True
1001625,563,2024-06-22 01:00:00,-0.29013297585244835,563,True
1001625,563,2024-06-22 02:00:00,-0.29013297585244835,563,True
1001625,563,2024-06-22 03:00:00,-0.29013297585244835,563,True
1001625,563,2024-06-22 04:00:00,-0.29013297585244835,563,True
1001625,563,2024-06-22 05:00:00,-0.29013297585244835,563,True
1001625,563,2024-06-22 06:00:00,-0.29013297585244835,563,True
1001625,563,2024-06-22 07:00:00,-0.29013297585244835,563,True
1001625,563,2024-06-22 08:00:00,-0.29013297585244835,563,True
1001625,563,2024-06-22 09:00:00,-0.29013297585244835,563,True
1001625,563,2024-06-22 10:00:00,-0.29013297585244835,563,True
1001625,563,2024-06-22 11:00:00,-0.22632366157562123,563,True
1001625,563,2024-06-22 12:00:00,0.028913595531687295,563,True
1001625,563,2024-06-22 13:00:00,0.2203415383621687,563,True
1001625,563,2024-06-22 14:00:00,0.6031974240231315,563,True
1001625,563,2024-06-22 15:00:00,1.30509988106823,563,True
1001625,563,2024-06-22 16:00:00,3.0279513665425624,563,True
1001625,563,2024-06-22 17:00:00,4.112709709248624,563,True
1001625,563,2024-06-22 18:00:00,4.559374909186413,563,True
1001625,563,2024-06-22 19:00:00,4.814612166293722,563,True
1001625,563,2024-06-22 20:00:00,4.814612166293722,563,True
1001625,563,2024-06-22 21:00:00,4.814612166293722,563,True
1001625,563,2024-06-22 22:00:00,4.814612166293722,563,True
1001625,563,2024-06-22 23:00:00,5.0060401091242035,563,True
1001626,563,2024-06-15 00:00:00,-0.29013297585244835,563,True
1001626,563,2024-06-15 01:00:00,-0.29013297585244835,563,True
1001626,563,2024-06-15 02:00:00,-0.29013297585244835,563,True
1001626,563,2024-06-15 03:00:00,-0.29013297585244835,563,True
1001626,563,2024-06-15 04:00:00,-0.29013297585244835,563,True
1001626,563,2024-06-15 05:00:00,-0.29013297585244835,563,True
1001626,563,2024-06-15 06:00:00,-0.29013297585244835,563,True
1001626,563,2024-06-15 07:00:00,-0.29013297585244835,563,True
1001626,563,2024-06-15 08:00:00,-0.29013297585244835,563,True
1001626,563,2024-06-15 09:00:00,-0.29013297585244835,563,True
1001626,563,2024-06-15 10:00:00,-0.29013297585244835,563,True
1001626,563,2024-06-15 11:00:00,-0.29013297585244835,563,True
1001626,563,2024-06-15 12:00:00,-0.29013297585244835,563,True
1001626,563,2024-06-15 13:00:00,-0.29013297585244835,563,True
1001626,563,2024-06-15 14:00:00,-0.29013297585244835,563,True
1001626,563,2024-06-15 15:00:00,-0.29013297585244835,563,True
1001626,563,2024-06-15 16:00:00,0.6031974240231315,563,True
1001626,563,2024-06-15 17:00:00,0.7308160525767857,563,True
1001626,563,2024-06-15 18:00:00,0.7308160525767857,563,True
1001626,563,2024-06-15 19:00:00,1.2412905667914027,563,True
1001626,563,2024-06-15 20:00:00,1.30509988106823,563,True
1001626,563,2024-06-15 21:00:00,1.30509988106823,563,True
1001626,563,2024-06-15 22:00:00,1.30509988106823,563,True
1001626,563,2024-06-15 23:00:00,1.30509988106823,563,True
1001626,563,2024-06-16 00:00:00,1.368909195345057,563,True
1001626,563,2024-06-16 01:00:00,-0.22632366157562123,563,True
1001626,563,2024-06-16 02:00:00,-0.22632366157562123,563,True
1001626,563,2024-06-16 03:00:00,-0.22632366157562123,563,True
1001626,563,2024-06-16 04:00:00,-0.22632366157562123,563,True
1001626,563,2024-06-16 05:00:00,-0.22632366157562123,563,True
1001626,563,2024-06-16 06:00:00,-0.22632366157562123,563,True
1001626,563,2024-06-16 07:00:00,-0.22632366157562123,563,True
1001626,563,2024-06-16 08:00:00,-0.22632366157562123,563,True
1001626,563,2024-06-16 09:00:00,-0.22632366157562123,563,True
1001626,563,2024-06-16 10:00:00,-0.22632366157562123,563,True
1001626,563,2024-06-16 11:00:00,-0.22632366157562123,563,True
1001626,563,2024-06-16 12:00:00,-0.22632366157562123,563,True
1001626,563,2024-06-16 13:00:00,-0.22632366157562123,563,True
1001626,563,2024-06-16 14:00:00,-0.22632366157562123,563,True
1001626,563,2024-06-16 15:00:00,-0.22632366157562123,563,True
1001626,563,2024-06-16 16:00:00,-0.22632366157562123,563,True
1001626,563,2024-06-16 17:00:00,-0.22632366157562123,563,True
1001626,563,2024-06-16 18:00:00,-0.22632366157562123,563,True
1001626,563,2024-06-16 19:00:00,-0.22632366157562123,563,True
1001626,563,2024-06-16 20:00:00,-0.22632366157562123,563,True
1001626,563,2024-06-16 21:00:00,-0.22632366157562123,563,True
1001626,563,2024-06-16 22:00:00,-0.22632366157562123,563,True
1001626,563,2024-06-16 23:00:00,-0.22632366157562123,563,True
1001626,563,2024-06-17 00:00:00,-0.22632366157562123,563,True
1001626,563,2024-06-17 01:00:00,-0.29013297585244835,563,True
1001626,563,2024-06-17 02:00:00,-0.29013297585244835,563,True
1001626,563,2024-06-17 03:00:00,-0.29013297585244835,563,True
1001626,563,2024-06-17 04:00:00,-0.29013297585244835,563,True
1001626,563,2024-06-17 05:00:00,-0.29013297585244835,563,True
1001626,563,2024-06-17 06:00:00,-0.29013297585244835,563,True
1001626,563,2024-06-17 07:00:00,-0.29013297585244835,563,True
1001626,563,2024-06-17 08:00:00,-0.29013297585244835,563,True
1001626,563,2024-06-17 09:00:00,-0.29013297585244835,563,True
1001626,563,2024-06-17 10:00:00,-0.29013297585244835,563,True
1001626,563,2024-06-17 11:00:00,-0.29013297585244835,563,True
1001626,563,2024-06-17 12:00:00,-0.29013297585244835,563,True
1001626,563,2024-06-17 13:00:00,-0.29013297585244835,563,True
1001626,563,2024-06-17 14:00:00,-0.29013297585244835,563,True
1001626,563,2024-06-17 15:00:00,-0.29013297585244835,563,True
1001626,563,2024-06-17 16:00:00,-0.29013297585244835,563,True
1001626,563,2024-06-17 17:00:00,-0.29013297585244835,563,True
1001626,563,2024-06-17 18:00:00,-0.29013297585244835,563,True
1001626,563,2024-06-17 19:00:00,-0.29013297585244835,563,True
1001626,563,2024-06-17 20:00:00,-0.29013297585244835,563,True
1001626,563,2024-06-17 21:00:00,-0.29013297585244835,563,True
1001626,563,2024-06-17 22:00:00,-0.29013297585244835,563,True
1001626,563,2024-06-17 23:00:00,-0.29013297585244835,563,True
1001626,563,2024-06-18 00:00:00,-0.29013297585244835,563,True
1001626,563,2024-06-18 01:00:00,-0.29013297585244835,563,True
1001626,563,2024-06-18 02:00:00,-0.29013297585244835,563,True
1001626,563,2024-06-18 03:00:00,-0.29013297585244835,563,True
1001626,563,2024-06-18 04:00:00,-0.29013297585244835,563,True
1001626,563,2024-06-18 05:00:00,-0.29013297585244835,563,True
1001626,563,2024-06-18 06:00:00,-0.29013297585244835,563,True
1001626,563,2024-06-18 07:00:00,-0.29013297585244835,563,True
1001626,563,2024-06-18 08:00:00,-0.29013297585244835,563,True
1001626,563,2024-06-18 09:00:00,-0.29013297585244835,563,True
1001626,563,2024-06-18 10:00:00,-0.29013297585244835,563,True
1001626,563,2024-06-18 11:00:00,-0.29013297585244835,563,True
1001626,563,2024-06-18 12:00:00,-0.29013297585244835,563,True
1001626,563,2024-06-18 13:00:00,-0.29013297585244835,563,True
1001626,563,2024-06-18 14:00:00,-0.29013297585244835,563,True
1001626,563,2024-06-18 15:00:00,-0.29013297585244835,563,True
1001626,563,2024-06-18 16:00:00,-0.29013297585244835,563,True
1001626,563,2024-06-18 17:00:00,-0.29013297585244835,563,True
1001626,563,2024-06-18 18:00:00,-0.29013297585244835,563,True
1001626,563,2024-06-18 19:00:00,-0.29013297585244835,563,True
1001626,563,2024-06-18 20:00:00,-0.29013297585244835,563,True
1001626,563,2024-06-18 21:00:00,-0.29013297585244835,563,True
1001626,563,2024-06-18 22:00:00,-0.29013297585244835,563,True
1001626,563,2024-06-18 23:00:00,-0.29013297585244835,563,True
1001626,563,2024-06-19 00:00:00,-0.29013297585244835,563,True
1001626,563,2024-06-19 01:00:00,-0.29013297585244835,563,True
1001626,563,2024-06-19 02:00:00,-0.29013297585244835,563,True
1001626,563,2024-06-19 03:00:00,-0.29013297585244835,563,True
1001626,563,2024-06-19 04:00:00,-0.29013297585244835,563,True
1001626,563,2024-06-19 05:00:00,-0.29013297585244835,563,True
1001626,563,2024-06-19 06:00:00,-0.29013297585244835,563,True
1001626,563,2024-06-19 07:00:00,-0.29013297585244835,563,True
1001626,563,2024-06-19 08:00:00,-0.29013297585244835,563,True
1001626,563,2024-06-19 09:00:00,-0.29013297585244835,563,True
1001626,563,2024-06-19 10:00:00,-0.29013297585244835,563,True
1001626,563,2024-06-19 11:00:00,-0.29013297585244835,563,True
1001626,563,2024-06-19 12:00:00,-0.29013297585244835,563,True
1001626,563,2024-06-19 13:00:00,-0.29013297585244835,563,True
1001626,563,2024-06-19 14:00:00,-0.29013297585244835,563,True
1001626,563,2024-06-19 15:00:00,-0.29013297585244835,563,True
1001626,563,2024-06-19 16:00:00,-0.29013297585244835,563,True
1001626,563,2024-06-19 17:00:00,-0.29013297585244835,563,True
1001626,563,2024-06-19 18:00:00,-0.29013297585244835,563,True
1001626,563,2024-06-19 19:00:00,-0.29013297585244835,563,True
1001626,563,2024-06-19 20:00:00,-0.29013297585244835,563,True
1001626,563,2024-06-19 21:00:00,-0.29013297585244835,563,True
1001626,563,2024-06-19 22:00:00,-0.29013297585244835,563,True
1001626,563,2024-06-19 23:00:00,-0.29013297585244835,563,True
1001626,563,2024-06-20 00:00:00,-0.29013297585244835,563,True
1001626,563,2024-06-20 01:00:00,-0.29013297585244835,563,True
1001626,563,2024-06-20 02:00:00,-0.29013297585244835,563,True
1001626,563,2024-06-20 03:00:00,-0.29013297585244835,563,True
1001626,563,2024-06-20 04:00:00,-0.29013297585244835,563,True
1001626,563,2024-06-20 05:00:00,-0.29013297585244835,563,True
1001626,563,2024-06-20 06:00:00,-0.29013297585244835,563,True
1001626,563,2024-06-20 07:00:00,-0.29013297585244835,563,True
1001626,563,2024-06-20 08:00:00,-0.29013297585244835,563,True
1001626,563,2024-06-20 09:00:00,-0.29013297585244835,563,True
1001626,563,2024-06-20 10:00:00,-0.29013297585244835,563,True
1001626,563,2024-06-20 11:00:00,-0.29013297585244835,563,True
1001626,563,2024-06-20 12:00:00,-0.29013297585244835,563,True
1001626,563,2024-06-20 13:00:00,-0.29013297585244835,563,True
1001626,563,2024-06-20 14:00:00,-0.29013297585244835,563,True
1001626,563,2024-06-20 15:00:00,-0.29013297585244835,563,True
1001626,563,2024-06-20 16:00:00,-0.29013297585244835,563,True
1001626,563,2024-06-20 17:00:00,-0.29013297585244835,563,True
1001626,563,2024-06-20 18:00:00,-0.29013297585244835,563,True
1001626,563,2024-06-20 19:00:00,-0.29013297585244835,563,True
1001626,563,2024-06-20 20:00:00,-0.29013297585244835,563,True
1001626,563,2024-06-20 21:00:00,-0.29013297585244835,563,True
1001626,563,2024-06-20 22:00:00,-0.29013297585244835,563,True
1001626,563,2024-06-20 23:00:00,-0.29013297585244835,563,True
1001626,563,2024-06-21 00:00:00,-0.29013297585244835,563,True
1001626,563,2024-06-21 01:00:00,-0.29013297585244835,563,True
1001626,563,2024-06-21 02:00:00,-0.29013297585244835,563,True
1001626,563,2024-06-21 03:00:00,-0.29013297585244835,563,True
1001626,563,2024-06-21 04:00:00,-0.29013297585244835,563,True
1001626,563,2024-06-21 05:00:00,-0.29013297585244835,563,True
1001626,563,2024-06-21 06:00:00,-0.29013297585244835,563,True
1001626,563,2024-06-21 07:00:00,-0.29013297585244835,563,True
1001626,563,2024-06-21 08:00:00,-0.29013297585244835,563,True
1001626,563,2024-06-21 09:00:00,-0.29013297585244835,563,True
1001626,563,2024-06-21 10:00:00,-0.29013297585244835,563,True
1001626,563,2024-06-21 11:00:00,-0.29013297585244835,563,True
1001626,563,2024-06-21 12:00:00,-0.29013297585244835,563,True
1001626,563,2024-06-21 13:00:00,-0.29013297585244835,563,True
1001626,563,2024-06-21 14:00:00,-0.29013297585244835,563,True
1001626,563,2024-06-21 15:00:00,-0.29013297585244835,563,True
1001626,563,2024-06-21 16:00:00,-0.29013297585244835,563,True
1001626,563,2024-06-21 17:00:00,-0.29013297585244835,563,True
1001626,563,2024-06-21 18:00:00,-0.29013297585244835,563,True
1001626,563,2024-06-21 19:00:00,-0.29013297585244835,563,True
1001626,563,2024-06-21 20:00:00,-0.29013297585244835,563,True
1001626,563,2024-06-21 21:00:00,-0.29013297585244835,563,True
1001626,563,2024-06-21 22:00:00,-0.29013297585244835,563,True
1001626,563,2024-06-21 23:00:00,-0.29013297585244835,563,True
1001626,563,2024-06-22 00:00:00,-0.29013297585244835,563,True
1001626,563,2024-06-22 01:00:00,-0.29013297585244835,563,True
1001626,563,2024-06-22 02:00:00,-0.29013297585244835,563,True
1001626,563,2024-06-22 03:00:00,-0.29013297585244835,563,True
1001626,563,2024-06-22 04:00:00,-0.29013297585244835,563,True
1001626,563,2024-06-22 05:00:00,-0.29013297585244835,563,True
1001626,563,2024-06-22 06:00:00,-0.29013297585244835,563,True
1001626,563,2024-06-22 07:00:00,-0.29013297585244835,563,True
1001626,563,2024-06-22 08:00:00,-0.29013297585244835,563,True
1001626,563,2024-06-22 09:00:00,-0.29013297585244835,563,True
1001626,563,2024-06-22 10:00:00,-0.29013297585244835,563,True
1001626,563,2024-06-22 11:00:00,-0.22632366157562123,563,True
1001626,563,2024-06-22 12:00:00,0.028913595531687295,563,True
1001626,563,2024-06-22 13:00:00,0.2203415383621687,563,True
1001626,563,2024-06-22 14:00:00,0.6031974240231315,563,True
1001626,563,2024-06-22 15:00:00,1.30509988106823,563,True
1001626,563,2024-06-22 16:00:00,3.0279513665425624,563,True
1001626,563,2024-06-22 17:00:00,4.112709709248624,563,True
1001626,563,2024-06-22 18:00:00,4.559374909186413,563,True
1001626,563,2024-06-22 19:00:00,4.814612166293722,563,True
1001626,563,2024-06-22 20:00:00,4.814612166293722,563,True
1001626,563,2024-06-22 21:00:00,4.814612166293722,563,True
1001626,563,2024-06-22 22:00:00,4.814612166293722,563,True
1001626,563,2024-06-22 23:00:00,5.0060401091242035,563,True
1001629,563,2024-06-15 00:00:00,-0.29013297585244835,563,True
1001629,563,2024-06-15 01:00:00,-0.29013297585244835,563,True
1001629,563,2024-06-15 02:00:00,-0.29013297585244835,563,True
1001629,563,2024-06-15 03:00:00,-0.29013297585244835,563,True
1001629,563,2024-06-15 04:00:00,-0.29013297585244835,563,True
1001629,563,2024-06-15 05:00:00,-0.29013297585244835,563,True
1001629,563,2024-06-15 06:00:00,-0.29013297585244835,563,True
1001629,563,2024-06-15 07:00:00,-0.29013297585244835,563,True
1001629,563,2024-06-15 08:00:00,-0.29013297585244835,563,True
1001629,563,2024-06-15 09:00:00,-0.29013297585244835,563,True
1001629,563,2024-06-15 10:00:00,-0.29013297585244835,563,True
1001629,563,2024-06-15 11:00:00,-0.29013297585244835,563,True
1001629,563,2024-06-15 12:00:00,-0.29013297585244835,563,True
1001629,563,2024-06-15 13:00:00,-0.29013297585244835,563,True
1001629,563,2024-06-15 14:00:00,-0.29013297585244835,563,True
1001629,563,2024-06-15 15:00:00,-0.29013297585244835,563,True
1001629,563,2024-06-15 16:00:00,0.6031974240231315,563,True
1001629,563,2024-06-15 17:00:00,0.7308160525767857,563,True
1001629,563,2024-06-15 18:00:00,0.7308160525767857,563,True
1001629,563,2024-06-15 19:00:00,1.2412905667914027,563,True
1001629,563,2024-06-15 20:00:00,1.30509988106823,563,True
1001629,563,2024-06-15 21:00:00,1.30509988106823,563,True
1001629,563,2024-06-15 22:00:00,1.30509988106823,563,True
1001629,563,2024-06-15 23:00:00,1.30509988106823,563,True
1001629,563,2024-06-16 00:00:00,1.368909195345057,563,True
1001629,563,2024-06-16 01:00:00,-0.22632366157562123,563,True
1001629,563,2024-06-16 02:00:00,-0.22632366157562123,563,True
1001629,563,2024-06-16 03:00:00,-0.22632366157562123,563,True
1001629,563,2024-06-16 04:00:00,-0.22632366157562123,563,True
1001629,563,2024-06-16 05:00:00,-0.22632366157562123,563,True
1001629,563,2024-06-16 06:00:00,-0.22632366157562123,563,True
1001629,563,2024-06-16 07:00:00,-0.22632366157562123,563,True
1001629,563,2024-06-16 08:00:00,-0.22632366157562123,563,True
1001629,563,2024-06-16 09:00:00,-0.22632366157562123,563,True
1001629,563,2024-06-16 10:00:00,-0.22632366157562123,563,True
1001629,563,2024-06-16 11:00:00,-0.22632366157562123,563,True
1001629,563,2024-06-16 12:00:00,-0.22632366157562123,563,True
1001629,563,2024-06-16 13:00:00,-0.22632366157562123,563,True
1001629,563,2024-06-16 14:00:00,-0.22632366157562123,563,True
1001629,563,2024-06-16 15:00:00,-0.22632366157562123,563,True
1001629,563,2024-06-16 16:00:00,-0.22632366157562123,563,True
1001629,563,2024-06-16 17:00:00,-0.22632366157562123,563,True
1001629,563,2024-06-16 18:00:00,-0.22632366157562123,563,True
1001629,563,2024-06-16 19:00:00,-0.22632366157562123,563,True
1001629,563,2024-06-16 20:00:00,-0.22632366157562123,563,True
1001629,563,2024-06-16 21:00:00,-0.22632366157562123,563,True
1001629,563,2024-06-16 22:00:00,-0.22632366157562123,563,True
1001629,563,2024-06-16 23:00:00,-0.22632366157562123,563,True
1001629,563,2024-06-17 00:00:00,-0.22632366157562123,563,True
1001629,563,2024-06-17 01:00:00,-0.29013297585244835,563,True
1001629,563,2024-06-17 02:00:00,-0.29013297585244835,563,True
1001629,563,2024-06-17 03:00:00,-0.29013297585244835,563,True
1001629,563,2024-06-17 04:00:00,-0.29013297585244835,563,True
1001629,563,2024-06-17 05:00:00,-0.29013297585244835,563,True
1001629,563,2024-06-17 06:00:00,-0.29013297585244835,563,True
1001629,563,2024-06-17 07:00:00,-0.29013297585244835,563,True
1001629,563,2024-06-17 08:00:00,-0.29013297585244835,563,True
1001629,563,2024-06-17 09:00:00,-0.29013297585244835,563,True
1001629,563,2024-06-17 10:00:00,-0.29013297585244835,563,True
1001629,563,2024-06-17 11:00:00,-0.29013297585244835,563,True
1001629,563,2024-06-17 12:00:00,-0.29013297585244835,563,True
1001629,563,2024-06-17 13:00:00,-0.29013297585244835,563,True
1001629,563,2024-06-17 14:00:00,-0.29013297585244835,563,True
1001629,563,2024-06-17 15:00:00,-0.29013297585244835,563,True
1001629,563,2024-06-17 16:00:00,-0.29013297585244835,563,True
1001629,563,2024-06-17 17:00:00,-0.29013297585244835,563,True
1001629,563,2024-06-17 18:00:00,-0.29013297585244835,563,True
1001629,563,2024-06-17 19:00:00,-0.29013297585244835,563,True
1001629,563,2024-06-17 20:00:00,-0.29013297585244835,563,True
1001629,563,2024-06-17 21:00:00,-0.29013297585244835,563,True
1001629,563,2024-06-17 22:00:00,-0.29013297585244835,563,True
1001629,563,2024-06-17 23:00:00,-0.29013297585244835,563,True
1001629,563,2024-06-18 00:00:00,-0.29013297585244835,563,True
1001629,563,2024-06-18 01:00:00,-0.29013297585244835,563,True
1001629,563,2024-06-18 02:00:00,-0.29013297585244835,563,True
1001629,563,2024-06-18 03:00:00,-0.29013297585244835,563,True
1001629,563,2024-06-18 04:00:00,-0.29013297585244835,563,True
1001629,563,2024-06-18 05:00:00,-0.29013297585244835,563,True
1001629,563,2024-06-18 06:00:00,-0.29013297585244835,563,True
1001629,563,2024-06-18 07:00:00,-0.29013297585244835,563,True
1001629,563,2024-06-18 08:00:00,-0.29013297585244835,563,True
1001629,563,2024-06-18 09:00:00,-0.29013297585244835,563,True
1001629,563,2024-06-18 10:00:00,-0.29013297585244835,563,True
1001629,563,2024-06-18 11:00:00,-0.29013297585244835,563,True
1001629,563,2024-06-18 12:00:00,-0.29013297585244835,563,True
1001629,563,2024-06-18 13:00:00,-0.29013297585244835,563,True
1001629,563,2024-06-18 14:00:00,-0.29013297585244835,563,True
1001629,563,2024-06-18 15:00:00,-0.29013297585244835,563,True
1001629,563,2024-06-18 16:00:00,-0.29013297585244835,563,True
1001629,563,2024-06-18 17:00:00,-0.29013297585244835,563,True
1001629,563,2024-06-18 18:00:00,-0.29013297585244835,563,True
1001629,563,2024-06-18 19:00:00,-0.29013297585244835,563,True
1001629,563,2024-06-18 20:00:00,-0.29013297585244835,563,True
1001629,563,2024-06-18 21:00:00,-0.29013297585244835,563,True
1001629,563,2024-06-18 22:00:00,-0.29013297585244835,563,True
1001629,563,2024-06-18 23:00:00,-0.29013297585244835,563,True
1001629,563,2024-06-19 00:00:00,-0.29013297585244835,563,True
1001629,563,2024-06-19 01:00:00,-0.29013297585244835,563,True
1001629,563,2024-06-19 02:00:00,-0.29013297585244835,563,True
1001629,563,2024-06-19 03:00:00,-0.29013297585244835,563,True
1001629,563,2024-06-19 04:00:00,-0.29013297585244835,563,True
1001629,563,2024-06-19 05:00:00,-0.29013297585244835,563,True
1001629,563,2024-06-19 06:00:00,-0.29013297585244835,563,True
1001629,563,2024-06-19 07:00:00,-0.29013297585244835,563,True
1001629,563,2024-06-19 08:00:00,-0.29013297585244835,563,True
1001629,563,2024-06-19 09:00:00,-0.29013297585244835,563,True
1001629,563,2024-06-19 10:00:00,-0.29013297585244835,563,True
1001629,563,2024-06-19 11:00:00,-0.29013297585244835,563,True
1001629,563,2024-06-19 12:00:00,-0.29013297585244835,563,True
1001629,563,2024-06-19 13:00:00,-0.29013297585244835,563,True
1001629,563,2024-06-19 14:00:00,-0.29013297585244835,563,True
1001629,563,2024-06-19 15:00:00,-0.29013297585244835,563,True
1001629,563,2024-06-19 16:00:00,-0.29013297585244835,563,True
1001629,563,2024-06-19 17:00:00,-0.29013297585244835,563,True
1001629,563,2024-06-19 18:00:00,-0.29013297585244835,563,True
1001629,563,2024-06-19 19:00:00,-0.29013297585244835,563,True
1001629,563,2024-06-19 20:00:00,-0.29013297585244835,563,True
1001629,563,2024-06-19 21:00:00,-0.29013297585244835,563,True
1001629,563,2024-06-19 22:00:00,-0.29013297585244835,563,True
1001629,563,2024-06-19 23:00:00,-0.29013297585244835,563,True
1001629,563,2024-06-20 00:00:00,-0.29013297585244835,563,True
1001629,563,2024-06-20 01:00:00,-0.29013297585244835,563,True
1001629,563,2024-06-20 02:00:00,-0.29013297585244835,563,True
1001629,563,2024-06-20 03:00:00,-0.29013297585244835,563,True
1001629,563,2024-06-20 04:00:00,-0.29013297585244835,563,True
1001629,563,2024-06-20 05:00:00,-0.29013297585244835,563,True
1001629,563,2024-06-20 06:00:00,-0.29013297585244835,563,True
1001629,563,2024-06-20 07:00:00,-0.29013297585244835,563,True
1001629,563,2024-06-20 08:00:00,-0.29013297585244835,563,True
1001629,563,2024-06-20 09:00:00,-0.29013297585244835,563,True
1001629,563,2024-06-20 10:00:00,-0.29013297585244835,563,True
1001629,563,2024-06-20 11:00:00,-0.29013297585244835,563,True
1001629,563,2024-06-20 12:00:00,-0.29013297585244835,563,True
1001629,563,2024-06-20 13:00:00,-0.29013297585244835,563,True
1001629,563,2024-06-20 14:00:00,-0.29013297585244835,563,True
1001629,563,2024-06-20 15:00:00,-0.29013297585244835,563,True
1001629,563,2024-06-20 16:00:00,-0.29013297585244835,563,True
1001629,563,2024-06-20 17:00:00,-0.29013297585244835,563,True
1001629,563,2024-06-20 18:00:00,-0.29013297585244835,563,True
1001629,563,2024-06-20 19:00:00,-0.29013297585244835,563,True
1001629,563,2024-06-20 20:00:00,-0.29013297585244835,563,True
1001629,563,2024-06-20 21:00:00,-0.29013297585244835,563,True
1001629,563,2024-06-20 22:00:00,-0.29013297585244835,563,True
1001629,563,2024-06-20 23:00:00,-0.29013297585244835,563,True
1001629,563,2024-06-21 00:00:00,-0.29013297585244835,563,True
1001629,563,2024-06-21 01:00:00,-0.29013297585244835,563,True
1001629,563,2024-06-21 02:00:00,-0.29013297585244835,563,True
1001629,563,2024-06-21 03:00:00,-0.29013297585244835,563,True
1001629,563,2024-06-21 04:00:00,-0.29013297585244835,563,True
1001629,563,2024-06-21 05:00:00,-0.29013297585244835,563,True
1001629,563,2024-06-21 06:00:00,-0.29013297585244835,563,True
1001629,563,2024-06-21 07:00:00,-0.29013297585244835,563,True
1001629,563,2024-06-21 08:00:00,-0.29013297585244835,563,True
1001629,563,2024-06-21 09:00:00,-0.29013297585244835,563,True
1001629,563,2024-06-21 10:00:00,-0.29013297585244835,563,True
1001629,563,2024-06-21 11:00:00,-0.29013297585244835,563,True
1001629,563,2024-06-21 12:00:00,-0.29013297585244835,563,True
1001629,563,2024-06-21 13:00:00,-0.29013297585244835,563,True
1001629,563,2024-06-21 14:00:00,-0.29013297585244835,563,True
1001629,563,2024-06-21 15:00:00,-0.29013297585244835,563,True
1001629,563,2024-06-21 16:00:00,-0.29013297585244835,563,True
1001629,563,2024-06-21 17:00:00,-0.29013297585244835,563,True
1001629,563,2024-06-21 18:00:00,-0.29013297585244835,563,True
1001629,563,2024-06-21 19:00:00,-0.29013297585244835,563,True
1001629,563,2024-06-21 20:00:00,-0.29013297585244835,563,True
1001629,563,2024-06-21 21:00:00,-0.29013297585244835,563,True
1001629,563,2024-06-21 22:00:00,-0.29013297585244835,563,True
1001629,563,2024-06-21 23:00:00,-0.29013297585244835,563,True
1001629,563,2024-06-22 00:00:00,-0.29013297585244835,563,True
1001629,563,2024-06-22 01:00:00,-0.29013297585244835,563,True
1001629,563,2024-06-22 02:00:00,-0.29013297585244835,563,True
1001629,563,2024-06-22 03:00:00,-0.29013297585244835,563,True
1001629,563,2024-06-22 04:00:00,-0.29013297585244835,563,True
1001629,563,2024-06-22 05:00:00,-0.29013297585244835,563,True
1001629,563,2024-06-22 06:00:00,-0.29013297585244835,563,True
1001629,563,2024-06-22 07:00:00,-0.29013297585244835,563,True
1001629,563,2024-06-22 08:00:00,-0.29013297585244835,563,True
1001629,563,2024-06-22 09:00:00,-0.29013297585244835,563,True
1001629,563,2024-06-22 10:00:00,-0.29013297585244835,563,True
1001629,563,2024-06-22 11:00:00,-0.22632366157562123,563,True
1001629,563,2024-06-22 12:00:00,0.028913595531687295,563,True
1001629,563,2024-06-22 13:00:00,0.2203415383621687,563,True
1001629,563,2024-06-22 14:00:00,0.6031974240231315,563,True
1001629,563,2024-06-22 15:00:00,1.30509988106823,563,True
1001629,563,2024-06-22 16:00:00,3.0279513665425624,563,True
1001629,563,2024-06-22 17:00:00,4.112709709248624,563,True
1001629,563,2024-06-22 18:00:00,4.559374909186413,563,True
1001629,563,2024-06-22 19:00:00,4.814612166293722,563,True
1001629,563,2024-06-22 20:00:00,4.814612166293722,563,True
1001629,563,2024-06-22 21:00:00,4.814612166293722,563,True
1001629,563,2024-06-22 22:00:00,4.814612166293722,563,True
1001629,563,2024-06-22 23:00:00,5.0060401091242035,563,True
1001630,563,2024-06-15 00:00:00,-0.29013297585244835,563,True
1001630,563,2024-06-15 01:00:00,-0.29013297585244835,563,True
1001630,563,2024-06-15 02:00:00,-0.29013297585244835,563,True
1001630,563,2024-06-15 03:00:00,-0.29013297585244835,563,True
1001630,563,2024-06-15 04:00:00,-0.29013297585244835,563,True
1001630,563,2024-06-15 05:00:00,-0.29013297585244835,563,True
1001630,563,2024-06-15 06:00:00,-0.29013297585244835,563,True
1001630,563,2024-06-15 07:00:00,-0.29013297585244835,563,True
1001630,563,2024-06-15 08:00:00,-0.29013297585244835,563,True
1001630,563,2024-06-15 09:00:00,-0.29013297585244835,563,True
1001630,563,2024-06-15 10:00:00,-0.29013297585244835,563,True
1001630,563,2024-06-15 11:00:00,-0.29013297585244835,563,True
1001630,563,2024-06-15 12:00:00,-0.29013297585244835,563,True
1001630,563,2024-06-15 13:00:00,-0.29013297585244835,563,True
1001630,563,2024-06-15 14:00:00,-0.29013297585244835,563,True
1001630,563,2024-06-15 15:00:00,-0.29013297585244835,563,True
1001630,563,2024-06-15 16:00:00,0.6031974240231315,563,True
1001630,563,2024-06-15 17:00:00,0.7308160525767857,563,True
1001630,563,2024-06-15 18:00:00,0.7308160525767857,563,True
1001630,563,2024-06-15 19:00:00,1.2412905667914027,563,True
1001630,563,2024-06-15 20:00:00,1.30509988106823,563,True
1001630,563,2024-06-15 21:00:00,1.30509988106823,563,True
1001630,563,2024-06-15 22:00:00,1.30509988106823,563,True
1001630,563,2024-06-15 23:00:00,1.30509988106823,563,True
1001630,563,2024-06-16 00:00:00,1.368909195345057,563,True
1001630,563,2024-06-16 01:00:00,-0.22632366157562123,563,True
1001630,563,2024-06-16 02:00:00,-0.22632366157562123,563,True
1001630,563,2024-06-16 03:00:00,-0.22632366157562123,563,True
1001630,563,2024-06-16 04:00:00,-0.22632366157562123,563,True
1001630,563,2024-06-16 05:00:00,-0.22632366157562123,563,True
1001630,563,2024-06-16 06:00:00,-0.22632366157562123,563,True
1001630,563,2024-06-16 07:00:00,-0.22632366157562123,563,True
1001630,563,2024-06-16 08:00:00,-0.22632366157562123,563,True
1001630,563,2024-06-16 09:00:00,-0.22632366157562123,563,True
1001630,563,2024-06-16 10:00:00,-0.22632366157562123,563,True
1001630,563,2024-06-16 11:00:00,-0.22632366157562123,563,True
1001630,563,2024-06-16 12:00:00,-0.22632366157562123,563,True
1001630,563,2024-06-16 13:00:00,-0.22632366157562123,563,True
1001630,563,2024-06-16 14:00:00,-0.22632366157562123,563,True
1001630,563,2024-06-16 15:00:00,-0.22632366157562123,563,True
1001630,563,2024-06-16 16:00:00,-0.22632366157562123,563,True
1001630,563,2024-06-16 17:00:00,-0.22632366157562123,563,True
1001630,563,2024-06-16 18:00:00,-0.22632366157562123,563,True
1001630,563,2024-06-16 19:00:00,-0.22632366157562123,563,True
1001630,563,2024-06-16 20:00:00,-0.22632366157562123,563,True
1001630,563,2024-06-16 21:00:00,-0.22632366157562123,563,True
1001630,563,2024-06-16 22:00:00,-0.22632366157562123,563,True
1001630,563,2024-06-16 23:00:00,-0.22632366157562123,563,True
1001630,563,2024-06-17 00:00:00,-0.22632366157562123,563,True
1001630,563,2024-06-17 01:00:00,-0.29013297585244835,563,True
1001630,563,2024-06-17 02:00:00,-0.29013297585244835,563,True
1001630,563,2024-06-17 03:00:00,-0.29013297585244835,563,True
1001630,563,2024-06-17 04:00:00,-0.29013297585244835,563,True
1001630,563,2024-06-17 05:00:00,-0.29013297585244835,563,True
1001630,563,2024-06-17 06:00:00,-0.29013297585244835,563,True
1001630,563,2024-06-17 07:00:00,-0.29013297585244835,563,True
1001630,563,2024-06-17 08:00:00,-0.29013297585244835,563,True
1001630,563,2024-06-17 09:00:00,-0.29013297585244835,563,True
1001630,563,2024-06-17 10:00:00,-0.29013297585244835,563,True
1001630,563,2024-06-17 11:00:00,-0.29013297585244835,563,True
1001630,563,2024-06-17 12:00:00,-0.29013297585244835,563,True
1001630,563,2024-06-17 13:00:00,-0.29013297585244835,563,True
1001630,563,2024-06-17 14:00:00,-0.29013297585244835,563,True
1001630,563,2024-06-17 15:00:00,-0.29013297585244835,563,True
1001630,563,2024-06-17 16:00:00,-0.29013297585244835,563,True
1001630,563,2024-06-17 17:00:00,-0.29013297585244835,563,True
1001630,563,2024-06-17 18:00:00,-0.29013297585244835,563,True
1001630,563,2024-06-17 19:00:00,-0.29013297585244835,563,True
1001630,563,2024-06-17 20:00:00,-0.29013297585244835,563,True
1001630,563,2024-06-17 21:00:00,-0.29013297585244835,563,True
1001630,563,2024-06-17 22:00:00,-0.29013297585244835,563,True
1001630,563,2024-06-17 23:00:00,-0.29013297585244835,563,True
1001630,563,2024-06-18 00:00:00,-0.29013297585244835,563,True
1001630,563,2024-06-18 01:00:00,-0.29013297585244835,563,True
1001630,563,2024-06-18 02:00:00,-0.29013297585244835,563,True
1001630,563,2024-06-18 03:00:00,-0.29013297585244835,563,True
1001630,563,2024-06-18 04:00:00,-0.29013297585244835,563,True
1001630,563,2024-06-18 05:00:00,-0.29013297585244835,563,True
1001630,563,2024-06-18 06:00:00,-0.29013297585244835,563,True
1001630,563,2024-06-18 07:00:00,-0.29013297585244835,563,True
1001630,563,2024-06-18 08:00:00,-0.29013297585244835,563,True
1001630,563,2024-06-18 09:00:00,-0.29013297585244835,563,True
1001630,563,2024-06-18 10:00:00,-0.29013297585244835,563,True
1001630,563,2024-06-18 11:00:00,-0.29013297585244835,563,True
1001630,563,2024-06-18 12:00:00,-0.29013297585244835,563,True
1001630,563,2024-06-18 13:00:00,-0.29013297585244835,563,True
1001630,563,2024-06-18 14:00:00,-0.29013297585244835,563,True
1001630,563,2024-06-18 15:00:00,-0.29013297585244835,563,True
1001630,563,2024-06-18 16:00:00,-0.29013297585244835,563,True
1001630,563,2024-06-18 17:00:00,-0.29013297585244835,563,True
1001630,563,2024-06-18 18:00:00,-0.29013297585244835,563,True
1001630,563,2024-06-18 19:00:00,-0.29013297585244835,563,True
1001630,563,2024-06-18 20:00:00,-0.29013297585244835,563,True
1001630,563,2024-06-18 21:00:00,-0.29013297585244835,563,True
1001630,563,2024-06-18 22:00:00,-0.29013297585244835,563,True
1001630,563,2024-06-18 23:00:00,-0.29013297585244835,563,True
1001630,563,2024-06-19 00:00:00,-0.29013297585244835,563,True
1001630,563,2024-06-19 01:00:00,-0.29013297585244835,563,True
1001630,563,2024-06-19 02:00:00,-0.29013297585244835,563,True
1001630,563,2024-06-19 03:00:00,-0.29013297585244835,563,True
1001630,563,2024-06-19 04:00:00,-0.29013297585244835,563,True
1001630,563,2024-06-19 05:00:00,-0.29013297585244835,563,True
1001630,563,2024-06-19 06:00:00,-0.29013297585244835,563,True
1001630,563,2024-06-19 07:00:00,-0.29013297585244835,563,True
1001630,563,2024-06-19 08:00:00,-0.29013297585244835,563,True
1001630,563,2024-06-19 09:00:00,-0.29013297585244835,563,True
1001630,563,2024-06-19 10:00:00,-0.29013297585244835,563,True
1001630,563,2024-06-19 11:00:00,-0.29013297585244835,563,True
1001630,563,2024-06-19 12:00:00,-0.29013297585244835,563,True
1001630,563,2024-06-19 13:00:00,-0.29013297585244835,563,True
1001630,563,2024-06-19 14:00:00,-0.29013297585244835,563,True
1001630,563,2024-06-19 15:00:00,-0.29013297585244835,563,True
1001630,563,2024-06-19 16:00:00,-0.29013297585244835,563,True
1001630,563,2024-06-19 17:00:00,-0.29013297585244835,563,True
1001630,563,2024-06-19 18:00:00,-0.29013297585244835,563,True
1001630,563,2024-06-19 19:00:00,-0.29013297585244835,563,True
1001630,563,2024-06-19 20:00:00,-0.29013297585244835,563,True
1001630,563,2024-06-19 21:00:00,-0.29013297585244835,563,True
1001630,563,2024-06-19 22:00:00,-0.29013297585244835,563,True
1001630,563,2024-06-19 23:00:00,-0.29013297585244835,563,True
1001630,563,2024-06-20 00:00:00,-0.29013297585244835,563,True
1001630,563,2024-06-20 01:00:00,-0.29013297585244835,563,True
1001630,563,2024-06-20 02:00:00,-0.29013297585244835,563,True
1001630,563,2024-06-20 03:00:00,-0.29013297585244835,563,True
1001630,563,2024-06-20 04:00:00,-0.29013297585244835,563,True
1001630,563,2024-06-20 05:00:00,-0.29013297585244835,563,True
1001630,563,2024-06-20 06:00:00,-0.29013297585244835,563,True
1001630,563,2024-06-20 07:00:00,-0.29013297585244835,563,True
1001630,563,2024-06-20 08:00:00,-0.29013297585244835,563,True
1001630,563,2024-06-20 09:00:00,-0.29013297585244835,563,True
1001630,563,2024-06-20 10:00:00,-0.29013297585244835,563,True
1001630,563,2024-06-20 11:00:00,-0.29013297585244835,563,True
1001630,563,2024-06-20 12:00:00,-0.29013297585244835,563,True
1001630,563,2024-06-20 13:00:00,-0.29013297585244835,563,True
1001630,563,2024-06-20 14:00:00,-0.29013297585244835,563,True
1001630,563,2024-06-20 15:00:00,-0.29013297585244835,563,True
1001630,563,2024-06-20 16:00:00,-0.29013297585244835,563,True
1001630,563,2024-06-20 17:00:00,-0.29013297585244835,563,True
1001630,563,2024-06-20 18:00:00,-0.29013297585244835,563,True
1001630,563,2024-06-20 19:00:00,-0.29013297585244835,563,True
1001630,563,2024-06-20 20:00:00,-0.29013297585244835,563,True
1001630,563,2024-06-20 21:00:00,-0.29013297585244835,563,True
1001630,563,2024-06-20 22:00:00,-0.29013297585244835,563,True
1001630,563,2024-06-20 23:00:00,-0.29013297585244835,563,True
1001630,563,2024-06-21 00:00:00,-0.29013297585244835,563,True
1001630,563,2024-06-21 01:00:00,-0.29013297585244835,563,True
1001630,563,2024-06-21 02:00:00,-0.29013297585244835,563,True
1001630,563,2024-06-21 03:00:00,-0.29013297585244835,563,True
1001630,563,2024-06-21 04:00:00,-0.29013297585244835,563,True
1001630,563,2024-06-21 05:00:00,-0.29013297585244835,563,True
1001630,563,2024-06-21 06:00:00,-0.29013297585244835,563,True
1001630,563,2024-06-21 07:00:00,-0.29013297585244835,563,True
1001630,563,2024-06-21 08:00:00,-0.29013297585244835,563,True
1001630,563,2024-06-21 09:00:00,-0.29013297585244835,563,True
1001630,563,2024-06-21 10:00:00,-0.29013297585244835,563,True
1001630,563,2024-06-21 11:00:00,-0.29013297585244835,563,True
1001630,563,2024-06-21 12:00:00,-0.29013297585244835,563,True
1001630,563,2024-06-21 13:00:00,-0.29013297585244835,563,True
1001630,563,2024-06-21 14:00:00,-0.29013297585244835,563,True
1001630,563,2024-06-21 15:00:00,-0.29013297585244835,563,True
1001630,563,2024-06-21 16:00:00,-0.29013297585244835,563,True
1001630,563,2024-06-21 17:00:00,-0.29013297585244835,563,True
1001630,563,2024-06-21 18:00:00,-0.29013297585244835,563,True
1001630,563,2024-06-21 19:00:00,-0.29013297585244835,563,True
1001630,563,2024-06-21 20:00:00,-0.29013297585244835,563,True
1001630,563,2024-06-21 21:00:00,-0.29013297585244835,563,True
1001630,563,2024-06-21 22:00:00,-0.29013297585244835,563,True
1001630,563,2024-06-21 23:00:00,-0.29013297585244835,563,True
1001630,563,2024-06-22 00:00:00,-0.29013297585244835,563,True
1001630,563,2024-06-22 01:00:00,-0.29013297585244835,563,True
1001630,563,2024-06-22 02:00:00,-0.29013297585244835,563,True
1001630,563,2024-06-22 03:00:00,-0.29013297585244835,563,True
1001630,563,2024-06-22 04:00:00,-0.29013297585244835,563,True
1001630,563,2024-06-22 05:00:00,-0.29013297585244835,563,True
1001630,563,2024-06-22 06:00:00,-0.29013297585244835,563,True
1001630,563,2024-06-22 07:00:00,-0.29013297585244835,563,True
1001630,563,2024-06-22 08:00:00,-0.29013297585244835,563,True
1001630,563,2024-06-22 09:00:00,-0.29013297585244835,563,True
1001630,563,2024-06-22 10:00:00,-0.29013297585244835,563,True
1001630,563,2024-06-22 11:00:00,-0.22632366157562123,563,True
1001630,563,2024-06-22 12:00:00,0.028913595531687295,563,True
1001630,563,2024-06-22 13:00:00,0.2203415383621687,563,True
1001630,563,2024-06-22 14:00:00,0.6031974240231315,563,True
1001630,563,2024-06-22 15:00:00,1.30509988106823,563,True
1001630,563,2024-06-22 16:00:00,3.0279513665425624,563,True
1001630,563,2024-06-22 17:00:00,4.112709709248624,563,True
1001630,563,2024-06-22 18:00:00,4.559374909186413,563,True
1001630,563,2024-06-22 19:00:00,4.814612166293722,563,True
1001630,563,2024-06-22 20:00:00,4.814612166293722,563,True
1001630,563,2024-06-22 21:00:00,4.814612166293722,563,True
1001630,563,2024-06-22 22:00:00,4.814612166293722,563,True
1001630,563,2024-06-22 23:00:00,5.0060401091242035,563,True
1001641,674,2024-06-15 00:00:00,-0.3849287937612241,674,True
1001641,674,2024-06-15 01:00:00,-0.3849287937612241,674,True
1001641,674,2024-06-15 02:00:00,-0.3849287937612241,674,True
1001641,674,2024-06-15 03:00:00,-0.3849287937612241,674,True
1001641,674,2024-06-15 04:00:00,-0.3849287937612241,674,True
1001641,674,2024-06-15 05:00:00,-0.3849287937612241,674,True
1001641,674,2024-06-15 06:00:00,-0.3849287937612241,674,True
1001641,674,2024-06-15 07:00:00,-0.3849287937612241,674,True
1001641,674,2024-06-15 08:00:00,-0.3849287937612241,674,True
1001641,674,2024-06-15 09:00:00,-0.3849287937612241,674,True
1001641,674,2024-06-15 10:00:00,-0.3849287937612241,674,True
1001641,674,2024-06-15 11:00:00,-0.3849287937612241,674,True
1001641,674,2024-06-15 12:00:00,-0.3849287937612241,674,True
1001641,674,2024-06-15 13:00:00,-0.2147357519600611,674,True
1001641,674,2024-06-15 14:00:00,-0.0019944497086073786,674,True
1001641,674,2024-06-15 15:00:00,0.5085846756948815,674,True
1001641,674,2024-06-15 16:00:00,0.8489707592972074,674,True
1001641,674,2024-06-15 17:00:00,0.934067280197789,674,True
1001641,674,2024-06-15 18:00:00,0.934067280197789,674,True
1001641,674,2024-06-15 19:00:00,0.934067280197789,674,True
1001641,674,2024-06-15 20:00:00,0.934067280197789,674,True
1001641,674,2024-06-15 21:00:00,1.2319051033498243,674,True
1001641,674,2024-06-15 22:00:00,1.402098145150987,674,True
1001641,674,2024-06-15 23:00:00,1.57229118695215,674,True
1001641,674,2024-06-16 00:00:00,1.57229118695215,674,True
1001641,674,2024-06-16 01:00:00,0.21074685254284634,674,True
1001641,674,2024-06-16 02:00:00,0.3809398943440093,674,True
1001641,674,2024-06-16 03:00:00,0.3809398943440093,674,True
1001641,674,2024-06-16 04:00:00,0.3809398943440093,674,True
1001641,674,2024-06-16 05:00:00,0.3809398943440093,674,True
1001641,674,2024-06-16 06:00:00,0.3809398943440093,674,True
1001641,674,2024-06-16 07:00:00,0.3809398943440093,674,True
1001641,674,2024-06-16 08:00:00,0.3809398943440093,674,True
1001641,674,2024-06-16 09:00:00,0.3809398943440093,674,True
1001641,674,2024-06-16 10:00:00,0.3809398943440093,674,True
1001641,674,2024-06-16 11:00:00,0.3809398943440093,674,True
1001641,674,2024-06-16 12:00:00,0.3809398943440093,674,True
1001641,674,2024-06-16 13:00:00,0.3809398943440093,674,True
1001641,674,2024-06-16 14:00:00,0.3809398943440093,674,True
1001641,674,2024-06-16 15:00:00,0.3809398943440093,674,True
1001641,674,2024-06-16 16:00:00,0.3809398943440093,674,True
1001641,674,2024-06-16 17:00:00,0.3809398943440093,674,True
1001641,674,2024-06-16 18:00:00,0.3809398943440093,674,True
1001641,674,2024-06-16 19:00:00,0.3809398943440093,674,True
1001641,674,2024-06-16 20:00:00,0.3809398943440093,674,True
1001641,674,2024-06-16 21:00:00,0.3809398943440093,674,True
1001641,674,2024-06-16 22:00:00,0.3809398943440093,674,True
1001641,674,2024-06-16 23:00:00,0.3809398943440093,674,True
1001641,674,2024-06-17 00:00:00,0.3809398943440093,674,True
1001641,674,2024-06-17 01:00:00,-0.3849287937612241,674,True
1001641,674,2024-06-17 02:00:00,-0.3849287937612241,674,True
1001641,674,2024-06-17 03:00:00,-0.3849287937612241,674,True
1001641,674,2024-06-17 04:00:00,-0.3849287937612241,674,True
1001641,674,2024-06-17 05:00:00,-0.3849287937612241,674,True
1001641,674,2024-06-17 06:00:00,-0.3849287937612241,674,True
1001641,674,2024-06-17 07:00:00,-0.3849287937612241,674,True
1001641,674,2024-06-17 08:00:00,-0.3849287937612241,674,True
1001641,674,2024-06-17 09:00:00,-0.3849287937612241,674,True
1001641,674,2024-06-17 10:00:00,-0.3849287937612241,674,True
1001641,674,2024-06-17 11:00:00,-0.3849287937612241,674,True
1001641,674,2024-06-17 12:00:00,-0.3849287937612241,674,True
1001641,674,2024-06-17 13:00:00,-0.3849287937612241,674,True
1001641,674,2024-06-17 14:00:00,-0.3849287937612241,674,True
1001641,674,2024-06-17 15:00:00,-0.3849287937612241,674,True
1001641,674,2024-06-17 16:00:00,-0.3849287937612241,674,True
1001641,674,2024-06-17 17:00:00,-0.3849287937612241,674,True
1001641,674,2024-06-17 18:00:00,-0.3849287937612241,674,True
1001641,674,2024-06-17 19:00:00,-0.3849287937612241,674,True
1001641,674,2024-06-17 20:00:00,-0.3849287937612241,674,True
1001641,674,2024-06-17 21:00:00,-0.3849287937612241,674,True
1001641,674,2024-06-17 22:00:00,-0.3849287937612241,674,True
1001641,674,2024-06-17 23:00:00,-0.3849287937612241,674,True
1001641,674,2024-06-18 00:00:00,-0.3849287937612241,674,True
1001641,674,2024-06-18 01:00:00,-0.3849287937612241,674,True
1001641,674,2024-06-18 02:00:00,-0.3849287937612241,674,True
1001641,674,2024-06-18 03:00:00,-0.3849287937612241,674,True
1001641,674,2024-06-18 04:00:00,-0.3849287937612241,674,True
1001641,674,2024-06-18 05:00:00,-0.3849287937612241,674,True
1001641,674,2024-06-18 06:00:00,-0.3849287937612241,674,True
1001641,674,2024-06-18 07:00:00,-0.3849287937612241,674,True
1001641,674,2024-06-18 08:00:00,-0.3849287937612241,674,True
1001641,674,2024-06-18 09:00:00,-0.3849287937612241,674,True
1001641,674,2024-06-18 10:00:00,-0.3849287937612241,674,True
1001641,674,2024-06-18 11:00:00,-0.3849287937612241,674,True
1001641,674,2024-06-18 12:00:00,-0.3849287937612241,674,True
1001641,674,2024-06-18 13:00:00,-0.3849287937612241,674,True
1001641,674,2024-06-18 14:00:00,-0.3849287937612241,674,True
1001641,674,2024-06-18 15:00:00,-0.3849287937612241,674,True
1001641,674,2024-06-18 16:00:00,-0.3849287937612241,674,True
1001641,674,2024-06-18 17:00:00,-0.3849287937612241,674,True
1001641,674,2024-06-18 18:00:00,-0.3849287937612241,674,True
1001641,674,2024-06-18 19:00:00,-0.3849287937612241,674,True
1001641,674,2024-06-18 20:00:00,-0.3849287937612241,674,True
1001641,674,2024-06-18 21:00:00,-0.3849287937612241,674,True
1001641,674,2024-06-18 22:00:00,-0.3849287937612241,674,True
1001641,674,2024-06-18 23:00:00,-0.3849287937612241,674,True
1001641,674,2024-06-19 00:00:00,-0.3849287937612241,674,True
1001641,674,2024-06-19 01:00:00,-0.3849287937612241,674,True
1001641,674,2024-06-19 02:00:00,-0.3849287937612241,674,True
1001641,674,2024-06-19 03:00:00,-0.3849287937612241,674,True
1001641,674,2024-06-19 04:00:00,-0.3849287937612241,674,True
1001641,674,2024-06-19 05:00:00,-0.3849287937612241,674,True
1001641,674,2024-06-19 06:00:00,-0.3849287937612241,674,True
1001641,674,2024-06-19 07:00:00,-0.3849287937612241,674,True
1001641,674,2024-06-19 08:00:00,-0.3849287937612241,674,True
1001641,674,2024-06-19 09:00:00,-0.3849287937612241,674,True
1001641,674,2024-06-19 10:00:00,-0.3849287937612241,674,True
1001641,674,2024-06-19 11:00:00,-0.3849287937612241,674,True
1001641,674,2024-06-19 12:00:00,-0.3849287937612241,674,True
1001641,674,2024-06-19 13:00:00,-0.3849287937612241,674,True
1001641,674,2024-06-19 14:00:00,-0.3849287937612241,674,True
1001641,674,2024-06-19 15:00:00,-0.3849287937612241,674,True
1001641,674,2024-06-19 16:00:00,-0.3849287937612241,674,True
1001641,674,2024-06-19 17:00:00,-0.3849287937612241,674,True
1001641,674,2024-06-19 18:00:00,-0.3849287937612241,674,True
1001641,674,2024-06-19 19:00:00,-0.3849287937612241,674,True
1001641,674,2024-06-19 20:00:00,-0.3849287937612241,674,True
1001641,674,2024-06-19 21:00:00,-0.3849287937612241,674,True
1001641,674,2024-06-19 22:00:00,-0.3849287937612241,674,True
1001641,674,2024-06-19 23:00:00,-0.3849287937612241,674,True
1001641,674,2024-06-20 00:00:00,-0.3849287937612241,674,True
1001641,674,2024-06-20 01:00:00,-0.3849287937612241,674,True
1001641,674,2024-06-20 02:00:00,-0.3849287937612241,674,True
1001641,674,2024-06-20 03:00:00,-0.3849287937612241,674,True
1001641,674,2024-06-20 04:00:00,-0.3849287937612241,674,True
1001641,674,2024-06-20 05:00:00,-0.3849287937612241,674,True
1001641,674,2024-06-20 06:00:00,-0.3849287937612241,674,True
1001641,674,2024-06-20 07:00:00,-0.3849287937612241,674,True
1001641,674,2024-06-20 08:00:00,-0.3849287937612241,674,True
1001641,674,2024-06-20 09:00:00,-0.3849287937612241,674,True
1001641,674,2024-06-20 10:00:00,-0.3849287937612241,674,True
1001641,674,2024-06-20 11:00:00,-0.3849287937612241,674,True
1001641,674,2024-06-20 12:00:00,-0.3849287937612241,674,True
1001641,674,2024-06-20 13:00:00,-0.3849287937612241,674,True
1001641,674,2024-06-20 14:00:00,-0.3849287937612241,674,True
1001641,674,2024-06-20 15:00:00,-0.3849287937612241,674,True
1001641,674,2024-06-20 16:00:00,-0.3849287937612241,674,True
1001641,674,2024-06-20 17:00:00,-0.3849287937612241,674,True
1001641,674,2024-06-20 18:00:00,-0.3849287937612241,674,True
1001641,674,2024-06-20 19:00:00,-0.3849287937612241,674,True
1001641,674,2024-06-20 20:00:00,-0.3849287937612241,674,True
1001641,674,2024-06-20 21:00:00,-0.3849287937612241,674,True
1001641,674,2024-06-20 22:00:00,-0.3849287937612241,674,True
1001641,674,2024-06-20 23:00:00,-0.3849287937612241,674,True
1001641,674,2024-06-21 00:00:00,-0.3849287937612241,674,True
1001641,674,2024-06-21 01:00:00,-0.3849287937612241,674,True
1001641,674,2024-06-21 02:00:00,-0.3849287937612241,674,True
1001641,674,2024-06-21 03:00:00,-0.3849287937612241,674,True
1001641,674,2024-06-21 04:00:00,-0.3849287937612241,674,True
1001641,674,2024-06-21 05:00:00,-0.3849287937612241,674,True
1001641,674,2024-06-21 06:00:00,-0.3849287937612241,674,True
1001641,674,2024-06-21 07:00:00,-0.3849287937612241,674,True
1001641,674,2024-06-21 08:00:00,-0.3849287937612241,674,True
1001641,674,2024-06-21 09:00:00,-0.3849287937612241,674,True
1001641,674,2024-06-21 10:00:00,-0.3849287937612241,674,True
1001641,674,2024-06-21 11:00:00,-0.3849287937612241,674,True
1001641,674,2024-06-21 12:00:00,-0.3849287937612241,674,True
1001641,674,2024-06-21 13:00:00,-0.3849287937612241,674,True
1001641,674,2024-06-21 14:00:00,-0.3849287937612241,674,True
1001641,674,2024-06-21 15:00:00,-0.3849287937612241,674,True
1001641,674,2024-06-21 16:00:00,-0.3849287937612241,674,True
1001641,674,2024-06-21 17:00:00,-0.3849287937612241,674,True
1001641,674,2024-06-21 18:00:00,-0.3849287937612241,674,True
1001641,674,2024-06-21 19:00:00,-0.3849287937612241,674,True
1001641,674,2024-06-21 20:00:00,-0.3849287937612241,674,True
1001641,674,2024-06-21 21:00:00,-0.3849287937612241,674,True
1001641,674,2024-06-21 22:00:00,-0.3849287937612241,674,True
1001641,674,2024-06-21 23:00:00,-0.3849287937612241,674,True
1001641,674,2024-06-22 00:00:00,-0.3849287937612241,674,True
1001641,674,2024-06-22 01:00:00,-0.3849287937612241,674,True
1001641,674,2024-06-22 02:00:00,-0.3849287937612241,674,True
1001641,674,2024-06-22 03:00:00,-0.3849287937612241,674,True
1001641,674,2024-06-22 04:00:00,-0.3849287937612241,674,True
1001641,674,2024-06-22 05:00:00,-0.3849287937612241,674,True
1001641,674,2024-06-22 06:00:00,-0.3849287937612241,674,True
1001641,674,2024-06-22 07:00:00,-0.3849287937612241,674,True
1001641,674,2024-06-22 08:00:00,-0.3849287937612241,674,True
1001641,674,2024-06-22 09:00:00,-0.3849287937612241,674,True
1001641,674,2024-06-22 10:00:00,-0.3849287937612241,674,True
1001641,674,2024-06-22 11:00:00,-0.3423805333109333,674,True
1001641,674,2024-06-22 12:00:00,-0.29983227286064257,674,True
1001641,674,2024-06-22 13:00:00,-0.08709097060918887,674,True
1001641,674,2024-06-22 14:00:00,0.5511329361451723,674,True
1001641,674,2024-06-22 15:00:00,1.402098145150987,674,True
1001641,674,2024-06-22 16:00:00,2.423256395957965,674,True
1001641,674,2024-06-22 17:00:00,3.359318125864361,674,True
1001641,674,2024-06-22 18:00:00,4.252831595320467,674,True
1001641,674,2024-06-22 19:00:00,4.720862460273665,674,True
1001641,674,2024-06-22 20:00:00,4.7634107207239555,674,True
1001641,674,2024-06-22 21:00:00,4.805958981174246,674,True
1001641,674,2024-06-22 22:00:00,4.8910555020748285,674,True
1001641,674,2024-06-22 23:00:00,4.97615202297541,674,True
1001645,217,2024-06-15 00:00:00,-0.3797102684613583,217,True
1001645,217,2024-06-15 01:00:00,-0.3797102684613583,217,True
1001645,217,2024-06-15 02:00:00,-0.3797102684613583,217,True
1001645,217,2024-06-15 03:00:00,-0.3797102684613583,217,True
1001645,217,2024-06-15 04:00:00,-0.3797102684613583,217,True
1001645,217,2024-06-15 05:00:00,-0.3797102684613583,217,True
1001645,217,2024-06-15 06:00:00,-0.3797102684613583,217,True
1001645,217,2024-06-15 07:00:00,-0.3797102684613583,217,True
1001645,217,2024-06-15 08:00:00,-0.3797102684613583,217,True
1001645,217,2024-06-15 09:00:00,-0.3797102684613583,217,True
1001645,217,2024-06-15 10:00:00,-0.3797102684613583,217,True
1001645,217,2024-06-15 11:00:00,-0.3797102684613583,217,True
1001645,217,2024-06-15 12:00:00,-0.3797102684613583,217,True
1001645,217,2024-06-15 13:00:00,0.04977056538006026,217,True
1001645,217,2024-06-15 14:00:00,0.10345566961023764,217,True
1001645,217,2024-06-15 15:00:00,0.23766843018568096,217,True
1001645,217,2024-06-15 16:00:00,0.25556346492907334,217,True
1001645,217,2024-06-15 17:00:00,0.25556346492907334,217,True
1001645,217,2024-06-15 18:00:00,0.25556346492907334,217,True
1001645,217,2024-06-15 19:00:00,0.25556346492907334,217,True
1001645,217,2024-06-15 20:00:00,0.7924145072308465,217,True
1001645,217,2024-06-15 21:00:00,0.7924145072308465,217,True
1001645,217,2024-06-15 22:00:00,0.7924145072308465,217,True
1001645,217,2024-06-15 23:00:00,0.7924145072308465,217,True
1001645,217,2024-06-16 00:00:00,0.8550471288327203,217,True
1001645,217,2024-06-16 01:00:00,0.5418840208233525,217,True
1001645,217,2024-06-16 02:00:00,0.5418840208233525,217,True
1001645,217,2024-06-16 03:00:00,0.5418840208233525,217,True
1001645,217,2024-06-16 04:00:00,0.5418840208233525,217,True
1001645,217,2024-06-16 05:00:00,0.5418840208233525,217,True
1001645,217,2024-06-16 06:00:00,0.5418840208233525,217,True
1001645,217,2024-06-16 07:00:00,0.5418840208233525,217,True
1001645,217,2024-06-16 08:00:00,0.5418840208233525,217,True
1001645,217,2024-06-16 09:00:00,0.5418840208233525,217,True
1001645,217,2024-06-16 10:00:00,0.5418840208233525,217,True
1001645,217,2024-06-16 11:00:00,0.5418840208233525,217,True
1001645,217,2024-06-16 12:00:00,0.5418840208233525,217,True
1001645,217,2024-06-16 13:00:00,0.5418840208233525,217,True
1001645,217,2024-06-16 14:00:00,0.5418840208233525,217,True
1001645,217,2024-06-16 15:00:00,0.5418840208233525,217,True
1001645,217,2024-06-16 16:00:00,0.5418840208233525,217,True
1001645,217,2024-06-16 17:00:00,0.5418840208233525,217,True
1001645,217,2024-06-16 18:00:00,0.5418840208233525,217,True
1001645,217,2024-06-16 19:00:00,0.5418840208233525,217,True
1001645,217,2024-06-16 20:00:00,0.5418840208233525,217,True
1001645,217,2024-06-16 21:00:00,0.5418840208233525,217,True
1001645,217,2024-06-16 22:00:00,0.5418840208233525,217,True
1001645,217,2024-06-16 23:00:00,0.5418840208233525,217,True
1001645,217,2024-06-17 00:00:00,0.5418840208233525,217,True
1001645,217,2024-06-17 01:00:00,-0.3797102684613583,217,True
1001645,217,2024-06-17 02:00:00,-0.3797102684613583,217,True
1001645,217,2024-06-17 03:00:00,-0.3797102684613583,217,True
1001645,217,2024-06-17 04:00:00,-0.3797102684613583,217,True
1001645,217,2024-06-17 05:00:00,-0.3797102684613583,217,True
1001645,217,2024-06-17 06:00:00,-0.3797102684613583,217,True
1001645,217,2024-06-17 07:00:00,-0.3797102684613583,217,True
1001645,217,2024-06-17 08:00:00,-0.3797102684613583,217,True
1001645,217,2024-06-17 09:00:00,-0.3797102684613583,217,True
1001645,217,2024-06-17 10:00:00,-0.3797102684613583,217,True
1001645,217,2024-06-17 11:00:00,-0.3797102684613583,217,True
1001645,217,2024-06-17 12:00:00,-0.3797102684613583,217,True
1001645,217,2024-06-17 13:00:00,-0.3797102684613583,217,True
1001645,217,2024-06-17 14:00:00,-0.3797102684613583,217,True
1001645,217,2024-06-17 15:00:00,-0.3797102684613583,217,True
1001645,217,2024-06-17 16:00:00,-0.3797102684613583,217,True
1001645,217,2024-06-17 17:00:00,-0.3797102684613583,217,True
1001645,217,2024-06-17 18:00:00,-0.3797102684613583,217,True
1001645,217,2024-06-17 19:00:00,-0.3797102684613583,217,True
1001645,217,2024-06-17 20:00:00,-0.3797102684613583,217,True
1001645,217,2024-06-17 21:00:00,-0.3797102684613583,217,True
1001645,217,2024-06-17 22:00:00,-0.3797102684613583,217,True
1001645,217,2024-06-17 23:00:00,-0.3797102684613583,217,True
1001645,217,2024-06-18 00:00:00,-0.3797102684613583,217,True
1001645,217,2024-06-18 01:00:00,-0.3797102684613583,217,True
1001645,217,2024-06-18 02:00:00,-0.3797102684613583,217,True
1001645,217,2024-06-18 03:00:00,-0.3797102684613583,217,True
1001645,217,2024-06-18 04:00:00,-0.3797102684613583,217,True
1001645,217,2024-06-18 05:00:00,-0.3797102684613583,217,True
1001645,217,2024-06-18 06:00:00,-0.3797102684613583,217,True
1001645,217,2024-06-18 07:00:00,-0.3797102684613583,217,True
1001645,217,2024-06-18 08:00:00,-0.3797102684613583,217,True
1001645,217,2024-06-18 09:00:00,-0.3797102684613583,217,True
1001645,217,2024-06-18 10:00:00,-0.3797102684613583,217,True
1001645,217,2024-06-18 11:00:00,-0.3797102684613583,217,True
1001645,217,2024-06-18 12:00:00,-0.3797102684613583,217,True
1001645,217,2024-06-18 13:00:00,-0.3797102684613583,217,True
1001645,217,2024-06-18 14:00:00,-0.3797102684613583,217,True
1001645,217,2024-06-18 15:00:00,-0.3797102684613583,217,True
1001645,217,2024-06-18 16:00:00,-0.3797102684613583,217,True
1001645,217,2024-06-18 17:00:00,-0.3797102684613583,217,True
1001645,217,2024-06-18 18:00:00,-0.3797102684613583,217,True
1001645,217,2024-06-18 19:00:00,-0.3797102684613583,217,True
1001645,217,2024-06-18 20:00:00,-0.3797102684613583,217,True
1001645,217,2024-06-18 21:00:00,-0.3797102684613583,217,True
1001645,217,2024-06-18 22:00:00,-0.3797102684613583,217,True
1001645,217,2024-06-18 23:00:00,-0.3797102684613583,217,True
1001645,217,2024-06-19 00:00:00,-0.3797102684613583,217,True
1001645,217,2024-06-19 01:00:00,-0.3797102684613583,217,True
1001645,217,2024-06-19 02:00:00,-0.3797102684613583,217,True
1001645,217,2024-06-19 03:00:00,-0.3797102684613583,217,True
1001645,217,2024-06-19 04:00:00,-0.3797102684613583,217,True
1001645,217,2024-06-19 05:00:00,-0.3797102684613583,217,True
1001645,217,2024-06-19 06:00:00,-0.3797102684613583,217,True
1001645,217,2024-06-19 07:00:00,-0.3797102684613583,217,True
1001645,217,2024-06-19 08:00:00,-0.3797102684613583,217,True
1001645,217,2024-06-19 09:00:00,-0.3797102684613583,217,True
1001645,217,2024-06-19 10:00:00,-0.3797102684613583,217,True
1001645,217,2024-06-19 11:00:00,-0.3797102684613583,217,True
1001645,217,2024-06-19 12:00:00,-0.3797102684613583,217,True
1001645,217,2024-06-19 13:00:00,-0.3797102684613583,217,True
1001645,217,2024-06-19 14:00:00,-0.3797102684613583,217,True
1001645,217,2024-06-19 15:00:00,-0.3797102684613583,217,True
1001645,217,2024-06-19 16:00:00,-0.3797102684613583,217,True
1001645,217,2024-06-19 17:00:00,-0.3797102684613583,217,True
1001645,217,2024-06-19 18:00:00,-0.3797102684613583,217,True
1001645,217,2024-06-19 19:00:00,-0.3797102684613583,217,True
1001645,217,2024-06-19 20:00:00,-0.3797102684613583,217,True
1001645,217,2024-06-19 21:00:00,-0.3797102684613583,217,True
1001645,217,2024-06-19 22:00:00,-0.3797102684613583,217,True
1001645,217,2024-06-19 23:00:00,-0.3797102684613583,217,True
1001645,217,2024-06-20 00:00:00,-0.3797102684613583,217,True
1001645,217,2024-06-20 01:00:00,-0.3797102684613583,217,True
1001645,217,2024-06-20 02:00:00,-0.3797102684613583,217,True
1001645,217,2024-06-20 03:00:00,-0.3797102684613583,217,True
1001645,217,2024-06-20 04:00:00,-0.3797102684613583,217,True
1001645,217,2024-06-20 05:00:00,-0.3797102684613583,217,True
1001645,217,2024-06-20 06:00:00,-0.3797102684613583,217,True
1001645,217,2024-06-20 07:00:00,-0.3797102684613583,217,True
1001645,217,2024-06-20 08:00:00,-0.3797102684613583,217,True
1001645,217,2024-06-20 09:00:00,-0.3797102684613583,217,True
1001645,217,2024-06-20 10:00:00,-0.3797102684613583,217,True
1001645,217,2024-06-20 11:00:00,-0.3797102684613583,217,True
1001645,217,2024-06-20 12:00:00,-0.3797102684613583,217,True
1001645,217,2024-06-20 13:00:00,-0.3797102684613583,217,True
1001645,217,2024-06-20 14:00:00,-0.3797102684613583,217,True
1001645,217,2024-06-20 15:00:00,-0.3797102684613583,217,True
1001645,217,2024-06-20 16:00:00,-0.3797102684613583,217,True
1001645,217,2024-06-20 17:00:00,-0.3797102684613583,217,True
1001645,217,2024-06-20 18:00:00,-0.3797102684613583,217,True
1001645,217,2024-06-20 19:00:00,-0.3797102684613583,217,True
1001645,217,2024-06-20 20:00:00,-0.3797102684613583,217,True
1001645,217,2024-06-20 21:00:00,-0.3797102684613583,217,True
1001645,217,2024-06-20 22:00:00,-0.3797102684613583,217,True
1001645,217,2024-06-20 23:00:00,-0.3797102684613583,217,True
1001645,217,2024-06-21 00:00:00,-0.3797102684613583,217,True
1001645,217,2024-06-21 01:00:00,-0.3797102684613583,217,True
1001645,217,2024-06-21 02:00:00,-0.3797102684613583,217,True
1001645,217,2024-06-21 03:00:00,-0.3797102684613583,217,True
1001645,217,2024-06-21 04:00:00,-0.3797102684613583,217,True
1001645,217,2024-06-21 05:00:00,-0.3797102684613583,217,True
1001645,217,2024-06-21 06:00:00,-0.3797102684613583,217,True
1001645,217,2024-06-21 07:00:00,-0.3797102684613583,217,True
1001645,217,2024-06-21 08:00:00,-0.3797102684613583,217,True
1001645,217,2024-06-21 09:00:00,-0.3797102684613583,217,True
1001645,217,2024-06-21 10:00:00,-0.3797102684613583,217,True
1001645,217,2024-06-21 11:00:00,-0.3797102684613583,217,True
1001645,217,2024-06-21 12:00:00,-0.3797102684613583,217,True
1001645,217,2024-06-21 13:00:00,-0.3797102684613583,217,True
1001645,217,2024-06-21 14:00:00,-0.3797102684613583,217,True
1001645,217,2024-06-21 15:00:00,-0.3797102684613583,217,True
1001645,217,2024-06-21 16:00:00,-0.3797102684613583,217,True
1001645,217,2024-06-21 17:00:00,-0.3797102684613583,217,True
1001645,217,2024-06-21 18:00:00,-0.3797102684613583,217,True
1001645,217,2024-06-21 19:00:00,-0.3797102684613583,217,True
1001645,217,2024-06-21 20:00:00,-0.3797102684613583,217,True
1001645,217,2024-06-21 21:00:00,-0.3797102684613583,217,True
1001645,217,2024-06-21 22:00:00,-0.3797102684613583,217,True
1001645,217,2024-06-21 23:00:00,-0.3797102684613583,217,True
1001645,217,2024-06-22 00:00:00,-0.3797102684613583,217,True
1001645,217,2024-06-22 01:00:00,-0.3797102684613583,217,True
1001645,217,2024-06-22 02:00:00,-0.3797102684613583,217,True
1001645,217,2024-06-22 03:00:00,-0.3797102684613583,217,True
1001645,217,2024-06-22 04:00:00,-0.3797102684613583,217,True
1001645,217,2024-06-22 05:00:00,-0.3797102684613583,217,True
1001645,217,2024-06-22 06:00:00,-0.3797102684613583,217,True
1001645,217,2024-06-22 07:00:00,-0.3797102684613583,217,True
1001645,217,2024-06-22 08:00:00,-0.3797102684613583,217,True
1001645,217,2024-06-22 09:00:00,-0.3797102684613583,217,True
1001645,217,2024-06-22 10:00:00,-0.3797102684613583,217,True
1001645,217,2024-06-22 11:00:00,-0.3528677163462697,217,True
1001645,217,2024-06-22 12:00:00,-0.2812875773726999,217,True
1001645,217,2024-06-22 13:00:00,-0.12917978205386416,217,True
1001645,217,2024-06-22 14:00:00,0.43451381236299774,217,True
1001645,217,2024-06-22 15:00:00,1.0876825804968218,217,True
1001645,217,2024-06-22 16:00:00,2.5908654989417874,217,True
1001645,217,2024-06-22 17:00:00,3.5482498577132824,217,True
1001645,217,2024-06-22 18:00:00,4.586161872830044,217,True
1001645,217,2024-06-22 19:00:00,4.800902289750754,217,True
1001645,217,2024-06-22 20:00:00,4.80984980712245,217,True
1001645,217,2024-06-22 21:00:00,4.80984980712245,217,True
1001645,217,2024-06-22 22:00:00,4.917220015582805,217,True
1001645,217,2024-06-22 23:00:00,5.033537741414856,217,True
1001649,217,2024-06-15 00:00:00,-0.3797102684613583,217,True
1001649,217,2024-06-15 01:00:00,-0.3797102684613583,217,True
1001649,217,2024-06-15 02:00:00,-0.3797102684613583,217,True
1001649,217,2024-06-15 03:00:00,-0.3797102684613583,217,True
1001649,217,2024-06-15 04:00:00,-0.3797102684613583,217,True
1001649,217,2024-06-15 05:00:00,-0.3797102684613583,217,True
1001649,217,2024-06-15 06:00:00,-0.3797102684613583,217,True
1001649,217,2024-06-15 07:00:00,-0.3797102684613583,217,True
1001649,217,2024-06-15 08:00:00,-0.3797102684613583,217,True
1001649,217,2024-06-15 09:00:00,-0.3797102684613583,217,True
1001649,217,2024-06-15 10:00:00,-0.3797102684613583,217,True
1001649,217,2024-06-15 11:00:00,-0.3797102684613583,217,True
1001649,217,2024-06-15 12:00:00,-0.3797102684613583,217,True
1001649,217,2024-06-15 13:00:00,0.04977056538006026,217,True
1001649,217,2024-06-15 14:00:00,0.10345566961023764,217,True
1001649,217,2024-06-15 15:00:00,0.23766843018568096,217,True
1001649,217,2024-06-15 16:00:00,0.25556346492907334,217,True
1001649,217,2024-06-15 17:00:00,0.25556346492907334,217,True
1001649,217,2024-06-15 18:00:00,0.25556346492907334,217,True
1001649,217,2024-06-15 19:00:00,0.25556346492907334,217,True
1001649,217,2024-06-15 20:00:00,0.7924145072308465,217,True
1001649,217,2024-06-15 21:00:00,0.7924145072308465,217,True
1001649,217,2024-06-15 22:00:00,0.7924145072308465,217,True
1001649,217,2024-06-15 23:00:00,0.7924145072308465,217,True
1001649,217,2024-06-16 00:00:00,0.8550471288327203,217,True
1001649,217,2024-06-16 01:00:00,0.5418840208233525,217,True
1001649,217,2024-06-16 02:00:00,0.5418840208233525,217,True
1001649,217,2024-06-16 03:00:00,0.5418840208233525,217,True
1001649,217,2024-06-16 04:00:00,0.5418840208233525,217,True
1001649,217,2024-06-16 05:00:00,0.5418840208233525,217,True
1001649,217,2024-06-16 06:00:00,0.5418840208233525,217,True
1001649,217,2024-06-16 07:00:00,0.5418840208233525,217,True
1001649,217,2024-06-16 08:00:00,0.5418840208233525,217,True
1001649,217,2024-06-16 09:00:00,0.5418840208233525,217,True
1001649,217,2024-06-16 10:00:00,0.5418840208233525,217,True
1001649,217,2024-06-16 11:00:00,0.5418840208233525,217,True
1001649,217,2024-06-16 12:00:00,0.5418840208233525,217,True
1001649,217,2024-06-16 13:00:00,0.5418840208233525,217,True
1001649,217,2024-06-16 14:00:00,0.5418840208233525,217,True
1001649,217,2024-06-16 15:00:00,0.5418840208233525,217,True
1001649,217,2024-06-16 16:00:00,0.5418840208233525,217,True
1001649,217,2024-06-16 17:00:00,0.5418840208233525,217,True
1001649,217,2024-06-16 18:00:00,0.5418840208233525,217,True
1001649,217,2024-06-16 19:00:00,0.5418840208233525,217,True
1001649,217,2024-06-16 20:00:00,0.5418840208233525,217,True
1001649,217,2024-06-16 21:00:00,0.5418840208233525,217,True
1001649,217,2024-06-16 22:00:00,0.5418840208233525,217,True
1001649,217,2024-06-16 23:00:00,0.5418840208233525,217,True
1001649,217,2024-06-17 00:00:00,0.5418840208233525,217,True
1001649,217,2024-06-17 01:00:00,-0.3797102684613583,217,True
1001649,217,2024-06-17 02:00:00,-0.3797102684613583,217,True
1001649,217,2024-06-17 03:00:00,-0.3797102684613583,217,True
1001649,217,2024-06-17 04:00:00,-0.3797102684613583,217,True
1001649,217,2024-06-17 05:00:00,-0.3797102684613583,217,True
1001649,217,2024-06-17 06:00:00,-0.3797102684613583,217,True
1001649,217,2024-06-17 07:00:00,-0.3797102684613583,217,True
1001649,217,2024-06-17 08:00:00,-0.3797102684613583,217,True
1001649,217,2024-06-17 09:00:00,-0.3797102684613583,217,True
1001649,217,2024-06-17 10:00:00,-0.3797102684613583,217,True
1001649,217,2024-06-17 11:00:00,-0.3797102684613583,217,True
1001649,217,2024-06-17 12:00:00,-0.3797102684613583,217,True
1001649,217,2024-06-17 13:00:00,-0.3797102684613583,217,True
1001649,217,2024-06-17 14:00:00,-0.3797102684613583,217,True
1001649,217,2024-06-17 15:00:00,-0.3797102684613583,217,True
1001649,217,2024-06-17 16:00:00,-0.3797102684613583,217,True
1001649,217,2024-06-17 17:00:00,-0.3797102684613583,217,True
1001649,217,2024-06-17 18:00:00,-0.3797102684613583,217,True
1001649,217,2024-06-17 19:00:00,-0.3797102684613583,217,True
1001649,217,2024-06-17 20:00:00,-0.3797102684613583,217,True
1001649,217,2024-06-17 21:00:00,-0.3797102684613583,217,True
1001649,217,2024-06-17 22:00:00,-0.3797102684613583,217,True
1001649,217,2024-06-17 23:00:00,-0.3797102684613583,217,True
1001649,217,2024-06-18 00:00:00,-0.3797102684613583,217,True
1001649,217,2024-06-18 01:00:00,-0.3797102684613583,217,True
1001649,217,2024-06-18 02:00:00,-0.3797102684613583,217,True
1001649,217,2024-06-18 03:00:00,-0.3797102684613583,217,True
1001649,217,2024-06-18 04:00:00,-0.3797102684613583,217,True
1001649,217,2024-06-18 05:00:00,-0.3797102684613583,217,True
1001649,217,2024-06-18 06:00:00,-0.3797102684613583,217,True
1001649,217,2024-06-18 07:00:00,-0.3797102684613583,217,True
1001649,217,2024-06-18 08:00:00,-0.3797102684613583,217,True
1001649,217,2024-06-18 09:00:00,-0.3797102684613583,217,True
1001649,217,2024-06-18 10:00:00,-0.3797102684613583,217,True
1001649,217,2024-06-18 11:00:00,-0.3797102684613583,217,True
1001649,217,2024-06-18 12:00:00,-0.3797102684613583,217,True
1001649,217,2024-06-18 13:00:00,-0.3797102684613583,217,True
1001649,217,2024-06-18 14:00:00,-0.3797102684613583,217,True
1001649,217,2024-06-18 15:00:00,-0.3797102684613583,217,True
1001649,217,2024-06-18 16:00:00,-0.3797102684613583,217,True
1001649,217,2024-06-18 17:00:00,-0.3797102684613583,217,True
1001649,217,2024-06-18 18:00:00,-0.3797102684613583,217,True
1001649,217,2024-06-18 19:00:00,-0.3797102684613583,217,True
1001649,217,2024-06-18 20:00:00,-0.3797102684613583,217,True
1001649,217,2024-06-18 21:00:00,-0.3797102684613583,217,True
1001649,217,2024-06-18 22:00:00,-0.3797102684613583,217,True
1001649,217,2024-06-18 23:00:00,-0.3797102684613583,217,True
1001649,217,2024-06-19 00:00:00,-0.3797102684613583,217,True
1001649,217,2024-06-19 01:00:00,-0.3797102684613583,217,True
1001649,217,2024-06-19 02:00:00,-0.3797102684613583,217,True
1001649,217,2024-06-19 03:00:00,-0.3797102684613583,217,True
1001649,217,2024-06-19 04:00:00,-0.3797102684613583,217,True
1001649,217,2024-06-19 05:00:00,-0.3797102684613583,217,True
1001649,217,2024-06-19 06:00:00,-0.3797102684613583,217,True
1001649,217,2024-06-19 07:00:00,-0.3797102684613583,217,True
1001649,217,2024-06-19 08:00:00,-0.3797102684613583,217,True
1001649,217,2024-06-19 09:00:00,-0.3797102684613583,217,True
1001649,217,2024-06-19 10:00:00,-0.3797102684613583,217,True
1001649,217,2024-06-19 11:00:00,-0.3797102684613583,217,True
1001649,217,2024-06-19 12:00:00,-0.3797102684613583,217,True
1001649,217,2024-06-19 13:00:00,-0.3797102684613583,217,True
1001649,217,2024-06-19 14:00:00,-0.3797102684613583,217,True
1001649,217,2024-06-19 15:00:00,-0.3797102684613583,217,True
1001649,217,2024-06-19 16:00:00,-0.3797102684613583,217,True
1001649,217,2024-06-19 17:00:00,-0.3797102684613583,217,True
1001649,217,2024-06-19 18:00:00,-0.3797102684613583,217,True
1001649,217,2024-06-19 19:00:00,-0.3797102684613583,217,True
1001649,217,2024-06-19 20:00:00,-0.3797102684613583,217,True
1001649,217,2024-06-19 21:00:00,-0.3797102684613583,217,True
1001649,217,2024-06-19 22:00:00,-0.3797102684613583,217,True
1001649,217,2024-06-19 23:00:00,-0.3797102684613583,217,True
1001649,217,2024-06-20 00:00:00,-0.3797102684613583,217,True
1001649,217,2024-06-20 01:00:00,-0.3797102684613583,217,True
1001649,217,2024-06-20 02:00:00,-0.3797102684613583,217,True
1001649,217,2024-06-20 03:00:00,-0.3797102684613583,217,True
1001649,217,2024-06-20 04:00:00,-0.3797102684613583,217,True
1001649,217,2024-06-20 05:00:00,-0.3797102684613583,217,True
1001649,217,2024-06-20 06:00:00,-0.3797102684613583,217,True
1001649,217,2024-06-20 07:00:00,-0.3797102684613583,217,True
1001649,217,2024-06-20 08:00:00,-0.3797102684613583,217,True
1001649,217,2024-06-20 09:00:00,-0.3797102684613583,217,True
1001649,217,2024-06-20 10:00:00,-0.3797102684613583,217,True
1001649,217,2024-06-20 11:00:00,-0.3797102684613583,217,True
1001649,217,2024-06-20 12:00:00,-0.3797102684613583,217,True
1001649,217,2024-06-20 13:00:00,-0.3797102684613583,217,True
1001649,217,2024-06-20 14:00:00,-0.3797102684613583,217,True
1001649,217,2024-06-20 15:00:00,-0.3797102684613583,217,True
1001649,217,2024-06-20 16:00:00,-0.3797102684613583,217,True
1001649,217,2024-06-20 17:00:00,-0.3797102684613583,217,True
1001649,217,2024-06-20 18:00:00,-0.3797102684613583,217,True
1001649,217,2024-06-20 19:00:00,-0.3797102684613583,217,True
1001649,217,2024-06-20 20:00:00,-0.3797102684613583,217,True
1001649,217,2024-06-20 21:00:00,-0.3797102684613583,217,True
1001649,217,2024-06-20 22:00:00,-0.3797102684613583,217,True
1001649,217,2024-06-20 23:00:00,-0.3797102684613583,217,True
1001649,217,2024-06-21 00:00:00,-0.3797102684613583,217,True
1001649,217,2024-06-21 01:00:00,-0.3797102684613583,217,True
1001649,217,2024-06-21 02:00:00,-0.3797102684613583,217,True
1001649,217,2024-06-21 03:00:00,-0.3797102684613583,217,True
1001649,217,2024-06-21 04:00:00,-0.3797102684613583,217,True
1001649,217,2024-06-21 05:00:00,-0.3797102684613583,217,True
1001649,217,2024-06-21 06:00:00,-0.3797102684613583,217,True
1001649,217,2024-06-21 07:00:00,-0.3797102684613583,217,True
1001649,217,2024-06-21 08:00:00,-0.3797102684613583,217,True
1001649,217,2024-06-21 09:00:00,-0.3797102684613583,217,True
1001649,217,2024-06-21 10:00:00,-0.3797102684613583,217,True
1001649,217,2024-06-21 11:00:00,-0.3797102684613583,217,True
1001649,217,2024-06-21 12:00:00,-0.3797102684613583,217,True
1001649,217,2024-06-21 13:00:00,-0.3797102684613583,217,True
1001649,217,2024-06-21 14:00:00,-0.3797102684613583,217,True
1001649,217,2024-06-21 15:00:00,-0.3797102684613583,217,True
1001649,217,2024-06-21 16:00:00,-0.3797102684613583,217,True
1001649,217,2024-06-21 17:00:00,-0.3797102684613583,217,True
1001649,217,2024-06-21 18:00:00,-0.3797102684613583,217,True
1001649,217,2024-06-21 19:00:00,-0.3797102684613583,217,True
1001649,217,2024-06-21 20:00:00,-0.3797102684613583,217,True
1001649,217,2024-06-21 21:00:00,-0.3797102684613583,217,True
1001649,217,2024-06-21 22:00:00,-0.3797102684613583,217,True
1001649,217,2024-06-21 23:00:00,-0.3797102684613583,217,True
1001649,217,2024-06-22 00:00:00,-0.3797102684613583,217,True
1001649,217,2024-06-22 01:00:00,-0.3797102684613583,217,True
1001649,217,2024-06-22 02:00:00,-0.3797102684613583,217,True
1001649,217,2024-06-22 03:00:00,-0.3797102684613583,217,True
1001649,217,2024-06-22 04:00:00,-0.3797102684613583,217,True
1001649,217,2024-06-22 05:00:00,-0.3797102684613583,217,True
1001649,217,2024-06-22 06:00:00,-0.3797102684613583,217,True
1001649,217,2024-06-22 07:00:00,-0.3797102684613583,217,True
1001649,217,2024-06-22 08:00:00,-0.3797102684613583,217,True
1001649,217,2024-06-22 09:00:00,-0.3797102684613583,217,True
1001649,217,2024-06-22 10:00:00,-0.3797102684613583,217,True
1001649,217,2024-06-22 11:00:00,-0.3528677163462697,217,True
1001649,217,2024-06-22 12:00:00,-0.2812875773726999,217,True
1001649,217,2024-06-22 13:00:00,-0.12917978205386416,217,True
1001649,217,2024-06-22 14:00:00,0.43451381236299774,217,True
1001649,217,2024-06-22 15:00:00,1.0876825804968218,217,True
1001649,217,2024-06-22 16:00:00,2.5908654989417874,217,True
1001649,217,2024-06-22 17:00:00,3.5482498577132824,217,True
1001649,217,2024-06-22 18:00:00,4.586161872830044,217,True
1001649,217,2024-06-22 19:00:00,4.800902289750754,217,True
1001649,217,2024-06-22 20:00:00,4.80984980712245,217,True
1001649,217,2024-06-22 21:00:00,4.80984980712245,217,True
1001649,217,2024-06-22 22:00:00,4.917220015582805,217,True
1001649,217,2024-06-22 23:00:00,5.033537741414856,217,True
1001650,674,2024-06-15 00:00:00,-0.3849287937612241,674,True
1001650,674,2024-06-15 01:00:00,-0.3849287937612241,674,True
1001650,674,2024-06-15 02:00:00,-0.3849287937612241,674,True
1001650,674,2024-06-15 03:00:00,-0.3849287937612241,674,True
1001650,674,2024-06-15 04:00:00,-0.3849287937612241,674,True
1001650,674,2024-06-15 05:00:00,-0.3849287937612241,674,True
1001650,674,2024-06-15 06:00:00,-0.3849287937612241,674,True
1001650,674,2024-06-15 07:00:00,-0.3849287937612241,674,True
1001650,674,2024-06-15 08:00:00,-0.3849287937612241,674,True
1001650,674,2024-06-15 09:00:00,-0.3849287937612241,674,True
1001650,674,2024-06-15 10:00:00,-0.3849287937612241,674,True
1001650,674,2024-06-15 11:00:00,-0.3849287937612241,674,True
1001650,674,2024-06-15 12:00:00,-0.3849287937612241,674,True
1001650,674,2024-06-15 13:00:00,-0.2147357519600611,674,True
1001650,674,2024-06-15 14:00:00,-0.0019944497086073786,674,True
1001650,674,2024-06-15 15:00:00,0.5085846756948815,674,True
1001650,674,2024-06-15 16:00:00,0.8489707592972074,674,True
1001650,674,2024-06-15 17:00:00,0.934067280197789,674,True
1001650,674,2024-06-15 18:00:00,0.934067280197789,674,True
1001650,674,2024-06-15 19:00:00,0.934067280197789,674,True
1001650,674,2024-06-15 20:00:00,0.934067280197789,674,True
1001650,674,2024-06-15 21:00:00,1.2319051033498243,674,True
1001650,674,2024-06-15 22:00:00,1.402098145150987,674,True
1001650,674,2024-06-15 23:00:00,1.57229118695215,674,True
1001650,674,2024-06-16 00:00:00,1.57229118695215,674,True
1001650,674,2024-06-16 01:00:00,0.21074685254284634,674,True
1001650,674,2024-06-16 02:00:00,0.3809398943440093,674,True
1001650,674,2024-06-16 03:00:00,0.3809398943440093,674,True
1001650,674,2024-06-16 04:00:00,0.3809398943440093,674,True
1001650,674,2024-06-16 05:00:00,0.3809398943440093,674,True
1001650,674,2024-06-16 06:00:00,0.3809398943440093,674,True
1001650,674,2024-06-16 07:00:00,0.3809398943440093,674,True
1001650,674,2024-06-16 08:00:00,0.3809398943440093,674,True
1001650,674,2024-06-16 09:00:00,0.3809398943440093,674,True
1001650,674,2024-06-16 10:00:00,0.3809398943440093,674,True
1001650,674,2024-06-16 11:00:00,0.3809398943440093,674,True
1001650,674,2024-06-16 12:00:00,0.3809398943440093,674,True
1001650,674,2024-06-16 13:00:00,0.3809398943440093,674,True
1001650,674,2024-06-16 14:00:00,0.3809398943440093,674,True
1001650,674,2024-06-16 15:00:00,0.3809398943440093,674,True
1001650,674,2024-06-16 16:00:00,0.3809398943440093,674,True
1001650,674,2024-06-16 17:00:00,0.3809398943440093,674,True
1001650,674,2024-06-16 18:00:00,0.3809398943440093,674,True
1001650,674,2024-06-16 19:00:00,0.3809398943440093,674,True
1001650,674,2024-06-16 20:00:00,0.3809398943440093,674,True
1001650,674,2024-06-16 21:00:00,0.3809398943440093,674,True
1001650,674,2024-06-16 22:00:00,0.3809398943440093,674,True
1001650,674,2024-06-16 23:00:00,0.3809398943440093,674,True
1001650,674,2024-06-17 00:00:00,0.3809398943440093,674,True
1001650,674,2024-06-17 01:00:00,-0.3849287937612241,674,True
1001650,674,2024-06-17 02:00:00,-0.3849287937612241,674,True
1001650,674,2024-06-17 03:00:00,-0.3849287937612241,674,True
1001650,674,2024-06-17 04:00:00,-0.3849287937612241,674,True
1001650,674,2024-06-17 05:00:00,-0.3849287937612241,674,True
1001650,674,2024-06-17 06:00:00,-0.3849287937612241,674,True
1001650,674,2024-06-17 07:00:00,-0.3849287937612241,674,True
1001650,674,2024-06-17 08:00:00,-0.3849287937612241,674,True
1001650,674,2024-06-17 09:00:00,-0.3849287937612241,674,True
1001650,674,2024-06-17 10:00:00,-0.3849287937612241,674,True
1001650,674,2024-06-17 11:00:00,-0.3849287937612241,674,True
1001650,674,2024-06-17 12:00:00,-0.3849287937612241,674,True
1001650,674,2024-06-17 13:00:00,-0.3849287937612241,674,True
1001650,674,2024-06-17 14:00:00,-0.3849287937612241,674,True
1001650,674,2024-06-17 15:00:00,-0.3849287937612241,674,True
1001650,674,2024-06-17 16:00:00,-0.3849287937612241,674,True
1001650,674,2024-06-17 17:00:00,-0.3849287937612241,674,True
1001650,674,2024-06-17 18:00:00,-0.3849287937612241,674,True
1001650,674,2024-06-17 19:00:00,-0.3849287937612241,674,True
1001650,674,2024-06-17 20:00:00,-0.3849287937612241,674,True
1001650,674,2024-06-17 21:00:00,-0.3849287937612241,674,True
1001650,674,2024-06-17 22:00:00,-0.3849287937612241,674,True
1001650,674,2024-06-17 23:00:00,-0.3849287937612241,674,True
1001650,674,2024-06-18 00:00:00,-0.3849287937612241,674,True
1001650,674,2024-06-18 01:00:00,-0.3849287937612241,674,True
1001650,674,2024-06-18 02:00:00,-0.3849287937612241,674,True
1001650,674,2024-06-18 03:00:00,-0.3849287937612241,674,True
1001650,674,2024-06-18 04:00:00,-0.3849287937612241,674,True
1001650,674,2024-06-18 05:00:00,-0.3849287937612241,674,True
1001650,674,2024-06-18 06:00:00,-0.3849287937612241,674,True
1001650,674,2024-06-18 07:00:00,-0.3849287937612241,674,True
1001650,674,2024-06-18 08:00:00,-0.3849287937612241,674,True
1001650,674,2024-06-18 09:00:00,-0.3849287937612241,674,True
1001650,674,2024-06-18 10:00:00,-0.3849287937612241,674,True
1001650,674,2024-06-18 11:00:00,-0.3849287937612241,674,True
1001650,674,2024-06-18 12:00:00,-0.3849287937612241,674,True
1001650,674,2024-06-18 13:00:00,-0.3849287937612241,674,True
1001650,674,2024-06-18 14:00:00,-0.3849287937612241,674,True
1001650,674,2024-06-18 15:00:00,-0.3849287937612241,674,True
1001650,674,2024-06-18 16:00:00,-0.3849287937612241,674,True
1001650,674,2024-06-18 17:00:00,-0.3849287937612241,674,True
1001650,674,2024-06-18 18:00:00,-0.3849287937612241,674,True
1001650,674,2024-06-18 19:00:00,-0.3849287937612241,674,True
1001650,674,2024-06-18 20:00:00,-0.3849287937612241,674,True
1001650,674,2024-06-18 21:00:00,-0.3849287937612241,674,True
1001650,674,2024-06-18 22:00:00,-0.3849287937612241,674,True
1001650,674,2024-06-18 23:00:00,-0.3849287937612241,674,True
1001650,674,2024-06-19 00:00:00,-0.3849287937612241,674,True
1001650,674,2024-06-19 01:00:00,-0.3849287937612241,674,True
1001650,674,2024-06-19 02:00:00,-0.3849287937612241,674,True
1001650,674,2024-06-19 03:00:00,-0.3849287937612241,674,True
1001650,674,2024-06-19 04:00:00,-0.3849287937612241,674,True
1001650,674,2024-06-19 05:00:00,-0.3849287937612241,674,True
1001650,674,2024-06-19 06:00:00,-0.3849287937612241,674,True
1001650,674,2024-06-19 07:00:00,-0.3849287937612241,674,True
1001650,674,2024-06-19 08:00:00,-0.3849287937612241,674,True
1001650,674,2024-06-19 09:00:00,-0.3849287937612241,674,True
1001650,674,2024-06-19 10:00:00,-0.3849287937612241,674,True
1001650,674,2024-06-19 11:00:00,-0.3849287937612241,674,True
1001650,674,2024-06-19 12:00:00,-0.3849287937612241,674,True
1001650,674,2024-06-19 13:00:00,-0.3849287937612241,674,True
1001650,674,2024-06-19 14:00:00,-0.3849287937612241,674,True
1001650,674,2024-06-19 15:00:00,-0.3849287937612241,674,True
1001650,674,2024-06-19 16:00:00,-0.3849287937612241,674,True
1001650,674,2024-06-19 17:00:00,-0.3849287937612241,674,True
1001650,674,2024-06-19 18:00:00,-0.3849287937612241,674,True
1001650,674,2024-06-19 19:00:00,-0.3849287937612241,674,True
1001650,674,2024-06-19 20:00:00,-0.3849287937612241,674,True
1001650,674,2024-06-19 21:00:00,-0.3849287937612241,674,True
1001650,674,2024-06-19 22:00:00,-0.3849287937612241,674,True
1001650,674,2024-06-19 23:00:00,-0.3849287937612241,674,True
1001650,674,2024-06-20 00:00:00,-0.3849287937612241,674,True
1001650,674,2024-06-20 01:00:00,-0.3849287937612241,674,True
1001650,674,2024-06-20 02:00:00,-0.3849287937612241,674,True
1001650,674,2024-06-20 03:00:00,-0.3849287937612241,674,True
1001650,674,2024-06-20 04:00:00,-0.3849287937612241,674,True
1001650,674,2024-06-20 05:00:00,-0.3849287937612241,674,True
1001650,674,2024-06-20 06:00:00,-0.3849287937612241,674,True
1001650,674,2024-06-20 07:00:00,-0.3849287937612241,674,True
1001650,674,2024-06-20 08:00:00,-0.3849287937612241,674,True
1001650,674,2024-06-20 09:00:00,-0.3849287937612241,674,True
1001650,674,2024-06-20 10:00:00,-0.3849287937612241,674,True
1001650,674,2024-06-20 11:00:00,-0.3849287937612241,674,True
1001650,674,2024-06-20 12:00:00,-0.3849287937612241,674,True
1001650,674,2024-06-20 13:00:00,-0.3849287937612241,674,True
1001650,674,2024-06-20 14:00:00,-0.3849287937612241,674,True
1001650,674,2024-06-20 15:00:00,-0.3849287937612241,674,True
1001650,674,2024-06-20 16:00:00,-0.3849287937612241,674,True
1001650,674,2024-06-20 17:00:00,-0.3849287937612241,674,True
1001650,674,2024-06-20 18:00:00,-0.3849287937612241,674,True
1001650,674,2024-06-20 19:00:00,-0.3849287937612241,674,True
1001650,674,2024-06-20 20:00:00,-0.3849287937612241,674,True
1001650,674,2024-06-20 21:00:00,-0.3849287937612241,674,True
1001650,674,2024-06-20 22:00:00,-0.3849287937612241,674,True
1001650,674,2024-06-20 23:00:00,-0.3849287937612241,674,True
1001650,674,2024-06-21 00:00:00,-0.3849287937612241,674,True
1001650,674,2024-06-21 01:00:00,-0.3849287937612241,674,True
1001650,674,2024-06-21 02:00:00,-0.3849287937612241,674,True
1001650,674,2024-06-21 03:00:00,-0.3849287937612241,674,True
1001650,674,2024-06-21 04:00:00,-0.3849287937612241,674,True
1001650,674,2024-06-21 05:00:00,-0.3849287937612241,674,True
1001650,674,2024-06-21 06:00:00,-0.3849287937612241,674,True
1001650,674,2024-06-21 07:00:00,-0.3849287937612241,674,True
1001650,674,2024-06-21 08:00:00,-0.3849287937612241,674,True
1001650,674,2024-06-21 09:00:00,-0.3849287937612241,674,True
1001650,674,2024-06-21 10:00:00,-0.3849287937612241,674,True
1001650,674,2024-06-21 11:00:00,-0.3849287937612241,674,True
1001650,674,2024-06-21 12:00:00,-0.3849287937612241,674,True
1001650,674,2024-06-21 13:00:00,-0.3849287937612241,674,True
1001650,674,2024-06-21 14:00:00,-0.3849287937612241,674,True
1001650,674,2024-06-21 15:00:00,-0.3849287937612241,674,True
1001650,674,2024-06-21 16:00:00,-0.3849287937612241,674,True
1001650,674,2024-06-21 17:00:00,-0.3849287937612241,674,True
1001650,674,2024-06-21 18:00:00,-0.3849287937612241,674,True
1001650,674,2024-06-21 19:00:00,-0.3849287937612241,674,True
1001650,674,2024-06-21 20:00:00,-0.3849287937612241,674,True
1001650,674,2024-06-21 21:00:00,-0.3849287937612241,674,True
1001650,674,2024-06-21 22:00:00,-0.3849287937612241,674,True
1001650,674,2024-06-21 23:00:00,-0.3849287937612241,674,True
1001650,674,2024-06-22 00:00:00,-0.3849287937612241,674,True
1001650,674,2024-06-22 01:00:00,-0.3849287937612241,674,True
1001650,674,2024-06-22 02:00:00,-0.3849287937612241,674,True
1001650,674,2024-06-22 03:00:00,-0.3849287937612241,674,True
1001650,674,2024-06-22 04:00:00,-0.3849287937612241,674,True
1001650,674,2024-06-22 05:00:00,-0.3849287937612241,674,True
1001650,674,2024-06-22 06:00:00,-0.3849287937612241,674,True
1001650,674,2024-06-22 07:00:00,-0.3849287937612241,674,True
1001650,674,2024-06-22 08:00:00,-0.3849287937612241,674,True
1001650,674,2024-06-22 09:00:00,-0.3849287937612241,674,True
1001650,674,2024-06-22 10:00:00,-0.3849287937612241,674,True
1001650,674,2024-06-22 11:00:00,-0.3423805333109333,674,True
1001650,674,2024-06-22 12:00:00,-0.29983227286064257,674,True
1001650,674,2024-06-22 13:00:00,-0.08709097060918887,674,True
1001650,674,2024-06-22 14:00:00,0.5511329361451723,674,True
1001650,674,2024-06-22 15:00:00,1.402098145150987,674,True
1001650,674,2024-06-22 16:00:00,2.423256395957965,674,True
1001650,674,2024-06-22 17:00:00,3.359318125864361,674,True
1001650,674,2024-06-22 18:00:00,4.252831595320467,674,True
1001650,674,2024-06-22 19:00:00,4.720862460273665,674,True
1001650,674,2024-06-22 20:00:00,4.7634107207239555,674,True
1001650,674,2024-06-22 21:00:00,4.805958981174246,674,True
1001650,674,2024-06-22 22:00:00,4.8910555020748285,674,True
1001650,674,2024-06-22 23:00:00,4.97615202297541,674,True
1001655,217,2024-06-15 00:00:00,-0.3797102684613583,217,True
1001655,217,2024-06-15 01:00:00,-0.3797102684613583,217,True
1001655,217,2024-06-15 02:00:00,-0.3797102684613583,217,True
1001655,217,2024-06-15 03:00:00,-0.3797102684613583,217,True
1001655,217,2024-06-15 04:00:00,-0.3797102684613583,217,True
1001655,217,2024-06-15 05:00:00,-0.3797102684613583,217,True
1001655,217,2024-06-15 06:00:00,-0.3797102684613583,217,True
1001655,217,2024-06-15 07:00:00,-0.3797102684613583,217,True
1001655,217,2024-06-15 08:00:00,-0.3797102684613583,217,True
1001655,217,2024-06-15 09:00:00,-0.3797102684613583,217,True
1001655,217,2024-06-15 10:00:00,-0.3797102684613583,217,True
1001655,217,2024-06-15 11:00:00,-0.3797102684613583,217,True
1001655,217,2024-06-15 12:00:00,-0.3797102684613583,217,True
1001655,217,2024-06-15 13:00:00,0.04977056538006026,217,True
1001655,217,2024-06-15 14:00:00,0.10345566961023764,217,True
1001655,217,2024-06-15 15:00:00,0.23766843018568096,217,True
1001655,217,2024-06-15 16:00:00,0.25556346492907334,217,True
1001655,217,2024-06-15 17:00:00,0.25556346492907334,217,True
1001655,217,2024-06-15 18:00:00,0.25556346492907334,217,True
1001655,217,2024-06-15 19:00:00,0.25556346492907334,217,True
1001655,217,2024-06-15 20:00:00,0.7924145072308465,217,True
1001655,217,2024-06-15 21:00:00,0.7924145072308465,217,True
1001655,217,2024-06-15 22:00:00,0.7924145072308465,217,True
1001655,217,2024-06-15 23:00:00,0.7924145072308465,217,True
1001655,217,2024-06-16 00:00:00,0.8550471288327203,217,True
1001655,217,2024-06-16 01:00:00,0.5418840208233525,217,True
1001655,217,2024-06-16 02:00:00,0.5418840208233525,217,True
1001655,217,2024-06-16 03:00:00,0.5418840208233525,217,True
1001655,217,2024-06-16 04:00:00,0.5418840208233525,217,True
1001655,217,2024-06-16 05:00:00,0.5418840208233525,217,True
1001655,217,2024-06-16 06:00:00,0.5418840208233525,217,True
1001655,217,2024-06-16 07:00:00,0.5418840208233525,217,True
1001655,217,2024-06-16 08:00:00,0.5418840208233525,217,True
1001655,217,2024-06-16 09:00:00,0.5418840208233525,217,True
1001655,217,2024-06-16 10:00:00,0.5418840208233525,217,True
1001655,217,2024-06-16 11:00:00,0.5418840208233525,217,True
1001655,217,2024-06-16 12:00:00,0.5418840208233525,217,True
1001655,217,2024-06-16 13:00:00,0.5418840208233525,217,True
1001655,217,2024-06-16 14:00:00,0.5418840208233525,217,True
1001655,217,2024-06-16 15:00:00,0.5418840208233525,217,True
1001655,217,2024-06-16 16:00:00,0.5418840208233525,217,True
1001655,217,2024-06-16 17:00:00,0.5418840208233525,217,True
1001655,217,2024-06-16 18:00:00,0.5418840208233525,217,True
1001655,217,2024-06-16 19:00:00,0.5418840208233525,217,True
1001655,217,2024-06-16 20:00:00,0.5418840208233525,217,True
1001655,217,2024-06-16 21:00:00,0.5418840208233525,217,True
1001655,217,2024-06-16 22:00:00,0.5418840208233525,217,True
1001655,217,2024-06-16 23:00:00,0.5418840208233525,217,True
1001655,217,2024-06-17 00:00:00,0.5418840208233525,217,True
1001655,217,2024-06-17 01:00:00,-0.3797102684613583,217,True
1001655,217,2024-06-17 02:00:00,-0.3797102684613583,217,True
1001655,217,2024-06-17 03:00:00,-0.3797102684613583,217,True
1001655,217,2024-06-17 04:00:00,-0.3797102684613583,217,True
1001655,217,2024-06-17 05:00:00,-0.3797102684613583,217,True
1001655,217,2024-06-17 06:00:00,-0.3797102684613583,217,True
1001655,217,2024-06-17 07:00:00,-0.3797102684613583,217,True
1001655,217,2024-06-17 08:00:00,-0.3797102684613583,217,True
1001655,217,2024-06-17 09:00:00,-0.3797102684613583,217,True
1001655,217,2024-06-17 10:00:00,-0.3797102684613583,217,True
1001655,217,2024-06-17 11:00:00,-0.3797102684613583,217,True
1001655,217,2024-06-17 12:00:00,-0.3797102684613583,217,True
1001655,217,2024-06-17 13:00:00,-0.3797102684613583,217,True
1001655,217,2024-06-17 14:00:00,-0.3797102684613583,217,True
1001655,217,2024-06-17 15:00:00,-0.3797102684613583,217,True
1001655,217,2024-06-17 16:00:00,-0.3797102684613583,217,True
1001655,217,2024-06-17 17:00:00,-0.3797102684613583,217,True
1001655,217,2024-06-17 18:00:00,-0.3797102684613583,217,True
1001655,217,2024-06-17 19:00:00,-0.3797102684613583,217,True
1001655,217,2024-06-17 20:00:00,-0.3797102684613583,217,True
1001655,217,2024-06-17 21:00:00,-0.3797102684613583,217,True
1001655,217,2024-06-17 22:00:00,-0.3797102684613583,217,True
1001655,217,2024-06-17 23:00:00,-0.3797102684613583,217,True
1001655,217,2024-06-18 00:00:00,-0.3797102684613583,217,True
1001655,217,2024-06-18 01:00:00,-0.3797102684613583,217,True
1001655,217,2024-06-18 02:00:00,-0.3797102684613583,217,True
1001655,217,2024-06-18 03:00:00,-0.3797102684613583,217,True
1001655,217,2024-06-18 04:00:00,-0.3797102684613583,217,True
1001655,217,2024-06-18 05:00:00,-0.3797102684613583,217,True
1001655,217,2024-06-18 06:00:00,-0.3797102684613583,217,True
1001655,217,2024-06-18 07:00:00,-0.3797102684613583,217,True
1001655,217,2024-06-18 08:00:00,-0.3797102684613583,217,True
1001655,217,2024-06-18 09:00:00,-0.3797102684613583,217,True
1001655,217,2024-06-18 10:00:00,-0.3797102684613583,217,True
1001655,217,2024-06-18 11:00:00,-0.3797102684613583,217,True
1001655,217,2024-06-18 12:00:00,-0.3797102684613583,217,True
1001655,217,2024-06-18 13:00:00,-0.3797102684613583,217,True
1001655,217,2024-06-18 14:00:00,-0.3797102684613583,217,True
1001655,217,2024-06-18 15:00:00,-0.3797102684613583,217,True
1001655,217,2024-06-18 16:00:00,-0.3797102684613583,217,True
1001655,217,2024-06-18 17:00:00,-0.3797102684613583,217,True
1001655,217,2024-06-18 18:00:00,-0.3797102684613583,217,True
1001655,217,2024-06-18 19:00:00,-0.3797102684613583,217,True
1001655,217,2024-06-18 20:00:00,-0.3797102684613583,217,True
1001655,217,2024-06-18 21:00:00,-0.3797102684613583,217,True
1001655,217,2024-06-18 22:00:00,-0.3797102684613583,217,True
1001655,217,2024-06-18 23:00:00,-0.3797102684613583,217,True
1001655,217,2024-06-19 00:00:00,-0.3797102684613583,217,True
1001655,217,2024-06-19 01:00:00,-0.3797102684613583,217,True
1001655,217,2024-06-19 02:00:00,-0.3797102684613583,217,True
1001655,217,2024-06-19 03:00:00,-0.3797102684613583,217,True
1001655,217,2024-06-19 04:00:00,-0.3797102684613583,217,True
1001655,217,2024-06-19 05:00:00,-0.3797102684613583,217,True
1001655,217,2024-06-19 06:00:00,-0.3797102684613583,217,True
1001655,217,2024-06-19 07:00:00,-0.3797102684613583,217,True
1001655,217,2024-06-19 08:00:00,-0.3797102684613583,217,True
1001655,217,2024-06-19 09:00:00,-0.3797102684613583,217,True
1001655,217,2024-06-19 10:00:00,-0.3797102684613583,217,True
1001655,217,2024-06-19 11:00:00,-0.3797102684613583,217,True
1001655,217,2024-06-19 12:00:00,-0.3797102684613583,217,True
1001655,217,2024-06-19 13:00:00,-0.3797102684613583,217,True
1001655,217,2024-06-19 14:00:00,-0.3797102684613583,217,True
1001655,217,2024-06-19 15:00:00,-0.3797102684613583,217,True
1001655,217,2024-06-19 16:00:00,-0.3797102684613583,217,True
1001655,217,2024-06-19 17:00:00,-0.3797102684613583,217,True
1001655,217,2024-06-19 18:00:00,-0.3797102684613583,217,True
1001655,217,2024-06-19 19:00:00,-0.3797102684613583,217,True
1001655,217,2024-06-19 20:00:00,-0.3797102684613583,217,True
1001655,217,2024-06-19 21:00:00,-0.3797102684613583,217,True
1001655,217,2024-06-19 22:00:00,-0.3797102684613583,217,True
1001655,217,2024-06-19 23:00:00,-0.3797102684613583,217,True
1001655,217,2024-06-20 00:00:00,-0.3797102684613583,217,True
1001655,217,2024-06-20 01:00:00,-0.3797102684613583,217,True
1001655,217,2024-06-20 02:00:00,-0.3797102684613583,217,True
1001655,217,2024-06-20 03:00:00,-0.3797102684613583,217,True
1001655,217,2024-06-20 04:00:00,-0.3797102684613583,217,True
1001655,217,2024-06-20 05:00:00,-0.3797102684613583,217,True
1001655,217,2024-06-20 06:00:00,-0.3797102684613583,217,True
1001655,217,2024-06-20 07:00:00,-0.3797102684613583,217,True
1001655,217,2024-06-20 08:00:00,-0.3797102684613583,217,True
1001655,217,2024-06-20 09:00:00,-0.3797102684613583,217,True
1001655,217,2024-06-20 10:00:00,-0.3797102684613583,217,True
1001655,217,2024-06-20 11:00:00,-0.3797102684613583,217,True
1001655,217,2024-06-20 12:00:00,-0.3797102684613583,217,True
1001655,217,2024-06-20 13:00:00,-0.3797102684613583,217,True
1001655,217,2024-06-20 14:00:00,-0.3797102684613583,217,True
1001655,217,2024-06-20 15:00:00,-0.3797102684613583,217,True
1001655,217,2024-06-20 16:00:00,-0.3797102684613583,217,True
1001655,217,2024-06-20 17:00:00,-0.3797102684613583,217,True
1001655,217,2024-06-20 18:00:00,-0.3797102684613583,217,True
1001655,217,2024-06-20 19:00:00,-0.3797102684613583,217,True
1001655,217,2024-06-20 20:00:00,-0.3797102684613583,217,True
1001655,217,2024-06-20 21:00:00,-0.3797102684613583,217,True
1001655,217,2024-06-20 22:00:00,-0.3797102684613583,217,True
1001655,217,2024-06-20 23:00:00,-0.3797102684613583,217,True
1001655,217,2024-06-21 00:00:00,-0.3797102684613583,217,True
1001655,217,2024-06-21 01:00:00,-0.3797102684613583,217,True
1001655,217,2024-06-21 02:00:00,-0.3797102684613583,217,True
1001655,217,2024-06-21 03:00:00,-0.3797102684613583,217,True
1001655,217,2024-06-21 04:00:00,-0.3797102684613583,217,True
1001655,217,2024-06-21 05:00:00,-0.3797102684613583,217,True
1001655,217,2024-06-21 06:00:00,-0.3797102684613583,217,True
1001655,217,2024-06-21 07:00:00,-0.3797102684613583,217,True
1001655,217,2024-06-21 08:00:00,-0.3797102684613583,217,True
1001655,217,2024-06-21 09:00:00,-0.3797102684613583,217,True
1001655,217,2024-06-21 10:00:00,-0.3797102684613583,217,True
1001655,217,2024-06-21 11:00:00,-0.3797102684613583,217,True
1001655,217,2024-06-21 12:00:00,-0.3797102684613583,217,True
1001655,217,2024-06-21 13:00:00,-0.3797102684613583,217,True
1001655,217,2024-06-21 14:00:00,-0.3797102684613583,217,True
1001655,217,2024-06-21 15:00:00,-0.3797102684613583,217,True
1001655,217,2024-06-21 16:00:00,-0.3797102684613583,217,True
1001655,217,2024-06-21 17:00:00,-0.3797102684613583,217,True
1001655,217,2024-06-21 18:00:00,-0.3797102684613583,217,True
1001655,217,2024-06-21 19:00:00,-0.3797102684613583,217,True
1001655,217,2024-06-21 20:00:00,-0.3797102684613583,217,True
1001655,217,2024-06-21 21:00:00,-0.3797102684613583,217,True
1001655,217,2024-06-21 22:00:00,-0.3797102684613583,217,True
1001655,217,2024-06-21 23:00:00,-0.3797102684613583,217,True
1001655,217,2024-06-22 00:00:00,-0.3797102684613583,217,True
1001655,217,2024-06-22 01:00:00,-0.3797102684613583,217,True
1001655,217,2024-06-22 02:00:00,-0.3797102684613583,217,True
1001655,217,2024-06-22 03:00:00,-0.3797102684613583,217,True
1001655,217,2024-06-22 04:00:00,-0.3797102684613583,217,True
1001655,217,2024-06-22 05:00:00,-0.3797102684613583,217,True
1001655,217,2024-06-22 06:00:00,-0.3797102684613583,217,True
1001655,217,2024-06-22 07:00:00,-0.3797102684613583,217,True
1001655,217,2024-06-22 08:00:00,-0.3797102684613583,217,True
1001655,217,2024-06-22 09:00:00,-0.3797102684613583,217,True
1001655,217,2024-06-22 10:00:00,-0.3797102684613583,217,True
1001655,217,2024-06-22 11:00:00,-0.3528677163462697,217,True
1001655,217,2024-06-22 12:00:00,-0.2812875773726999,217,True
1001655,217,2024-06-22 13:00:00,-0.12917978205386416,217,True
1001655,217,2024-06-22 14:00:00,0.43451381236299774,217,True
1001655,217,2024-06-22 15:00:00,1.0876825804968218,217,True
1001655,217,2024-06-22 16:00:00,2.5908654989417874,217,True
1001655,217,2024-06-22 17:00:00,3.5482498577132824,217,True
1001655,217,2024-06-22 18:00:00,4.586161872830044,217,True
1001655,217,2024-06-22 19:00:00,4.800902289750754,217,True
1001655,217,2024-06-22 20:00:00,4.80984980712245,217,True
1001655,217,2024-06-22 21:00:00,4.80984980712245,217,True
1001655,217,2024-06-22 22:00:00,4.917220015582805,217,True
1001655,217,2024-06-22 23:00:00,5.033537741414856,217,True
1001658,217,2024-06-15 00:00:00,-0.3797102684613583,217,True
1001658,217,2024-06-15 01:00:00,-0.3797102684613583,217,True
1001658,217,2024-06-15 02:00:00,-0.3797102684613583,217,True
1001658,217,2024-06-15 03:00:00,-0.3797102684613583,217,True
1001658,217,2024-06-15 04:00:00,-0.3797102684613583,217,True
1001658,217,2024-06-15 05:00:00,-0.3797102684613583,217,True
1001658,217,2024-06-15 06:00:00,-0.3797102684613583,217,True
1001658,217,2024-06-15 07:00:00,-0.3797102684613583,217,True
1001658,217,2024-06-15 08:00:00,-0.3797102684613583,217,True
1001658,217,2024-06-15 09:00:00,-0.3797102684613583,217,True
1001658,217,2024-06-15 10:00:00,-0.3797102684613583,217,True
1001658,217,2024-06-15 11:00:00,-0.3797102684613583,217,True
1001658,217,2024-06-15 12:00:00,-0.3797102684613583,217,True
1001658,217,2024-06-15 13:00:00,0.04977056538006026,217,True
1001658,217,2024-06-15 14:00:00,0.10345566961023764,217,True
1001658,217,2024-06-15 15:00:00,0.23766843018568096,217,True
1001658,217,2024-06-15 16:00:00,0.25556346492907334,217,True
1001658,217,2024-06-15 17:00:00,0.25556346492907334,217,True
1001658,217,2024-06-15 18:00:00,0.25556346492907334,217,True
1001658,217,2024-06-15 19:00:00,0.25556346492907334,217,True
1001658,217,2024-06-15 20:00:00,0.7924145072308465,217,True
1001658,217,2024-06-15 21:00:00,0.7924145072308465,217,True
1001658,217,2024-06-15 22:00:00,0.7924145072308465,217,True
1001658,217,2024-06-15 23:00:00,0.7924145072308465,217,True
1001658,217,2024-06-16 00:00:00,0.8550471288327203,217,True
1001658,217,2024-06-16 01:00:00,0.5418840208233525,217,True
1001658,217,2024-06-16 02:00:00,0.5418840208233525,217,True
1001658,217,2024-06-16 03:00:00,0.5418840208233525,217,True
1001658,217,2024-06-16 04:00:00,0.5418840208233525,217,True
1001658,217,2024-06-16 05:00:00,0.5418840208233525,217,True
1001658,217,2024-06-16 06:00:00,0.5418840208233525,217,True
1001658,217,2024-06-16 07:00:00,0.5418840208233525,217,True
1001658,217,2024-06-16 08:00:00,0.5418840208233525,217,True
1001658,217,2024-06-16 09:00:00,0.5418840208233525,217,True
1001658,217,2024-06-16 10:00:00,0.5418840208233525,217,True
1001658,217,2024-06-16 11:00:00,0.5418840208233525,217,True
1001658,217,2024-06-16 12:00:00,0.5418840208233525,217,True
1001658,217,2024-06-16 13:00:00,0.5418840208233525,217,True
1001658,217,2024-06-16 14:00:00,0.5418840208233525,217,True
1001658,217,2024-06-16 15:00:00,0.5418840208233525,217,True
1001658,217,2024-06-16 16:00:00,0.5418840208233525,217,True
1001658,217,2024-06-16 17:00:00,0.5418840208233525,217,True
1001658,217,2024-06-16 18:00:00,0.5418840208233525,217,True
1001658,217,2024-06-16 19:00:00,0.5418840208233525,217,True
1001658,217,2024-06-16 20:00:00,0.5418840208233525,217,True
1001658,217,2024-06-16 21:00:00,0.5418840208233525,217,True
1001658,217,2024-06-16 22:00:00,0.5418840208233525,217,True
1001658,217,2024-06-16 23:00:00,0.5418840208233525,217,True
1001658,217,2024-06-17 00:00:00,0.5418840208233525,217,True
1001658,217,2024-06-17 01:00:00,-0.3797102684613583,217,True
1001658,217,2024-06-17 02:00:00,-0.3797102684613583,217,True
1001658,217,2024-06-17 03:00:00,-0.3797102684613583,217,True
1001658,217,2024-06-17 04:00:00,-0.3797102684613583,217,True
1001658,217,2024-06-17 05:00:00,-0.3797102684613583,217,True
1001658,217,2024-06-17 06:00:00,-0.3797102684613583,217,True
1001658,217,2024-06-17 07:00:00,-0.3797102684613583,217,True
1001658,217,2024-06-17 08:00:00,-0.3797102684613583,217,True
1001658,217,2024-06-17 09:00:00,-0.3797102684613583,217,True
1001658,217,2024-06-17 10:00:00,-0.3797102684613583,217,True
1001658,217,2024-06-17 11:00:00,-0.3797102684613583,217,True
1001658,217,2024-06-17 12:00:00,-0.3797102684613583,217,True
1001658,217,2024-06-17 13:00:00,-0.3797102684613583,217,True
1001658,217,2024-06-17 14:00:00,-0.3797102684613583,217,True
1001658,217,2024-06-17 15:00:00,-0.3797102684613583,217,True
1001658,217,2024-06-17 16:00:00,-0.3797102684613583,217,True
1001658,217,2024-06-17 17:00:00,-0.3797102684613583,217,True
1001658,217,2024-06-17 18:00:00,-0.3797102684613583,217,True
1001658,217,2024-06-17 19:00:00,-0.3797102684613583,217,True
1001658,217,2024-06-17 20:00:00,-0.3797102684613583,217,True
1001658,217,2024-06-17 21:00:00,-0.3797102684613583,217,True
1001658,217,2024-06-17 22:00:00,-0.3797102684613583,217,True
1001658,217,2024-06-17 23:00:00,-0.3797102684613583,217,True
1001658,217,2024-06-18 00:00:00,-0.3797102684613583,217,True
1001658,217,2024-06-18 01:00:00,-0.3797102684613583,217,True
1001658,217,2024-06-18 02:00:00,-0.3797102684613583,217,True
1001658,217,2024-06-18 03:00:00,-0.3797102684613583,217,True
1001658,217,2024-06-18 04:00:00,-0.3797102684613583,217,True
1001658,217,2024-06-18 05:00:00,-0.3797102684613583,217,True
1001658,217,2024-06-18 06:00:00,-0.3797102684613583,217,True
1001658,217,2024-06-18 07:00:00,-0.3797102684613583,217,True
1001658,217,2024-06-18 08:00:00,-0.3797102684613583,217,True
1001658,217,2024-06-18 09:00:00,-0.3797102684613583,217,True
1001658,217,2024-06-18 10:00:00,-0.3797102684613583,217,True
1001658,217,2024-06-18 11:00:00,-0.3797102684613583,217,True
1001658,217,2024-06-18 12:00:00,-0.3797102684613583,217,True
1001658,217,2024-06-18 13:00:00,-0.3797102684613583,217,True
1001658,217,2024-06-18 14:00:00,-0.3797102684613583,217,True
1001658,217,2024-06-18 15:00:00,-0.3797102684613583,217,True
1001658,217,2024-06-18 16:00:00,-0.3797102684613583,217,True
1001658,217,2024-06-18 17:00:00,-0.3797102684613583,217,True
1001658,217,2024-06-18 18:00:00,-0.3797102684613583,217,True
1001658,217,2024-06-18 19:00:00,-0.3797102684613583,217,True
1001658,217,2024-06-18 20:00:00,-0.3797102684613583,217,True
1001658,217,2024-06-18 21:00:00,-0.3797102684613583,217,True
1001658,217,2024-06-18 22:00:00,-0.3797102684613583,217,True
1001658,217,2024-06-18 23:00:00,-0.3797102684613583,217,True
1001658,217,2024-06-19 00:00:00,-0.3797102684613583,217,True
1001658,217,2024-06-19 01:00:00,-0.3797102684613583,217,True
1001658,217,2024-06-19 02:00:00,-0.3797102684613583,217,True
1001658,217,2024-06-19 03:00:00,-0.3797102684613583,217,True
1001658,217,2024-06-19 04:00:00,-0.3797102684613583,217,True
1001658,217,2024-06-19 05:00:00,-0.3797102684613583,217,True
1001658,217,2024-06-19 06:00:00,-0.3797102684613583,217,True
1001658,217,2024-06-19 07:00:00,-0.3797102684613583,217,True
1001658,217,2024-06-19 08:00:00,-0.3797102684613583,217,True
1001658,217,2024-06-19 09:00:00,-0.3797102684613583,217,True
1001658,217,2024-06-19 10:00:00,-0.3797102684613583,217,True
1001658,217,2024-06-19 11:00:00,-0.3797102684613583,217,True
1001658,217,2024-06-19 12:00:00,-0.3797102684613583,217,True
1001658,217,2024-06-19 13:00:00,-0.3797102684613583,217,True
1001658,217,2024-06-19 14:00:00,-0.3797102684613583,217,True
1001658,217,2024-06-19 15:00:00,-0.3797102684613583,217,True
1001658,217,2024-06-19 16:00:00,-0.3797102684613583,217,True
1001658,217,2024-06-19 17:00:00,-0.3797102684613583,217,True
1001658,217,2024-06-19 18:00:00,-0.3797102684613583,217,True
1001658,217,2024-06-19 19:00:00,-0.3797102684613583,217,True
1001658,217,2024-06-19 20:00:00,-0.3797102684613583,217,True
1001658,217,2024-06-19 21:00:00,-0.3797102684613583,217,True
1001658,217,2024-06-19 22:00:00,-0.3797102684613583,217,True
1001658,217,2024-06-19 23:00:00,-0.3797102684613583,217,True
1001658,217,2024-06-20 00:00:00,-0.3797102684613583,217,True
1001658,217,2024-06-20 01:00:00,-0.3797102684613583,217,True
1001658,217,2024-06-20 02:00:00,-0.3797102684613583,217,True
1001658,217,2024-06-20 03:00:00,-0.3797102684613583,217,True
1001658,217,2024-06-20 04:00:00,-0.3797102684613583,217,True
1001658,217,2024-06-20 05:00:00,-0.3797102684613583,217,True
1001658,217,2024-06-20 06:00:00,-0.3797102684613583,217,True
1001658,217,2024-06-20 07:00:00,-0.3797102684613583,217,True
1001658,217,2024-06-20 08:00:00,-0.3797102684613583,217,True
1001658,217,2024-06-20 09:00:00,-0.3797102684613583,217,True
1001658,217,2024-06-20 10:00:00,-0.3797102684613583,217,True
1001658,217,2024-06-20 11:00:00,-0.3797102684613583,217,True
1001658,217,2024-06-20 12:00:00,-0.3797102684613583,217,True
1001658,217,2024-06-20 13:00:00,-0.3797102684613583,217,True
1001658,217,2024-06-20 14:00:00,-0.3797102684613583,217,True
1001658,217,2024-06-20 15:00:00,-0.3797102684613583,217,True
1001658,217,2024-06-20 16:00:00,-0.3797102684613583,217,True
1001658,217,2024-06-20 17:00:00,-0.3797102684613583,217,True
1001658,217,2024-06-20 18:00:00,-0.3797102684613583,217,True
1001658,217,2024-06-20 19:00:00,-0.3797102684613583,217,True
1001658,217,2024-06-20 20:00:00,-0.3797102684613583,217,True
1001658,217,2024-06-20 21:00:00,-0.3797102684613583,217,True
1001658,217,2024-06-20 22:00:00,-0.3797102684613583,217,True
1001658,217,2024-06-20 23:00:00,-0.3797102684613583,217,True
1001658,217,2024-06-21 00:00:00,-0.3797102684613583,217,True
1001658,217,2024-06-21 01:00:00,-0.3797102684613583,217,True
1001658,217,2024-06-21 02:00:00,-0.3797102684613583,217,True
1001658,217,2024-06-21 03:00:00,-0.3797102684613583,217,True
1001658,217,2024-06-21 04:00:00,-0.3797102684613583,217,True
1001658,217,2024-06-21 05:00:00,-0.3797102684613583,217,True
1001658,217,2024-06-21 06:00:00,-0.3797102684613583,217,True
1001658,217,2024-06-21 07:00:00,-0.3797102684613583,217,True
1001658,217,2024-06-21 08:00:00,-0.3797102684613583,217,True
1001658,217,2024-06-21 09:00:00,-0.3797102684613583,217,True
1001658,217,2024-06-21 10:00:00,-0.3797102684613583,217,True
1001658,217,2024-06-21 11:00:00,-0.3797102684613583,217,True
1001658,217,2024-06-21 12:00:00,-0.3797102684613583,217,True
1001658,217,2024-06-21 13:00:00,-0.3797102684613583,217,True
1001658,217,2024-06-21 14:00:00,-0.3797102684613583,217,True
1001658,217,2024-06-21 15:00:00,-0.3797102684613583,217,True
1001658,217,2024-06-21 16:00:00,-0.3797102684613583,217,True
1001658,217,2024-06-21 17:00:00,-0.3797102684613583,217,True
1001658,217,2024-06-21 18:00:00,-0.3797102684613583,217,True
1001658,217,2024-06-21 19:00:00,-0.3797102684613583,217,True
1001658,217,2024-06-21 20:00:00,-0.3797102684613583,217,True
1001658,217,2024-06-21 21:00:00,-0.3797102684613583,217,True
1001658,217,2024-06-21 22:00:00,-0.3797102684613583,217,True
1001658,217,2024-06-21 23:00:00,-0.3797102684613583,217,True
1001658,217,2024-06-22 00:00:00,-0.3797102684613583,217,True
1001658,217,2024-06-22 01:00:00,-0.3797102684613583,217,True
1001658,217,2024-06-22 02:00:00,-0.3797102684613583,217,True
1001658,217,2024-06-22 03:00:00,-0.3797102684613583,217,True
1001658,217,2024-06-22 04:00:00,-0.3797102684613583,217,True
1001658,217,2024-06-22 05:00:00,-0.3797102684613583,217,True
1001658,217,2024-06-22 06:00:00,-0.3797102684613583,217,True
1001658,217,2024-06-22 07:00:00,-0.3797102684613583,217,True
1001658,217,2024-06-22 08:00:00,-0.3797102684613583,217,True
1001658,217,2024-06-22 09:00:00,-0.3797102684613583,217,True
1001658,217,2024-06-22 10:00:00,-0.3797102684613583,217,True
1001658,217,2024-06-22 11:00:00,-0.3528677163462697,217,True
1001658,217,2024-06-22 12:00:00,-0.2812875773726999,217,True
1001658,217,2024-06-22 13:00:00,-0.12917978205386416,217,True
1001658,217,2024-06-22 14:00:00,0.43451381236299774,217,True
1001658,217,2024-06-22 15:00:00,1.0876825804968218,217,True
1001658,217,2024-06-22 16:00:00,2.5908654989417874,217,True
1001658,217,2024-06-22 17:00:00,3.5482498577132824,217,True
1001658,217,2024-06-22 18:00:00,4.586161872830044,217,True
1001658,217,2024-06-22 19:00:00,4.800902289750754,217,True
1001658,217,2024-06-22 20:00:00,4.80984980712245,217,True
1001658,217,2024-06-22 21:00:00,4.80984980712245,217,True
1001658,217,2024-06-22 22:00:00,4.917220015582805,217,True
1001658,217,2024-06-22 23:00:00,5.033537741414856,217,True
1001660,217,2024-06-15 00:00:00,-0.3797102684613583,217,True
1001660,217,2024-06-15 01:00:00,-0.3797102684613583,217,True
1001660,217,2024-06-15 02:00:00,-0.3797102684613583,217,True
1001660,217,2024-06-15 03:00:00,-0.3797102684613583,217,True
1001660,217,2024-06-15 04:00:00,-0.3797102684613583,217,True
1001660,217,2024-06-15 05:00:00,-0.3797102684613583,217,True
1001660,217,2024-06-15 06:00:00,-0.3797102684613583,217,True
1001660,217,2024-06-15 07:00:00,-0.3797102684613583,217,True
1001660,217,2024-06-15 08:00:00,-0.3797102684613583,217,True
1001660,217,2024-06-15 09:00:00,-0.3797102684613583,217,True
1001660,217,2024-06-15 10:00:00,-0.3797102684613583,217,True
1001660,217,2024-06-15 11:00:00,-0.3797102684613583,217,True
1001660,217,2024-06-15 12:00:00,-0.3797102684613583,217,True
1001660,217,2024-06-15 13:00:00,0.04977056538006026,217,True
1001660,217,2024-06-15 14:00:00,0.10345566961023764,217,True
1001660,217,2024-06-15 15:00:00,0.23766843018568096,217,True
1001660,217,2024-06-15 16:00:00,0.25556346492907334,217,True
1001660,217,2024-06-15 17:00:00,0.25556346492907334,217,True
1001660,217,2024-06-15 18:00:00,0.25556346492907334,217,True
1001660,217,2024-06-15 19:00:00,0.25556346492907334,217,True
1001660,217,2024-06-15 20:00:00,0.7924145072308465,217,True
1001660,217,2024-06-15 21:00:00,0.7924145072308465,217,True
1001660,217,2024-06-15 22:00:00,0.7924145072308465,217,True
1001660,217,2024-06-15 23:00:00,0.7924145072308465,217,True
1001660,217,2024-06-16 00:00:00,0.8550471288327203,217,True
1001660,217,2024-06-16 01:00:00,0.5418840208233525,217,True
1001660,217,2024-06-16 02:00:00,0.5418840208233525,217,True
1001660,217,2024-06-16 03:00:00,0.5418840208233525,217,True
1001660,217,2024-06-16 04:00:00,0.5418840208233525,217,True
1001660,217,2024-06-16 05:00:00,0.5418840208233525,217,True
1001660,217,2024-06-16 06:00:00,0.5418840208233525,217,True
1001660,217,2024-06-16 07:00:00,0.5418840208233525,217,True
1001660,217,2024-06-16 08:00:00,0.5418840208233525,217,True
1001660,217,2024-06-16 09:00:00,0.5418840208233525,217,True
1001660,217,2024-06-16 10:00:00,0.5418840208233525,217,True
1001660,217,2024-06-16 11:00:00,0.5418840208233525,217,True
1001660,217,2024-06-16 12:00:00,0.5418840208233525,217,True
1001660,217,2024-06-16 13:00:00,0.5418840208233525,217,True
1001660,217,2024-06-16 14:00:00,0.5418840208233525,217,True
1001660,217,2024-06-16 15:00:00,0.5418840208233525,217,True
1001660,217,2024-06-16 16:00:00,0.5418840208233525,217,True
1001660,217,2024-06-16 17:00:00,0.5418840208233525,217,True
1001660,217,2024-06-16 18:00:00,0.5418840208233525,217,True
1001660,217,2024-06-16 19:00:00,0.5418840208233525,217,True
1001660,217,2024-06-16 20:00:00,0.5418840208233525,217,True
1001660,217,2024-06-16 21:00:00,0.5418840208233525,217,True
1001660,217,2024-06-16 22:00:00,0.5418840208233525,217,True
1001660,217,2024-06-16 23:00:00,0.5418840208233525,217,True
1001660,217,2024-06-17 00:00:00,0.5418840208233525,217,True
1001660,217,2024-06-17 01:00:00,-0.3797102684613583,217,True
1001660,217,2024-06-17 02:00:00,-0.3797102684613583,217,True
1001660,217,2024-06-17 03:00:00,-0.3797102684613583,217,True
1001660,217,2024-06-17 04:00:00,-0.3797102684613583,217,True
1001660,217,2024-06-17 05:00:00,-0.3797102684613583,217,True
1001660,217,2024-06-17 06:00:00,-0.3797102684613583,217,True
1001660,217,2024-06-17 07:00:00,-0.3797102684613583,217,True
1001660,217,2024-06-17 08:00:00,-0.3797102684613583,217,True
1001660,217,2024-06-17 09:00:00,-0.3797102684613583,217,True
1001660,217,2024-06-17 10:00:00,-0.3797102684613583,217,True
1001660,217,2024-06-17 11:00:00,-0.3797102684613583,217,True
1001660,217,2024-06-17 12:00:00,-0.3797102684613583,217,True
1001660,217,2024-06-17 13:00:00,-0.3797102684613583,217,True
1001660,217,2024-06-17 14:00:00,-0.3797102684613583,217,True
1001660,217,2024-06-17 15:00:00,-0.3797102684613583,217,True
1001660,217,2024-06-17 16:00:00,-0.3797102684613583,217,True
1001660,217,2024-06-17 17:00:00,-0.3797102684613583,217,True
1001660,217,2024-06-17 18:00:00,-0.3797102684613583,217,True
1001660,217,2024-06-17 19:00:00,-0.3797102684613583,217,True
1001660,217,2024-06-17 20:00:00,-0.3797102684613583,217,True
1001660,217,2024-06-17 21:00:00,-0.3797102684613583,217,True
1001660,217,2024-06-17 22:00:00,-0.3797102684613583,217,True
1001660,217,2024-06-17 23:00:00,-0.3797102684613583,217,True
1001660,217,2024-06-18 00:00:00,-0.3797102684613583,217,True
1001660,217,2024-06-18 01:00:00,-0.3797102684613583,217,True
1001660,217,2024-06-18 02:00:00,-0.3797102684613583,217,True
1001660,217,2024-06-18 03:00:00,-0.3797102684613583,217,True
1001660,217,2024-06-18 04:00:00,-0.3797102684613583,217,True
1001660,217,2024-06-18 05:00:00,-0.3797102684613583,217,True
1001660,217,2024-06-18 06:00:00,-0.3797102684613583,217,True
1001660,217,2024-06-18 07:00:00,-0.3797102684613583,217,True
1001660,217,2024-06-18 08:00:00,-0.3797102684613583,217,True
1001660,217,2024-06-18 09:00:00,-0.3797102684613583,217,True
1001660,217,2024-06-18 10:00:00,-0.3797102684613583,217,True
1001660,217,2024-06-18 11:00:00,-0.3797102684613583,217,True
1001660,217,2024-06-18 12:00:00,-0.3797102684613583,217,True
1001660,217,2024-06-18 13:00:00,-0.3797102684613583,217,True
1001660,217,2024-06-18 14:00:00,-0.3797102684613583,217,True
1001660,217,2024-06-18 15:00:00,-0.3797102684613583,217,True
1001660,217,2024-06-18 16:00:00,-0.3797102684613583,217,True
1001660,217,2024-06-18 17:00:00,-0.3797102684613583,217,True
1001660,217,2024-06-18 18:00:00,-0.3797102684613583,217,True
1001660,217,2024-06-18 19:00:00,-0.3797102684613583,217,True
1001660,217,2024-06-18 20:00:00,-0.3797102684613583,217,True
1001660,217,2024-06-18 21:00:00,-0.3797102684613583,217,True
1001660,217,2024-06-18 22:00:00,-0.3797102684613583,217,True
1001660,217,2024-06-18 23:00:00,-0.3797102684613583,217,True
1001660,217,2024-06-19 00:00:00,-0.3797102684613583,217,True
1001660,217,2024-06-19 01:00:00,-0.3797102684613583,217,True
1001660,217,2024-06-19 02:00:00,-0.3797102684613583,217,True
1001660,217,2024-06-19 03:00:00,-0.3797102684613583,217,True
1001660,217,2024-06-19 04:00:00,-0.3797102684613583,217,True
1001660,217,2024-06-19 05:00:00,-0.3797102684613583,217,True
1001660,217,2024-06-19 06:00:00,-0.3797102684613583,217,True
1001660,217,2024-06-19 07:00:00,-0.3797102684613583,217,True
1001660,217,2024-06-19 08:00:00,-0.3797102684613583,217,True
1001660,217,2024-06-19 09:00:00,-0.3797102684613583,217,True
1001660,217,2024-06-19 10:00:00,-0.3797102684613583,217,True
1001660,217,2024-06-19 11:00:00,-0.3797102684613583,217,True
1001660,217,2024-06-19 12:00:00,-0.3797102684613583,217,True
1001660,217,2024-06-19 13:00:00,-0.3797102684613583,217,True
1001660,217,2024-06-19 14:00:00,-0.3797102684613583,217,True
1001660,217,2024-06-19 15:00:00,-0.3797102684613583,217,True
1001660,217,2024-06-19 16:00:00,-0.3797102684613583,217,True
1001660,217,2024-06-19 17:00:00,-0.3797102684613583,217,True
1001660,217,2024-06-19 18:00:00,-0.3797102684613583,217,True
1001660,217,2024-06-19 19:00:00,-0.3797102684613583,217,True
1001660,217,2024-06-19 20:00:00,-0.3797102684613583,217,True
1001660,217,2024-06-19 21:00:00,-0.3797102684613583,217,True
1001660,217,2024-06-19 22:00:00,-0.3797102684613583,217,True
1001660,217,2024-06-19 23:00:00,-0.3797102684613583,217,True
1001660,217,2024-06-20 00:00:00,-0.3797102684613583,217,True
1001660,217,2024-06-20 01:00:00,-0.3797102684613583,217,True
1001660,217,2024-06-20 02:00:00,-0.3797102684613583,217,True
1001660,217,2024-06-20 03:00:00,-0.3797102684613583,217,True
1001660,217,2024-06-20 04:00:00,-0.3797102684613583,217,True
1001660,217,2024-06-20 05:00:00,-0.3797102684613583,217,True
1001660,217,2024-06-20 06:00:00,-0.3797102684613583,217,True
1001660,217,2024-06-20 07:00:00,-0.3797102684613583,217,True
1001660,217,2024-06-20 08:00:00,-0.3797102684613583,217,True
1001660,217,2024-06-20 09:00:00,-0.3797102684613583,217,True
1001660,217,2024-06-20 10:00:00,-0.3797102684613583,217,True
1001660,217,2024-06-20 11:00:00,-0.3797102684613583,217,True
1001660,217,2024-06-20 12:00:00,-0.3797102684613583,217,True
1001660,217,2024-06-20 13:00:00,-0.3797102684613583,217,True
1001660,217,2024-06-20 14:00:00,-0.3797102684613583,217,True
1001660,217,2024-06-20 15:00:00,-0.3797102684613583,217,True
1001660,217,2024-06-20 16:00:00,-0.3797102684613583,217,True
1001660,217,2024-06-20 17:00:00,-0.3797102684613583,217,True
1001660,217,2024-06-20 18:00:00,-0.3797102684613583,217,True
1001660,217,2024-06-20 19:00:00,-0.3797102684613583,217,True
1001660,217,2024-06-20 20:00:00,-0.3797102684613583,217,True
1001660,217,2024-06-20 21:00:00,-0.3797102684613583,217,True
1001660,217,2024-06-20 22:00:00,-0.3797102684613583,217,True
1001660,217,2024-06-20 23:00:00,-0.3797102684613583,217,True
1001660,217,2024-06-21 00:00:00,-0.3797102684613583,217,True
1001660,217,2024-06-21 01:00:00,-0.3797102684613583,217,True
1001660,217,2024-06-21 02:00:00,-0.3797102684613583,217,True
1001660,217,2024-06-21 03:00:00,-0.3797102684613583,217,True
1001660,217,2024-06-21 04:00:00,-0.3797102684613583,217,True
1001660,217,2024-06-21 05:00:00,-0.3797102684613583,217,True
1001660,217,2024-06-21 06:00:00,-0.3797102684613583,217,True
1001660,217,2024-06-21 07:00:00,-0.3797102684613583,217,True
1001660,217,2024-06-21 08:00:00,-0.3797102684613583,217,True
1001660,217,2024-06-21 09:00:00,-0.3797102684613583,217,True
1001660,217,2024-06-21 10:00:00,-0.3797102684613583,217,True
1001660,217,2024-06-21 11:00:00,-0.3797102684613583,217,True
1001660,217,2024-06-21 12:00:00,-0.3797102684613583,217,True
1001660,217,2024-06-21 13:00:00,-0.3797102684613583,217,True
1001660,217,2024-06-21 14:00:00,-0.3797102684613583,217,True
1001660,217,2024-06-21 15:00:00,-0.3797102684613583,217,True
1001660,217,2024-06-21 16:00:00,-0.3797102684613583,217,True
1001660,217,2024-06-21 17:00:00,-0.3797102684613583,217,True
1001660,217,2024-06-21 18:00:00,-0.3797102684613583,217,True
1001660,217,2024-06-21 19:00:00,-0.3797102684613583,217,True
1001660,217,2024-06-21 20:00:00,-0.3797102684613583,217,True
1001660,217,2024-06-21 21:00:00,-0.3797102684613583,217,True
1001660,217,2024-06-21 22:00:00,-0.3797102684613583,217,True
1001660,217,2024-06-21 23:00:00,-0.3797102684613583,217,True
1001660,217,2024-06-22 00:00:00,-0.3797102684613583,217,True
1001660,217,2024-06-22 01:00:00,-0.3797102684613583,217,True
1001660,217,2024-06-22 02:00:00,-0.3797102684613583,217,True
1001660,217,2024-06-22 03:00:00,-0.3797102684613583,217,True
1001660,217,2024-06-22 04:00:00,-0.3797102684613583,217,True
1001660,217,2024-06-22 05:00:00,-0.3797102684613583,217,True
1001660,217,2024-06-22 06:00:00,-0.3797102684613583,217,True
1001660,217,2024-06-22 07:00:00,-0.3797102684613583,217,True
1001660,217,2024-06-22 08:00:00,-0.3797102684613583,217,True
1001660,217,2024-06-22 09:00:00,-0.3797102684613583,217,True
1001660,217,2024-06-22 10:00:00,-0.3797102684613583,217,True
1001660,217,2024-06-22 11:00:00,-0.3528677163462697,217,True
1001660,217,2024-06-22 12:00:00,-0.2812875773726999,217,True
1001660,217,2024-06-22 13:00:00,-0.12917978205386416,217,True
1001660,217,2024-06-22 14:00:00,0.43451381236299774,217,True
1001660,217,2024-06-22 15:00:00,1.0876825804968218,217,True
1001660,217,2024-06-22 16:00:00,2.5908654989417874,217,True
1001660,217,2024-06-22 17:00:00,3.5482498577132824,217,True
1001660,217,2024-06-22 18:00:00,4.586161872830044,217,True
1001660,217,2024-06-22 19:00:00,4.800902289750754,217,True
1001660,217,2024-06-22 20:00:00,4.80984980712245,217,True
1001660,217,2024-06-22 21:00:00,4.80984980712245,217,True
1001660,217,2024-06-22 22:00:00,4.917220015582805,217,True
1001660,217,2024-06-22 23:00:00,5.033537741414856,217,True
1001661,217,2024-06-15 00:00:00,-0.3797102684613583,217,True
1001661,217,2024-06-15 01:00:00,-0.3797102684613583,217,True
1001661,217,2024-06-15 02:00:00,-0.3797102684613583,217,True
1001661,217,2024-06-15 03:00:00,-0.3797102684613583,217,True
1001661,217,2024-06-15 04:00:00,-0.3797102684613583,217,True
1001661,217,2024-06-15 05:00:00,-0.3797102684613583,217,True
1001661,217,2024-06-15 06:00:00,-0.3797102684613583,217,True
1001661,217,2024-06-15 07:00:00,-0.3797102684613583,217,True
1001661,217,2024-06-15 08:00:00,-0.3797102684613583,217,True
1001661,217,2024-06-15 09:00:00,-0.3797102684613583,217,True
1001661,217,2024-06-15 10:00:00,-0.3797102684613583,217,True
1001661,217,2024-06-15 11:00:00,-0.3797102684613583,217,True
1001661,217,2024-06-15 12:00:00,-0.3797102684613583,217,True
1001661,217,2024-06-15 13:00:00,0.04977056538006026,217,True
1001661,217,2024-06-15 14:00:00,0.10345566961023764,217,True
1001661,217,2024-06-15 15:00:00,0.23766843018568096,217,True
1001661,217,2024-06-15 16:00:00,0.25556346492907334,217,True
1001661,217,2024-06-15 17:00:00,0.25556346492907334,217,True
1001661,217,2024-06-15 18:00:00,0.25556346492907334,217,True
1001661,217,2024-06-15 19:00:00,0.25556346492907334,217,True
1001661,217,2024-06-15 20:00:00,0.7924145072308465,217,True
1001661,217,2024-06-15 21:00:00,0.7924145072308465,217,True
1001661,217,2024-06-15 22:00:00,0.7924145072308465,217,True
1001661,217,2024-06-15 23:00:00,0.7924145072308465,217,True
1001661,217,2024-06-16 00:00:00,0.8550471288327203,217,True
1001661,217,2024-06-16 01:00:00,0.5418840208233525,217,True
1001661,217,2024-06-16 02:00:00,0.5418840208233525,217,True
1001661,217,2024-06-16 03:00:00,0.5418840208233525,217,True
1001661,217,2024-06-16 04:00:00,0.5418840208233525,217,True
1001661,217,2024-06-16 05:00:00,0.5418840208233525,217,True
1001661,217,2024-06-16 06:00:00,0.5418840208233525,217,True
1001661,217,2024-06-16 07:00:00,0.5418840208233525,217,True
1001661,217,2024-06-16 08:00:00,0.5418840208233525,217,True
1001661,217,2024-06-16 09:00:00,0.5418840208233525,217,True
1001661,217,2024-06-16 10:00:00,0.5418840208233525,217,True
1001661,217,2024-06-16 11:00:00,0.5418840208233525,217,True
1001661,217,2024-06-16 12:00:00,0.5418840208233525,217,True
1001661,217,2024-06-16 13:00:00,0.5418840208233525,217,True
1001661,217,2024-06-16 14:00:00,0.5418840208233525,217,True
1001661,217,2024-06-16 15:00:00,0.5418840208233525,217,True
1001661,217,2024-06-16 16:00:00,0.5418840208233525,217,True
1001661,217,2024-06-16 17:00:00,0.5418840208233525,217,True
1001661,217,2024-06-16 18:00:00,0.5418840208233525,217,True
1001661,217,2024-06-16 19:00:00,0.5418840208233525,217,True
1001661,217,2024-06-16 20:00:00,0.5418840208233525,217,True
1001661,217,2024-06-16 21:00:00,0.5418840208233525,217,True
1001661,217,2024-06-16 22:00:00,0.5418840208233525,217,True
1001661,217,2024-06-16 23:00:00,0.5418840208233525,217,True
1001661,217,2024-06-17 00:00:00,0.5418840208233525,217,True
1001661,217,2024-06-17 01:00:00,-0.3797102684613583,217,True
1001661,217,2024-06-17 02:00:00,-0.3797102684613583,217,True
1001661,217,2024-06-17 03:00:00,-0.3797102684613583,217,True
1001661,217,2024-06-17 04:00:00,-0.3797102684613583,217,True
1001661,217,2024-06-17 05:00:00,-0.3797102684613583,217,True
1001661,217,2024-06-17 06:00:00,-0.3797102684613583,217,True
1001661,217,2024-06-17 07:00:00,-0.3797102684613583,217,True
1001661,217,2024-06-17 08:00:00,-0.3797102684613583,217,True
1001661,217,2024-06-17 09:00:00,-0.3797102684613583,217,True
1001661,217,2024-06-17 10:00:00,-0.3797102684613583,217,True
1001661,217,2024-06-17 11:00:00,-0.3797102684613583,217,True
1001661,217,2024-06-17 12:00:00,-0.3797102684613583,217,True
1001661,217,2024-06-17 13:00:00,-0.3797102684613583,217,True
1001661,217,2024-06-17 14:00:00,-0.3797102684613583,217,True
1001661,217,2024-06-17 15:00:00,-0.3797102684613583,217,True
1001661,217,2024-06-17 16:00:00,-0.3797102684613583,217,True
1001661,217,2024-06-17 17:00:00,-0.3797102684613583,217,True
1001661,217,2024-06-17 18:00:00,-0.3797102684613583,217,True
1001661,217,2024-06-17 19:00:00,-0.3797102684613583,217,True
1001661,217,2024-06-17 20:00:00,-0.3797102684613583,217,True
1001661,217,2024-06-17 21:00:00,-0.3797102684613583,217,True
1001661,217,2024-06-17 22:00:00,-0.3797102684613583,217,True
1001661,217,2024-06-17 23:00:00,-0.3797102684613583,217,True
1001661,217,2024-06-18 00:00:00,-0.3797102684613583,217,True
1001661,217,2024-06-18 01:00:00,-0.3797102684613583,217,True
1001661,217,2024-06-18 02:00:00,-0.3797102684613583,217,True
1001661,217,2024-06-18 03:00:00,-0.3797102684613583,217,True
1001661,217,2024-06-18 04:00:00,-0.3797102684613583,217,True
1001661,217,2024-06-18 05:00:00,-0.3797102684613583,217,True
1001661,217,2024-06-18 06:00:00,-0.3797102684613583,217,True
1001661,217,2024-06-18 07:00:00,-0.3797102684613583,217,True
1001661,217,2024-06-18 08:00:00,-0.3797102684613583,217,True
1001661,217,2024-06-18 09:00:00,-0.3797102684613583,217,True
1001661,217,2024-06-18 10:00:00,-0.3797102684613583,217,True
1001661,217,2024-06-18 11:00:00,-0.3797102684613583,217,True
1001661,217,2024-06-18 12:00:00,-0.3797102684613583,217,True
1001661,217,2024-06-18 13:00:00,-0.3797102684613583,217,True
1001661,217,2024-06-18 14:00:00,-0.3797102684613583,217,True
1001661,217,2024-06-18 15:00:00,-0.3797102684613583,217,True
1001661,217,2024-06-18 16:00:00,-0.3797102684613583,217,True
1001661,217,2024-06-18 17:00:00,-0.3797102684613583,217,True
1001661,217,2024-06-18 18:00:00,-0.3797102684613583,217,True
1001661,217,2024-06-18 19:00:00,-0.3797102684613583,217,True
1001661,217,2024-06-18 20:00:00,-0.3797102684613583,217,True
1001661,217,2024-06-18 21:00:00,-0.3797102684613583,217,True
1001661,217,2024-06-18 22:00:00,-0.3797102684613583,217,True
1001661,217,2024-06-18 23:00:00,-0.3797102684613583,217,True
1001661,217,2024-06-19 00:00:00,-0.3797102684613583,217,True
1001661,217,2024-06-19 01:00:00,-0.3797102684613583,217,True
1001661,217,2024-06-19 02:00:00,-0.3797102684613583,217,True
1001661,217,2024-06-19 03:00:00,-0.3797102684613583,217,True
1001661,217,2024-06-19 04:00:00,-0.3797102684613583,217,True
1001661,217,2024-06-19 05:00:00,-0.3797102684613583,217,True
1001661,217,2024-06-19 06:00:00,-0.3797102684613583,217,True
1001661,217,2024-06-19 07:00:00,-0.3797102684613583,217,True
1001661,217,2024-06-19 08:00:00,-0.3797102684613583,217,True
1001661,217,2024-06-19 09:00:00,-0.3797102684613583,217,True
1001661,217,2024-06-19 10:00:00,-0.3797102684613583,217,True
1001661,217,2024-06-19 11:00:00,-0.3797102684613583,217,True
1001661,217,2024-06-19 12:00:00,-0.3797102684613583,217,True
1001661,217,2024-06-19 13:00:00,-0.3797102684613583,217,True
1001661,217,2024-06-19 14:00:00,-0.3797102684613583,217,True
1001661,217,2024-06-19 15:00:00,-0.3797102684613583,217,True
1001661,217,2024-06-19 16:00:00,-0.3797102684613583,217,True
1001661,217,2024-06-19 17:00:00,-0.3797102684613583,217,True
1001661,217,2024-06-19 18:00:00,-0.3797102684613583,217,True
1001661,217,2024-06-19 19:00:00,-0.3797102684613583,217,True
1001661,217,2024-06-19 20:00:00,-0.3797102684613583,217,True
1001661,217,2024-06-19 21:00:00,-0.3797102684613583,217,True
1001661,217,2024-06-19 22:00:00,-0.3797102684613583,217,True
1001661,217,2024-06-19 23:00:00,-0.3797102684613583,217,True
1001661,217,2024-06-20 00:00:00,-0.3797102684613583,217,True
1001661,217,2024-06-20 01:00:00,-0.3797102684613583,217,True
1001661,217,2024-06-20 02:00:00,-0.3797102684613583,217,True
1001661,217,2024-06-20 03:00:00,-0.3797102684613583,217,True
1001661,217,2024-06-20 04:00:00,-0.3797102684613583,217,True
1001661,217,2024-06-20 05:00:00,-0.3797102684613583,217,True
1001661,217,2024-06-20 06:00:00,-0.3797102684613583,217,True
1001661,217,2024-06-20 07:00:00,-0.3797102684613583,217,True
1001661,217,2024-06-20 08:00:00,-0.3797102684613583,217,True
1001661,217,2024-06-20 09:00:00,-0.3797102684613583,217,True
1001661,217,2024-06-20 10:00:00,-0.3797102684613583,217,True
1001661,217,2024-06-20 11:00:00,-0.3797102684613583,217,True
1001661,217,2024-06-20 12:00:00,-0.3797102684613583,217,True
1001661,217,2024-06-20 13:00:00,-0.3797102684613583,217,True
1001661,217,2024-06-20 14:00:00,-0.3797102684613583,217,True
1001661,217,2024-06-20 15:00:00,-0.3797102684613583,217,True
1001661,217,2024-06-20 16:00:00,-0.3797102684613583,217,True
1001661,217,2024-06-20 17:00:00,-0.3797102684613583,217,True
1001661,217,2024-06-20 18:00:00,-0.3797102684613583,217,True
1001661,217,2024-06-20 19:00:00,-0.3797102684613583,217,True
1001661,217,2024-06-20 20:00:00,-0.3797102684613583,217,True
1001661,217,2024-06-20 21:00:00,-0.3797102684613583,217,True
1001661,217,2024-06-20 22:00:00,-0.3797102684613583,217,True
1001661,217,2024-06-20 23:00:00,-0.3797102684613583,217,True
1001661,217,2024-06-21 00:00:00,-0.3797102684613583,217,True
1001661,217,2024-06-21 01:00:00,-0.3797102684613583,217,True
1001661,217,2024-06-21 02:00:00,-0.3797102684613583,217,True
1001661,217,2024-06-21 03:00:00,-0.3797102684613583,217,True
1001661,217,2024-06-21 04:00:00,-0.3797102684613583,217,True
1001661,217,2024-06-21 05:00:00,-0.3797102684613583,217,True
1001661,217,2024-06-21 06:00:00,-0.3797102684613583,217,True
1001661,217,2024-06-21 07:00:00,-0.3797102684613583,217,True
1001661,217,2024-06-21 08:00:00,-0.3797102684613583,217,True
1001661,217,2024-06-21 09:00:00,-0.3797102684613583,217,True
1001661,217,2024-06-21 10:00:00,-0.3797102684613583,217,True
1001661,217,2024-06-21 11:00:00,-0.3797102684613583,217,True
1001661,217,2024-06-21 12:00:00,-0.3797102684613583,217,True
1001661,217,2024-06-21 13:00:00,-0.3797102684613583,217,True
1001661,217,2024-06-21 14:00:00,-0.3797102684613583,217,True
1001661,217,2024-06-21 15:00:00,-0.3797102684613583,217,True
1001661,217,2024-06-21 16:00:00,-0.3797102684613583,217,True
1001661,217,2024-06-21 17:00:00,-0.3797102684613583,217,True
1001661,217,2024-06-21 18:00:00,-0.3797102684613583,217,True
1001661,217,2024-06-21 19:00:00,-0.3797102684613583,217,True
1001661,217,2024-06-21 20:00:00,-0.3797102684613583,217,True
1001661,217,2024-06-21 21:00:00,-0.3797102684613583,217,True
1001661,217,2024-06-21 22:00:00,-0.3797102684613583,217,True
1001661,217,2024-06-21 23:00:00,-0.3797102684613583,217,True
1001661,217,2024-06-22 00:00:00,-0.3797102684613583,217,True
1001661,217,2024-06-22 01:00:00,-0.3797102684613583,217,True
1001661,217,2024-06-22 02:00:00,-0.3797102684613583,217,True
1001661,217,2024-06-22 03:00:00,-0.3797102684613583,217,True
1001661,217,2024-06-22 04:00:00,-0.3797102684613583,217,True
1001661,217,2024-06-22 05:00:00,-0.3797102684613583,217,True
1001661,217,2024-06-22 06:00:00,-0.3797102684613583,217,True
1001661,217,2024-06-22 07:00:00,-0.3797102684613583,217,True
1001661,217,2024-06-22 08:00:00,-0.3797102684613583,217,True
1001661,217,2024-06-22 09:00:00,-0.3797102684613583,217,True
1001661,217,2024-06-22 10:00:00,-0.3797102684613583,217,True
1001661,217,2024-06-22 11:00:00,-0.3528677163462697,217,True
1001661,217,2024-06-22 12:00:00,-0.2812875773726999,217,True
1001661,217,2024-06-22 13:00:00,-0.12917978205386416,217,True
1001661,217,2024-06-22 14:00:00,0.43451381236299774,217,True
1001661,217,2024-06-22 15:00:00,1.0876825804968218,217,True
1001661,217,2024-06-22 16:00:00,2.5908654989417874,217,True
1001661,217,2024-06-22 17:00:00,3.5482498577132824,217,True
1001661,217,2024-06-22 18:00:00,4.586161872830044,217,True
1001661,217,2024-06-22 19:00:00,4.800902289750754,217,True
1001661,217,2024-06-22 20:00:00,4.80984980712245,217,True
1001661,217,2024-06-22 21:00:00,4.80984980712245,217,True
1001661,217,2024-06-22 22:00:00,4.917220015582805,217,True
1001661,217,2024-06-22 23:00:00,5.033537741414856,217,True
1001665,527,2024-06-15 00:00:00,-0.3197843503066872,527,True
1001665,527,2024-06-15 01:00:00,-0.3197843503066872,527,True
1001665,527,2024-06-15 02:00:00,-0.3197843503066872,527,True
1001665,527,2024-06-15 03:00:00,-0.3197843503066872,527,True
1001665,527,2024-06-15 04:00:00,-0.3197843503066872,527,True
1001665,527,2024-06-15 05:00:00,-0.3197843503066872,527,True
1001665,527,2024-06-15 06:00:00,-0.3197843503066872,527,True
1001665,527,2024-06-15 07:00:00,-0.3197843503066872,527,True
1001665,527,2024-06-15 08:00:00,-0.3197843503066872,527,True
1001665,527,2024-06-15 09:00:00,-0.3197843503066872,527,True
1001665,527,2024-06-15 10:00:00,-0.3197843503066872,527,True
1001665,527,2024-06-15 11:00:00,-0.3197843503066872,527,True
1001665,527,2024-06-15 12:00:00,-0.3197843503066872,527,True
1001665,527,2024-06-15 13:00:00,-0.283496764456283,527,True
1001665,527,2024-06-15 14:00:00,0.4422549525518015,527,True
1001665,527,2024-06-15 15:00:00,1.349444598811907,527,True
1001665,527,2024-06-15 16:00:00,1.7123204573159494,527,True
1001665,527,2024-06-15 17:00:00,1.9300459724183747,527,True
1001665,527,2024-06-15 18:00:00,1.9300459724183747,527,True
1001665,527,2024-06-15 19:00:00,1.9300459724183747,527,True
1001665,527,2024-06-15 20:00:00,2.0751963158199915,527,True
1001665,527,2024-06-15 21:00:00,2.111483901670396,527,True
1001665,527,2024-06-15 22:00:00,2.3292094167728212,527,True
1001665,527,2024-06-15 23:00:00,2.3292094167728212,527,True
1001665,527,2024-06-16 00:00:00,2.3654970026232256,527,True
1001665,527,2024-06-16 01:00:00,-0.3197843503066872,527,True
1001665,527,2024-06-16 02:00:00,-0.3197843503066872,527,True
1001665,527,2024-06-16 03:00:00,-0.3197843503066872,527,True
1001665,527,2024-06-16 04:00:00,-0.3197843503066872,527,True
1001665,527,2024-06-16 05:00:00,-0.3197843503066872,527,True
1001665,527,2024-06-16 06:00:00,-0.3197843503066872,527,True
1001665,527,2024-06-16 07:00:00,-0.3197843503066872,527,True
1001665,527,2024-06-16 08:00:00,-0.3197843503066872,527,True
1001665,527,2024-06-16 09:00:00,-0.3197843503066872,527,True
1001665,527,2024-06-16 10:00:00,-0.3197843503066872,527,True
1001665,527,2024-06-16 11:00:00,-0.3197843503066872,527,True
1001665,527,2024-06-16 12:00:00,-0.3197843503066872,527,True
1001665,527,2024-06-16 13:00:00,-0.3197843503066872,527,True
1001665,527,2024-06-16 14:00:00,-0.3197843503066872,527,True
1001665,527,2024-06-16 15:00:00,-0.3197843503066872,527,True
1001665,527,2024-06-16 16:00:00,-0.3197843503066872,527,True
1001665,527,2024-06-16 17:00:00,-0.3197843503066872,527,True
1001665,527,2024-06-16 18:00:00,-0.3197843503066872,527,True
1001665,527,2024-06-16 19:00:00,-0.3197843503066872,527,True
1001665,527,2024-06-16 20:00:00,-0.3197843503066872,527,True
1001665,527,2024-06-16 21:00:00,-0.3197843503066872,527,True
1001665,527,2024-06-16 22:00:00,-0.3197843503066872,527,True
1001665,527,2024-06-16 23:00:00,-0.3197843503066872,527,True
1001665,527,2024-06-17 00:00:00,-0.3197843503066872,527,True
1001665,527,2024-06-17 01:00:00,-0.3197843503066872,527,True
1001665,527,2024-06-17 02:00:00,-0.3197843503066872,527,True
1001665,527,2024-06-17 03:00:00,-0.3197843503066872,527,True
1001665,527,2024-06-17 04:00:00,-0.3197843503066872,527,True
1001665,527,2024-06-17 05:00:00,-0.3197843503066872,527,True
1001665,527,2024-06-17 06:00:00,-0.3197843503066872,527,True
1001665,527,2024-06-17 07:00:00,-0.3197843503066872,527,True
1001665,527,2024-06-17 08:00:00,-0.3197843503066872,527,True
1001665,527,2024-06-17 09:00:00,-0.3197843503066872,527,True
1001665,527,2024-06-17 10:00:00,-0.3197843503066872,527,True
1001665,527,2024-06-17 11:00:00,-0.3197843503066872,527,True
1001665,527,2024-06-17 12:00:00,-0.3197843503066872,527,True
1001665,527,2024-06-17 13:00:00,-0.3197843503066872,527,True
1001665,527,2024-06-17 14:00:00,-0.3197843503066872,527,True
1001665,527,2024-06-17 15:00:00,-0.3197843503066872,527,True
1001665,527,2024-06-17 16:00:00,-0.3197843503066872,527,True
1001665,527,2024-06-17 17:00:00,-0.3197843503066872,527,True
1001665,527,2024-06-17 18:00:00,-0.3197843503066872,527,True
1001665,527,2024-06-17 19:00:00,-0.3197843503066872,527,True
1001665,527,2024-06-17 20:00:00,-0.3197843503066872,527,True
1001665,527,2024-06-17 21:00:00,-0.3197843503066872,527,True
1001665,527,2024-06-17 22:00:00,-0.3197843503066872,527,True
1001665,527,2024-06-17 23:00:00,-0.3197843503066872,527,True
1001665,527,2024-06-18 00:00:00,-0.3197843503066872,527,True
1001665,527,2024-06-18 01:00:00,-0.3197843503066872,527,True
1001665,527,2024-06-18 02:00:00,-0.3197843503066872,527,True
1001665,527,2024-06-18 03:00:00,-0.3197843503066872,527,True
1001665,527,2024-06-18 04:00:00,-0.3197843503066872,527,True
1001665,527,2024-06-18 05:00:00,-0.3197843503066872,527,True
1001665,527,2024-06-18 06:00:00,-0.3197843503066872,527,True
1001665,527,2024-06-18 07:00:00,-0.3197843503066872,527,True
1001665,527,2024-06-18 08:00:00,-0.3197843503066872,527,True
1001665,527,2024-06-18 09:00:00,-0.3197843503066872,527,True
1001665,527,2024-06-18 10:00:00,-0.3197843503066872,527,True
1001665,527,2024-06-18 11:00:00,-0.3197843503066872,527,True
1001665,527,2024-06-18 12:00:00,-0.3197843503066872,527,True
1001665,527,2024-06-18 13:00:00,-0.3197843503066872,527,True
1001665,527,2024-06-18 14:00:00,-0.3197843503066872,527,True
1001665,527,2024-06-18 15:00:00,-0.3197843503066872,527,True
1001665,527,2024-06-18 16:00:00,-0.3197843503066872,527,True
1001665,527,2024-06-18 17:00:00,-0.3197843503066872,527,True
1001665,527,2024-06-18 18:00:00,-0.3197843503066872,527,True
1001665,527,2024-06-18 19:00:00,-0.3197843503066872,527,True
1001665,527,2024-06-18 20:00:00,-0.3197843503066872,527,True
1001665,527,2024-06-18 21:00:00,-0.3197843503066872,527,True
1001665,527,2024-06-18 22:00:00,-0.3197843503066872,527,True
1001665,527,2024-06-18 23:00:00,-0.3197843503066872,527,True
1001665,527,2024-06-19 00:00:00,-0.3197843503066872,527,True
1001665,527,2024-06-19 01:00:00,-0.3197843503066872,527,True
1001665,527,2024-06-19 02:00:00,-0.3197843503066872,527,True
1001665,527,2024-06-19 03:00:00,-0.3197843503066872,527,True
1001665,527,2024-06-19 04:00:00,-0.3197843503066872,527,True
1001665,527,2024-06-19 05:00:00,-0.3197843503066872,527,True
1001665,527,2024-06-19 06:00:00,-0.3197843503066872,527,True
1001665,527,2024-06-19 07:00:00,-0.3197843503066872,527,True
1001665,527,2024-06-19 08:00:00,-0.3197843503066872,527,True
1001665,527,2024-06-19 09:00:00,-0.3197843503066872,527,True
1001665,527,2024-06-19 10:00:00,-0.3197843503066872,527,True
1001665,527,2024-06-19 11:00:00,-0.3197843503066872,527,True
1001665,527,2024-06-19 12:00:00,-0.3197843503066872,527,True
1001665,527,2024-06-19 13:00:00,-0.3197843503066872,527,True
1001665,527,2024-06-19 14:00:00,-0.3197843503066872,527,True
1001665,527,2024-06-19 15:00:00,-0.3197843503066872,527,True
1001665,527,2024-06-19 16:00:00,-0.3197843503066872,527,True
1001665,527,2024-06-19 17:00:00,-0.3197843503066872,527,True
1001665,527,2024-06-19 18:00:00,-0.3197843503066872,527,True
1001665,527,2024-06-19 19:00:00,-0.3197843503066872,527,True
1001665,527,2024-06-19 20:00:00,-0.3197843503066872,527,True
1001665,527,2024-06-19 21:00:00,-0.3197843503066872,527,True
1001665,527,2024-06-19 22:00:00,-0.3197843503066872,527,True
1001665,527,2024-06-19 23:00:00,-0.3197843503066872,527,True
1001665,527,2024-06-20 00:00:00,-0.3197843503066872,527,True
1001665,527,2024-06-20 01:00:00,-0.3197843503066872,527,True
1001665,527,2024-06-20 02:00:00,-0.3197843503066872,527,True
1001665,527,2024-06-20 03:00:00,-0.3197843503066872,527,True
1001665,527,2024-06-20 04:00:00,-0.3197843503066872,527,True
1001665,527,2024-06-20 05:00:00,-0.3197843503066872,527,True
1001665,527,2024-06-20 06:00:00,-0.3197843503066872,527,True
1001665,527,2024-06-20 07:00:00,-0.3197843503066872,527,True
1001665,527,2024-06-20 08:00:00,-0.3197843503066872,527,True
1001665,527,2024-06-20 09:00:00,-0.3197843503066872,527,True
1001665,527,2024-06-20 10:00:00,-0.3197843503066872,527,True
1001665,527,2024-06-20 11:00:00,-0.3197843503066872,527,True
1001665,527,2024-06-20 12:00:00,-0.3197843503066872,527,True
1001665,527,2024-06-20 13:00:00,-0.3197843503066872,527,True
1001665,527,2024-06-20 14:00:00,-0.3197843503066872,527,True
1001665,527,2024-06-20 15:00:00,-0.3197843503066872,527,True
1001665,527,2024-06-20 16:00:00,-0.3197843503066872,527,True
1001665,527,2024-06-20 17:00:00,-0.3197843503066872,527,True
1001665,527,2024-06-20 18:00:00,-0.3197843503066872,527,True
1001665,527,2024-06-20 19:00:00,-0.3197843503066872,527,True
1001665,527,2024-06-20 20:00:00,-0.3197843503066872,527,True
1001665,527,2024-06-20 21:00:00,-0.3197843503066872,527,True
1001665,527,2024-06-20 22:00:00,-0.3197843503066872,527,True
1001665,527,2024-06-20 23:00:00,-0.3197843503066872,527,True
1001665,527,2024-06-21 00:00:00,-0.3197843503066872,527,True
1001665,527,2024-06-21 01:00:00,-0.3197843503066872,527,True
1001665,527,2024-06-21 02:00:00,-0.3197843503066872,527,True
1001665,527,2024-06-21 03:00:00,-0.3197843503066872,527,True
1001665,527,2024-06-21 04:00:00,-0.3197843503066872,527,True
1001665,527,2024-06-21 05:00:00,-0.3197843503066872,527,True
1001665,527,2024-06-21 06:00:00,-0.3197843503066872,527,True
1001665,527,2024-06-21 07:00:00,-0.3197843503066872,527,True
1001665,527,2024-06-21 08:00:00,-0.3197843503066872,527,True
1001665,527,2024-06-21 09:00:00,-0.3197843503066872,527,True
1001665,527,2024-06-21 10:00:00,-0.3197843503066872,527,True
1001665,527,2024-06-21 11:00:00,-0.3197843503066872,527,True
1001665,527,2024-06-21 12:00:00,-0.3197843503066872,527,True
1001665,527,2024-06-21 13:00:00,-0.3197843503066872,527,True
1001665,527,2024-06-21 14:00:00,-0.3197843503066872,527,True
1001665,527,2024-06-21 15:00:00,-0.3197843503066872,527,True
1001665,527,2024-06-21 16:00:00,-0.3197843503066872,527,True
1001665,527,2024-06-21 17:00:00,-0.3197843503066872,527,True
1001665,527,2024-06-21 18:00:00,-0.3197843503066872,527,True
1001665,527,2024-06-21 19:00:00,-0.3197843503066872,527,True
1001665,527,2024-06-21 20:00:00,-0.3197843503066872,527,True
1001665,527,2024-06-21 21:00:00,-0.3197843503066872,527,True
1001665,527,2024-06-21 22:00:00,-0.3197843503066872,527,True
1001665,527,2024-06-21 23:00:00,-0.3197843503066872,527,True
1001665,527,2024-06-22 00:00:00,-0.3197843503066872,527,True
1001665,527,2024-06-22 01:00:00,-0.3197843503066872,527,True
1001665,527,2024-06-22 02:00:00,-0.3197843503066872,527,True
1001665,527,2024-06-22 03:00:00,-0.3197843503066872,527,True
1001665,527,2024-06-22 04:00:00,-0.3197843503066872,527,True
1001665,527,2024-06-22 05:00:00,-0.3197843503066872,527,True
1001665,527,2024-06-22 06:00:00,-0.3197843503066872,527,True
1001665,527,2024-06-22 07:00:00,-0.3197843503066872,527,True
1001665,527,2024-06-22 08:00:00,-0.3197843503066872,527,True
1001665,527,2024-06-22 09:00:00,-0.3197843503066872,527,True
1001665,527,2024-06-22 10:00:00,-0.3197843503066872,527,True
1001665,527,2024-06-22 11:00:00,-0.283496764456283,527,True
1001665,527,2024-06-22 12:00:00,-0.24720917860587877,527,True
1001665,527,2024-06-22 13:00:00,0.006803922346950792,527,True
1001665,527,2024-06-22 14:00:00,0.5511177101030141,527,True
1001665,527,2024-06-22 15:00:00,1.313157012961503,527,True
1001665,527,2024-06-22 16:00:00,2.4017845884736295,527,True
1001665,527,2024-06-22 17:00:00,3.09124871963131,527,True
1001665,527,2024-06-22 18:00:00,3.962150780041011,527,True
1001665,527,2024-06-22 19:00:00,4.3250266385450535,527,True
1001665,527,2024-06-22 20:00:00,4.361314224395458,527,True
1001665,527,2024-06-22 21:00:00,4.47017698194667,527,True
1001665,527,2024-06-22 22:00:00,4.579039739497883,527,True
1001665,527,2024-06-22 23:00:00,4.651614911198691,527,True
1001670,121,2024-06-15 00:00:00,-7.138624247385817,121,True
1001670,121,2024-06-15 01:00:00,-0.19133552433282006,121,True
1001670,121,2024-06-15 02:00:00,-0.19133552433282006,121,True
1001670,121,2024-06-15 03:00:00,-0.19133552433282006,121,True
1001670,121,2024-06-15 04:00:00,-0.19133552433282006,121,True
1001670,121,2024-06-15 05:00:00,-0.17730059761958167,121,True
1001670,121,2024-06-15 06:00:00,-0.17730059761958167,121,True
1001670,121,2024-06-15 07:00:00,-0.17730059761958167,121,True
1001670,121,2024-06-15 08:00:00,-0.17730059761958167,121,True
1001670,121,2024-06-15 09:00:00,-0.17730059761958167,121,True
1001670,121,2024-06-15 10:00:00,-0.12817835412324738,121,True
1001670,121,2024-06-15 11:00:00,-0.12116089076662817,121,True
1001670,121,2024-06-15 12:00:00,-0.12116089076662817,121,True
1001670,121,2024-06-15 13:00:00,-0.12116089076662817,121,True
1001670,121,2024-06-15 14:00:00,-0.12116089076662817,121,True
1001670,121,2024-06-15 15:00:00,0.18760749692461615,121,True
1001670,121,2024-06-15 16:00:00,0.25076466713418877,121,True
1001670,121,2024-06-15 17:00:00,0.29286944727390396,121,True
1001670,121,2024-06-15 18:00:00,0.29286944727390396,121,True
1001670,121,2024-06-15 19:00:00,0.29286944727390396,121,True
1001670,121,2024-06-15 20:00:00,0.6437426151048634,121,True
1001670,121,2024-06-15 21:00:00,0.6647950051747209,121,True
1001670,121,2024-06-15 22:00:00,0.6718124685313401,121,True
1001670,121,2024-06-15 23:00:00,0.6788299318879594,121,True
1001670,121,2024-06-16 00:00:00,0.6858473952445785,121,True
1001670,121,2024-06-16 01:00:00,-0.17730059761958167,121,True
1001670,121,2024-06-16 02:00:00,-0.17730059761958167,121,True
1001670,121,2024-06-16 03:00:00,-0.17730059761958167,121,True
1001670,121,2024-06-16 04:00:00,-0.17730059761958167,121,True
1001670,121,2024-06-16 05:00:00,-0.17730059761958167,121,True
1001670,121,2024-06-16 06:00:00,-0.17730059761958167,121,True
1001670,121,2024-06-16 07:00:00,-0.17730059761958167,121,True
1001670,121,2024-06-16 08:00:00,-0.17730059761958167,121,True
1001670,121,2024-06-16 09:00:00,-0.17730059761958167,121,True
1001670,121,2024-06-16 10:00:00,-0.17730059761958167,121,True
1001670,121,2024-06-16 11:00:00,-0.17730059761958167,121,True
1001670,121,2024-06-16 12:00:00,-0.17730059761958167,121,True
1001670,121,2024-06-16 13:00:00,-0.17730059761958167,121,True
1001670,121,2024-06-16 14:00:00,-0.17730059761958167,121,True
1001670,121,2024-06-16 15:00:00,-0.17730059761958167,121,True
1001670,121,2024-06-16 16:00:00,-0.17730059761958167,121,True
1001670,121,2024-06-16 17:00:00,-0.17730059761958167,121,True
1001670,121,2024-06-16 18:00:00,-0.17730059761958167,121,True
1001670,121,2024-06-16 19:00:00,-0.17730059761958167,121,True
1001670,121,2024-06-16 20:00:00,-0.17730059761958167,121,True
1001670,121,2024-06-16 21:00:00,-0.17730059761958167,121,True
1001670,121,2024-06-16 22:00:00,-0.17730059761958167,121,True
1001670,121,2024-06-16 23:00:00,-0.17730059761958167,121,True
1001670,121,2024-06-17 00:00:00,-0.17730059761958167,121,True
1001670,121,2024-06-17 01:00:00,-0.19133552433282006,121,True
1001670,121,2024-06-17 02:00:00,-0.19133552433282006,121,True
1001670,121,2024-06-17 03:00:00,-0.19133552433282006,121,True
1001670,121,2024-06-17 04:00:00,-0.19133552433282006,121,True
1001670,121,2024-06-17 05:00:00,-0.19133552433282006,121,True
1001670,121,2024-06-17 06:00:00,-0.19133552433282006,121,True
1001670,121,2024-06-17 07:00:00,-0.19133552433282006,121,True
1001670,121,2024-06-17 08:00:00,-0.19133552433282006,121,True
1001670,121,2024-06-17 09:00:00,-0.19133552433282006,121,True
1001670,121,2024-06-17 10:00:00,-0.19133552433282006,121,True
1001670,121,2024-06-17 11:00:00,-0.19133552433282006,121,True
1001670,121,2024-06-17 12:00:00,-0.19133552433282006,121,True
1001670,121,2024-06-17 13:00:00,-0.19133552433282006,121,True
1001670,121,2024-06-17 14:00:00,-0.19133552433282006,121,True
1001670,121,2024-06-17 15:00:00,-0.19133552433282006,121,True
1001670,121,2024-06-17 16:00:00,-0.19133552433282006,121,True
1001670,121,2024-06-17 17:00:00,-0.19133552433282006,121,True
1001670,121,2024-06-17 18:00:00,-0.19133552433282006,121,True
1001670,121,2024-06-17 19:00:00,-0.19133552433282006,121,True
1001670,121,2024-06-17 20:00:00,-0.19133552433282006,121,True
1001670,121,2024-06-17 21:00:00,-0.19133552433282006,121,True
1001670,121,2024-06-17 22:00:00,-0.19133552433282006,121,True
1001670,121,2024-06-17 23:00:00,-0.19133552433282006,121,True
1001670,121,2024-06-18 00:00:00,-0.19133552433282006,121,True
1001670,121,2024-06-18 01:00:00,-0.19133552433282006,121,True
1001670,121,2024-06-18 02:00:00,-0.19133552433282006,121,True
1001670,121,2024-06-18 03:00:00,-0.19133552433282006,121,True
1001670,121,2024-06-18 04:00:00,-0.19133552433282006,121,True
1001670,121,2024-06-18 05:00:00,-0.19133552433282006,121,True
1001670,121,2024-06-18 06:00:00,-0.19133552433282006,121,True
1001670,121,2024-06-18 07:00:00,-0.19133552433282006,121,True
1001670,121,2024-06-18 08:00:00,-0.19133552433282006,121,True
1001670,121,2024-06-18 09:00:00,-0.19133552433282006,121,True
1001670,121,2024-06-18 10:00:00,-0.19133552433282006,121,True
1001670,121,2024-06-18 11:00:00,-0.19133552433282006,121,True
1001670,121,2024-06-18 12:00:00,-0.19133552433282006,121,True
1001670,121,2024-06-18 13:00:00,-0.19133552433282006,121,True
1001670,121,2024-06-18 14:00:00,-0.19133552433282006,121,True
1001670,121,2024-06-18 15:00:00,-0.19133552433282006,121,True
1001670,121,2024-06-18 16:00:00,-0.19133552433282006,121,True
1001670,121,2024-06-18 17:00:00,-0.19133552433282006,121,True
1001670,121,2024-06-18 18:00:00,-0.19133552433282006,121,True
1001670,121,2024-06-18 19:00:00,-0.19133552433282006,121,True
1001670,121,2024-06-18 20:00:00,-0.19133552433282006,121,True
1001670,121,2024-06-18 21:00:00,-0.19133552433282006,121,True
1001670,121,2024-06-18 22:00:00,-0.19133552433282006,121,True
1001670,121,2024-06-18 23:00:00,-0.19133552433282006,121,True
1001670,121,2024-06-19 00:00:00,-0.19133552433282006,121,True
1001670,121,2024-06-19 01:00:00,-0.19133552433282006,121,True
1001670,121,2024-06-19 02:00:00,-0.19133552433282006,121,True
1001670,121,2024-06-19 03:00:00,-0.19133552433282006,121,True
1001670,121,2024-06-19 04:00:00,-0.19133552433282006,121,True
1001670,121,2024-06-19 05:00:00,-0.19133552433282006,121,True
1001670,121,2024-06-19 06:00:00,-0.19133552433282006,121,True
1001670,121,2024-06-19 07:00:00,-0.19133552433282006,121,True
1001670,121,2024-06-19 08:00:00,-0.19133552433282006,121,True
1001670,121,2024-06-19 09:00:00,-0.19133552433282006,121,True
1001670,121,2024-06-19 10:00:00,-0.19133552433282006,121,True
1001670,121,2024-06-19 11:00:00,-0.19133552433282006,121,True
1001670,121,2024-06-19 12:00:00,-0.19133552433282006,121,True
1001670,121,2024-06-19 13:00:00,-0.19133552433282006,121,True
1001670,121,2024-06-19 14:00:00,-0.19133552433282006,121,True
1001670,121,2024-06-19 15:00:00,-0.19133552433282006,121,True
1001670,121,2024-06-19 16:00:00,-0.19133552433282006,121,True
1001670,121,2024-06-19 17:00:00,-0.19133552433282006,121,True
1001670,121,2024-06-19 18:00:00,-0.19133552433282006,121,True
1001670,121,2024-06-19 19:00:00,-0.19133552433282006,121,True
1001670,121,2024-06-19 20:00:00,-0.19133552433282006,121,True
1001670,121,2024-06-19 21:00:00,-0.19133552433282006,121,True
1001670,121,2024-06-19 22:00:00,-0.19133552433282006,121,True
1001670,121,2024-06-19 23:00:00,-0.19133552433282006,121,True
1001670,121,2024-06-20 00:00:00,-0.19133552433282006,121,True
1001670,121,2024-06-20 01:00:00,-0.19133552433282006,121,True
1001670,121,2024-06-20 02:00:00,-0.19133552433282006,121,True
1001670,121,2024-06-20 03:00:00,-0.19133552433282006,121,True
1001670,121,2024-06-20 04:00:00,-0.19133552433282006,121,True
1001670,121,2024-06-20 05:00:00,-0.19133552433282006,121,True
1001670,121,2024-06-20 06:00:00,-0.19133552433282006,121,True
1001670,121,2024-06-20 07:00:00,-0.19133552433282006,121,True
1001670,121,2024-06-20 08:00:00,-0.19133552433282006,121,True
1001670,121,2024-06-20 09:00:00,-0.19133552433282006,121,True
1001670,121,2024-06-20 10:00:00,-0.19133552433282006,121,True
1001670,121,2024-06-20 11:00:00,-0.19133552433282006,121,True
1001670,121,2024-06-20 12:00:00,-0.19133552433282006,121,True
1001670,121,2024-06-20 13:00:00,-0.19133552433282006,121,True
1001670,121,2024-06-20 14:00:00,-0.19133552433282006,121,True
1001670,121,2024-06-20 15:00:00,-0.19133552433282006,121,True
1001670,121,2024-06-20 16:00:00,-0.19133552433282006,121,True
1001670,121,2024-06-20 17:00:00,-0.19133552433282006,121,True
1001670,121,2024-06-20 18:00:00,-0.19133552433282006,121,True
1001670,121,2024-06-20 19:00:00,-0.19133552433282006,121,True
1001670,121,2024-06-20 20:00:00,-0.19133552433282006,121,True
1001670,121,2024-06-20 21:00:00,-0.19133552433282006,121,True
1001670,121,2024-06-20 22:00:00,-0.19133552433282006,121,True
1001670,121,2024-06-20 23:00:00,-0.19133552433282006,121,True
1001670,121,2024-06-21 00:00:00,-0.19133552433282006,121,True
1001670,121,2024-06-21 01:00:00,-0.19133552433282006,121,True
1001670,121,2024-06-21 02:00:00,-0.19133552433282006,121,True
1001670,121,2024-06-21 03:00:00,-0.19133552433282006,121,True
1001670,121,2024-06-21 04:00:00,-0.19133552433282006,121,True
1001670,121,2024-06-21 05:00:00,-0.19133552433282006,121,True
1001670,121,2024-06-21 06:00:00,-0.19133552433282006,121,True
1001670,121,2024-06-21 07:00:00,-0.19133552433282006,121,True
1001670,121,2024-06-21 08:00:00,-0.19133552433282006,121,True
1001670,121,2024-06-21 09:00:00,-0.19133552433282006,121,True
1001670,121,2024-06-21 10:00:00,-0.19133552433282006,121,True
1001670,121,2024-06-21 11:00:00,-0.19133552433282006,121,True
1001670,121,2024-06-21 12:00:00,-0.19133552433282006,121,True
1001670,121,2024-06-21 13:00:00,-0.19133552433282006,121,True
1001670,121,2024-06-21 14:00:00,-0.19133552433282006,121,True
1001670,121,2024-06-21 15:00:00,-0.19133552433282006,121,True
1001670,121,2024-06-21 16:00:00,-0.19133552433282006,121,True
1001670,121,2024-06-21 17:00:00,-0.19133552433282006,121,True
1001670,121,2024-06-21 18:00:00,-0.19133552433282006,121,True
1001670,121,2024-06-21 19:00:00,-0.19133552433282006,121,True
1001670,121,2024-06-21 20:00:00,-0.19133552433282006,121,True
1001670,121,2024-06-21 21:00:00,-0.19133552433282006,121,True
1001670,121,2024-06-21 22:00:00,-0.19133552433282006,121,True
1001670,121,2024-06-21 23:00:00,-0.19133552433282006,121,True
1001670,121,2024-06-22 00:00:00,-0.19133552433282006,121,True
1001670,121,2024-06-22 01:00:00,-0.19133552433282006,121,True
1001670,121,2024-06-22 02:00:00,-0.19133552433282006,121,True
1001670,121,2024-06-22 03:00:00,-0.19133552433282006,121,True
1001670,121,2024-06-22 04:00:00,-0.19133552433282006,121,True
1001670,121,2024-06-22 05:00:00,-0.19133552433282006,121,True
1001670,121,2024-06-22 06:00:00,-0.19133552433282006,121,True
1001670,121,2024-06-22 07:00:00,-0.18431806097620085,121,True
1001670,121,2024-06-22 08:00:00,-0.18431806097620085,121,True
1001670,121,2024-06-22 09:00:00,-0.18431806097620085,121,True
1001670,121,2024-06-22 10:00:00,-0.17730059761958167,121,True
1001670,121,2024-06-22 11:00:00,-0.09309103734015142,121,True
1001670,121,2024-06-22 12:00:00,-0.05098625720043629,121,True
1001670,121,2024-06-22 13:00:00,0.08234554657532828,121,True
1001670,121,2024-06-22 14:00:00,0.6367251517482442,121,True
1001670,121,2024-06-22 15:00:00,1.4226810476895932,121,True
1001670,121,2024-06-22 16:00:00,2.594597428244998,121,True
1001670,121,2024-06-22 17:00:00,3.282308837193678,121,True
1001670,121,2024-06-22 18:00:00,3.8998456125761667,121,True
1001670,121,2024-06-22 19:00:00,4.271771170476984,121,True
1001670,121,2024-06-22 20:00:00,4.285806097190222,121,True
1001670,121,2024-06-22 21:00:00,4.419137900965987,121,True
1001670,121,2024-06-22 22:00:00,4.517382387958655,121,True
1001670,121,2024-06-22 23:00:00,4.56650463145499,121,True
1001690,121,2024-06-15 00:00:00,-7.138624247385817,121,True
1001690,121,2024-06-15 01:00:00,-0.19133552433282006,121,True
1001690,121,2024-06-15 02:00:00,-0.19133552433282006,121,True
1001690,121,2024-06-15 03:00:00,-0.19133552433282006,121,True
1001690,121,2024-06-15 04:00:00,-0.19133552433282006,121,True
1001690,121,2024-06-15 05:00:00,-0.17730059761958167,121,True
1001690,121,2024-06-15 06:00:00,-0.17730059761958167,121,True
1001690,121,2024-06-15 07:00:00,-0.17730059761958167,121,True
1001690,121,2024-06-15 08:00:00,-0.17730059761958167,121,True
1001690,121,2024-06-15 09:00:00,-0.17730059761958167,121,True
1001690,121,2024-06-15 10:00:00,-0.12817835412324738,121,True
1001690,121,2024-06-15 11:00:00,-0.12116089076662817,121,True
1001690,121,2024-06-15 12:00:00,-0.12116089076662817,121,True
1001690,121,2024-06-15 13:00:00,-0.12116089076662817,121,True
1001690,121,2024-06-15 14:00:00,-0.12116089076662817,121,True
1001690,121,2024-06-15 15:00:00,0.18760749692461615,121,True
1001690,121,2024-06-15 16:00:00,0.25076466713418877,121,True
1001690,121,2024-06-15 17:00:00,0.29286944727390396,121,True
1001690,121,2024-06-15 18:00:00,0.29286944727390396,121,True
1001690,121,2024-06-15 19:00:00,0.29286944727390396,121,True
1001690,121,2024-06-15 20:00:00,0.6437426151048634,121,True
1001690,121,2024-06-15 21:00:00,0.6647950051747209,121,True
1001690,121,2024-06-15 22:00:00,0.6718124685313401,121,True
1001690,121,2024-06-15 23:00:00,0.6788299318879594,121,True
1001690,121,2024-06-16 00:00:00,0.6858473952445785,121,True
1001690,121,2024-06-16 01:00:00,-0.17730059761958167,121,True
1001690,121,2024-06-16 02:00:00,-0.17730059761958167,121,True
1001690,121,2024-06-16 03:00:00,-0.17730059761958167,121,True
1001690,121,2024-06-16 04:00:00,-0.17730059761958167,121,True
1001690,121,2024-06-16 05:00:00,-0.17730059761958167,121,True
1001690,121,2024-06-16 06:00:00,-0.17730059761958167,121,True
1001690,121,2024-06-16 07:00:00,-0.17730059761958167,121,True
1001690,121,2024-06-16 08:00:00,-0.17730059761958167,121,True
1001690,121,2024-06-16 09:00:00,-0.17730059761958167,121,True
1001690,121,2024-06-16 10:00:00,-0.17730059761958167,121,True
1001690,121,2024-06-16 11:00:00,-0.17730059761958167,121,True
1001690,121,2024-06-16 12:00:00,-0.17730059761958167,121,True
1001690,121,2024-06-16 13:00:00,-0.17730059761958167,121,True
1001690,121,2024-06-16 14:00:00,-0.17730059761958167,121,True
1001690,121,2024-06-16 15:00:00,-0.17730059761958167,121,True
1001690,121,2024-06-16 16:00:00,-0.17730059761958167,121,True
1001690,121,2024-06-16 17:00:00,-0.17730059761958167,121,True
1001690,121,2024-06-16 18:00:00,-0.17730059761958167,121,True
1001690,121,2024-06-16 19:00:00,-0.17730059761958167,121,True
1001690,121,2024-06-16 20:00:00,-0.17730059761958167,121,True
1001690,121,2024-06-16 21:00:00,-0.17730059761958167,121,True
1001690,121,2024-06-16 22:00:00,-0.17730059761958167,121,True
1001690,121,2024-06-16 23:00:00,-0.17730059761958167,121,True
1001690,121,2024-06-17 00:00:00,-0.17730059761958167,121,True
1001690,121,2024-06-17 01:00:00,-0.19133552433282006,121,True
1001690,121,2024-06-17 02:00:00,-0.19133552433282006,121,True
1001690,121,2024-06-17 03:00:00,-0.19133552433282006,121,True
1001690,121,2024-06-17 04:00:00,-0.19133552433282006,121,True
1001690,121,2024-06-17 05:00:00,-0.19133552433282006,121,True
1001690,121,2024-06-17 06:00:00,-0.19133552433282006,121,True
1001690,121,2024-06-17 07:00:00,-0.19133552433282006,121,True
1001690,121,2024-06-17 08:00:00,-0.19133552433282006,121,True
1001690,121,2024-06-17 09:00:00,-0.19133552433282006,121,True
1001690,121,2024-06-17 10:00:00,-0.19133552433282006,121,True
1001690,121,2024-06-17 11:00:00,-0.19133552433282006,121,True
1001690,121,2024-06-17 12:00:00,-0.19133552433282006,121,True
1001690,121,2024-06-17 13:00:00,-0.19133552433282006,121,True
1001690,121,2024-06-17 14:00:00,-0.19133552433282006,121,True
1001690,121,2024-06-17 15:00:00,-0.19133552433282006,121,True
1001690,121,2024-06-17 16:00:00,-0.19133552433282006,121,True
1001690,121,2024-06-17 17:00:00,-0.19133552433282006,121,True
1001690,121,2024-06-17 18:00:00,-0.19133552433282006,121,True
1001690,121,2024-06-17 19:00:00,-0.19133552433282006,121,True
1001690,121,2024-06-17 20:00:00,-0.19133552433282006,121,True
1001690,121,2024-06-17 21:00:00,-0.19133552433282006,121,True
1001690,121,2024-06-17 22:00:00,-0.19133552433282006,121,True
1001690,121,2024-06-17 23:00:00,-0.19133552433282006,121,True
1001690,121,2024-06-18 00:00:00,-0.19133552433282006,121,True
1001690,121,2024-06-18 01:00:00,-0.19133552433282006,121,True
1001690,121,2024-06-18 02:00:00,-0.19133552433282006,121,True
1001690,121,2024-06-18 03:00:00,-0.19133552433282006,121,True
1001690,121,2024-06-18 04:00:00,-0.19133552433282006,121,True
1001690,121,2024-06-18 05:00:00,-0.19133552433282006,121,True
1001690,121,2024-06-18 06:00:00,-0.19133552433282006,121,True
1001690,121,2024-06-18 07:00:00,-0.19133552433282006,121,True
1001690,121,2024-06-18 08:00:00,-0.19133552433282006,121,True
1001690,121,2024-06-18 09:00:00,-0.19133552433282006,121,True
1001690,121,2024-06-18 10:00:00,-0.19133552433282006,121,True
1001690,121,2024-06-18 11:00:00,-0.19133552433282006,121,True
1001690,121,2024-06-18 12:00:00,-0.19133552433282006,121,True
1001690,121,2024-06-18 13:00:00,-0.19133552433282006,121,True
1001690,121,2024-06-18 14:00:00,-0.19133552433282006,121,True
1001690,121,2024-06-18 15:00:00,-0.19133552433282006,121,True
1001690,121,2024-06-18 16:00:00,-0.19133552433282006,121,True
1001690,121,2024-06-18 17:00:00,-0.19133552433282006,121,True
1001690,121,2024-06-18 18:00:00,-0.19133552433282006,121,True
1001690,121,2024-06-18 19:00:00,-0.19133552433282006,121,True
1001690,121,2024-06-18 20:00:00,-0.19133552433282006,121,True
1001690,121,2024-06-18 21:00:00,-0.19133552433282006,121,True
1001690,121,2024-06-18 22:00:00,-0.19133552433282006,121,True
1001690,121,2024-06-18 23:00:00,-0.19133552433282006,121,True
1001690,121,2024-06-19 00:00:00,-0.19133552433282006,121,True
1001690,121,2024-06-19 01:00:00,-0.19133552433282006,121,True
1001690,121,2024-06-19 02:00:00,-0.19133552433282006,121,True
1001690,121,2024-06-19 03:00:00,-0.19133552433282006,121,True
1001690,121,2024-06-19 04:00:00,-0.19133552433282006,121,True
1001690,121,2024-06-19 05:00:00,-0.19133552433282006,121,True
1001690,121,2024-06-19 06:00:00,-0.19133552433282006,121,True
1001690,121,2024-06-19 07:00:00,-0.19133552433282006,121,True
1001690,121,2024-06-19 08:00:00,-0.19133552433282006,121,True
1001690,121,2024-06-19 09:00:00,-0.19133552433282006,121,True
1001690,121,2024-06-19 10:00:00,-0.19133552433282006,121,True
1001690,121,2024-06-19 11:00:00,-0.19133552433282006,121,True
1001690,121,2024-06-19 12:00:00,-0.19133552433282006,121,True
1001690,121,2024-06-19 13:00:00,-0.19133552433282006,121,True
1001690,121,2024-06-19 14:00:00,-0.19133552433282006,121,True
1001690,121,2024-06-19 15:00:00,-0.19133552433282006,121,True
1001690,121,2024-06-19 16:00:00,-0.19133552433282006,121,True
1001690,121,2024-06-19 17:00:00,-0.19133552433282006,121,True
1001690,121,2024-06-19 18:00:00,-0.19133552433282006,121,True
1001690,121,2024-06-19 19:00:00,-0.19133552433282006,121,True
1001690,121,2024-06-19 20:00:00,-0.19133552433282006,121,True
1001690,121,2024-06-19 21:00:00,-0.19133552433282006,121,True
1001690,121,2024-06-19 22:00:00,-0.19133552433282006,121,True
1001690,121,2024-06-19 23:00:00,-0.19133552433282006,121,True
1001690,121,2024-06-20 00:00:00,-0.19133552433282006,121,True
1001690,121,2024-06-20 01:00:00,-0.19133552433282006,121,True
1001690,121,2024-06-20 02:00:00,-0.19133552433282006,121,True
1001690,121,2024-06-20 03:00:00,-0.19133552433282006,121,True
1001690,121,2024-06-20 04:00:00,-0.19133552433282006,121,True
1001690,121,2024-06-20 05:00:00,-0.19133552433282006,121,True
1001690,121,2024-06-20 06:00:00,-0.19133552433282006,121,True
1001690,121,2024-06-20 07:00:00,-0.19133552433282006,121,True
1001690,121,2024-06-20 08:00:00,-0.19133552433282006,121,True
1001690,121,2024-06-20 09:00:00,-0.19133552433282006,121,True
1001690,121,2024-06-20 10:00:00,-0.19133552433282006,121,True
1001690,121,2024-06-20 11:00:00,-0.19133552433282006,121,True
1001690,121,2024-06-20 12:00:00,-0.19133552433282006,121,True
1001690,121,2024-06-20 13:00:00,-0.19133552433282006,121,True
1001690,121,2024-06-20 14:00:00,-0.19133552433282006,121,True
1001690,121,2024-06-20 15:00:00,-0.19133552433282006,121,True
1001690,121,2024-06-20 16:00:00,-0.19133552433282006,121,True
1001690,121,2024-06-20 17:00:00,-0.19133552433282006,121,True
1001690,121,2024-06-20 18:00:00,-0.19133552433282006,121,True
1001690,121,2024-06-20 19:00:00,-0.19133552433282006,121,True
1001690,121,2024-06-20 20:00:00,-0.19133552433282006,121,True
1001690,121,2024-06-20 21:00:00,-0.19133552433282006,121,True
1001690,121,2024-06-20 22:00:00,-0.19133552433282006,121,True
1001690,121,2024-06-20 23:00:00,-0.19133552433282006,121,True
1001690,121,2024-06-21 00:00:00,-0.19133552433282006,121,True
1001690,121,2024-06-21 01:00:00,-0.19133552433282006,121,True
1001690,121,2024-06-21 02:00:00,-0.19133552433282006,121,True
1001690,121,2024-06-21 03:00:00,-0.19133552433282006,121,True
1001690,121,2024-06-21 04:00:00,-0.19133552433282006,121,True
1001690,121,2024-06-21 05:00:00,-0.19133552433282006,121,True
1001690,121,2024-06-21 06:00:00,-0.19133552433282006,121,True
1001690,121,2024-06-21 07:00:00,-0.19133552433282006,121,True
1001690,121,2024-06-21 08:00:00,-0.19133552433282006,121,True
1001690,121,2024-06-21 09:00:00,-0.19133552433282006,121,True
1001690,121,2024-06-21 10:00:00,-0.19133552433282006,121,True
1001690,121,2024-06-21 11:00:00,-0.19133552433282006,121,True
1001690,121,2024-06-21 12:00:00,-0.19133552433282006,121,True
1001690,121,2024-06-21 13:00:00,-0.19133552433282006,121,True
1001690,121,2024-06-21 14:00:00,-0.19133552433282006,121,True
1001690,121,2024-06-21 15:00:00,-0.19133552433282006,121,True
1001690,121,2024-06-21 16:00:00,-0.19133552433282006,121,True
1001690,121,2024-06-21 17:00:00,-0.19133552433282006,121,True
1001690,121,2024-06-21 18:00:00,-0.19133552433282006,121,True
1001690,121,2024-06-21 19:00:00,-0.19133552433282006,121,True
1001690,121,2024-06-21 20:00:00,-0.19133552433282006,121,True
1001690,121,2024-06-21 21:00:00,-0.19133552433282006,121,True
1001690,121,2024-06-21 22:00:00,-0.19133552433282006,121,True
1001690,121,2024-06-21 23:00:00,-0.19133552433282006,121,True
1001690,121,2024-06-22 00:00:00,-0.19133552433282006,121,True
1001690,121,2024-06-22 01:00:00,-0.19133552433282006,121,True
1001690,121,2024-06-22 02:00:00,-0.19133552433282006,121,True
1001690,121,2024-06-22 03:00:00,-0.19133552433282006,121,True
1001690,121,2024-06-22 04:00:00,-0.19133552433282006,121,True
1001690,121,2024-06-22 05:00:00,-0.19133552433282006,121,True
1001690,121,2024-06-22 06:00:00,-0.19133552433282006,121,True
1001690,121,2024-06-22 07:00:00,-0.18431806097620085,121,True
1001690,121,2024-06-22 08:00:00,-0.18431806097620085,121,True
1001690,121,2024-06-22 09:00:00,-0.18431806097620085,121,True
1001690,121,2024-06-22 10:00:00,-0.17730059761958167,121,True
1001690,121,2024-06-22 11:00:00,-0.09309103734015142,121,True
1001690,121,2024-06-22 12:00:00,-0.05098625720043629,121,True
1001690,121,2024-06-22 13:00:00,0.08234554657532828,121,True
1001690,121,2024-06-22 14:00:00,0.6367251517482442,121,True
1001690,121,2024-06-22 15:00:00,1.4226810476895932,121,True
1001690,121,2024-06-22 16:00:00,2.594597428244998,121,True
1001690,121,2024-06-22 17:00:00,3.282308837193678,121,True
1001690,121,2024-06-22 18:00:00,3.8998456125761667,121,True
1001690,121,2024-06-22 19:00:00,4.271771170476984,121,True
1001690,121,2024-06-22 20:00:00,4.285806097190222,121,True
1001690,121,2024-06-22 21:00:00,4.419137900965987,121,True
1001690,121,2024-06-22 22:00:00,4.517382387958655,121,True
1001690,121,2024-06-22 23:00:00,4.56650463145499,121,True
1001695,121,2024-06-15 00:00:00,-7.138624247385817,121,True
1001695,121,2024-06-15 01:00:00,-0.19133552433282006,121,True
1001695,121,2024-06-15 02:00:00,-0.19133552433282006,121,True
1001695,121,2024-06-15 03:00:00,-0.19133552433282006,121,True
1001695,121,2024-06-15 04:00:00,-0.19133552433282006,121,True
1001695,121,2024-06-15 05:00:00,-0.17730059761958167,121,True
1001695,121,2024-06-15 06:00:00,-0.17730059761958167,121,True
1001695,121,2024-06-15 07:00:00,-0.17730059761958167,121,True
1001695,121,2024-06-15 08:00:00,-0.17730059761958167,121,True
1001695,121,2024-06-15 09:00:00,-0.17730059761958167,121,True
1001695,121,2024-06-15 10:00:00,-0.12817835412324738,121,True
1001695,121,2024-06-15 11:00:00,-0.12116089076662817,121,True
1001695,121,2024-06-15 12:00:00,-0.12116089076662817,121,True
1001695,121,2024-06-15 13:00:00,-0.12116089076662817,121,True
1001695,121,2024-06-15 14:00:00,-0.12116089076662817,121,True
1001695,121,2024-06-15 15:00:00,0.18760749692461615,121,True
1001695,121,2024-06-15 16:00:00,0.25076466713418877,121,True
1001695,121,2024-06-15 17:00:00,0.29286944727390396,121,True
1001695,121,2024-06-15 18:00:00,0.29286944727390396,121,True
1001695,121,2024-06-15 19:00:00,0.29286944727390396,121,True
1001695,121,2024-06-15 20:00:00,0.6437426151048634,121,True
1001695,121,2024-06-15 21:00:00,0.6647950051747209,121,True
1001695,121,2024-06-15 22:00:00,0.6718124685313401,121,True
1001695,121,2024-06-15 23:00:00,0.6788299318879594,121,True
1001695,121,2024-06-16 00:00:00,0.6858473952445785,121,True
1001695,121,2024-06-16 01:00:00,-0.17730059761958167,121,True
1001695,121,2024-06-16 02:00:00,-0.17730059761958167,121,True
1001695,121,2024-06-16 03:00:00,-0.17730059761958167,121,True
1001695,121,2024-06-16 04:00:00,-0.17730059761958167,121,True
1001695,121,2024-06-16 05:00:00,-0.17730059761958167,121,True
1001695,121,2024-06-16 06:00:00,-0.17730059761958167,121,True
1001695,121,2024-06-16 07:00:00,-0.17730059761958167,121,True
1001695,121,2024-06-16 08:00:00,-0.17730059761958167,121,True
1001695,121,2024-06-16 09:00:00,-0.17730059761958167,121,True
1001695,121,2024-06-16 10:00:00,-0.17730059761958167,121,True
1001695,121,2024-06-16 11:00:00,-0.17730059761958167,121,True
1001695,121,2024-06-16 12:00:00,-0.17730059761958167,121,True
1001695,121,2024-06-16 13:00:00,-0.17730059761958167,121,True
1001695,121,2024-06-16 14:00:00,-0.17730059761958167,121,True
1001695,121,2024-06-16 15:00:00,-0.17730059761958167,121,True
1001695,121,2024-06-16 16:00:00,-0.17730059761958167,121,True
1001695,121,2024-06-16 17:00:00,-0.17730059761958167,121,True
1001695,121,2024-06-16 18:00:00,-0.17730059761958167,121,True
1001695,121,2024-06-16 19:00:00,-0.17730059761958167,121,True
1001695,121,2024-06-16 20:00:00,-0.17730059761958167,121,True
1001695,121,2024-06-16 21:00:00,-0.17730059761958167,121,True
1001695,121,2024-06-16 22:00:00,-0.17730059761958167,121,True
1001695,121,2024-06-16 23:00:00,-0.17730059761958167,121,True
1001695,121,2024-06-17 00:00:00,-0.17730059761958167,121,True
1001695,121,2024-06-17 01:00:00,-0.19133552433282006,121,True
1001695,121,2024-06-17 02:00:00,-0.19133552433282006,121,True
1001695,121,2024-06-17 03:00:00,-0.19133552433282006,121,True
1001695,121,2024-06-17 04:00:00,-0.19133552433282006,121,True
1001695,121,2024-06-17 05:00:00,-0.19133552433282006,121,True
1001695,121,2024-06-17 06:00:00,-0.19133552433282006,121,True
1001695,121,2024-06-17 07:00:00,-0.19133552433282006,121,True
1001695,121,2024-06-17 08:00:00,-0.19133552433282006,121,True
1001695,121,2024-06-17 09:00:00,-0.19133552433282006,121,True
1001695,121,2024-06-17 10:00:00,-0.19133552433282006,121,True
1001695,121,2024-06-17 11:00:00,-0.19133552433282006,121,True
1001695,121,2024-06-17 12:00:00,-0.19133552433282006,121,True
1001695,121,2024-06-17 13:00:00,-0.19133552433282006,121,True
1001695,121,2024-06-17 14:00:00,-0.19133552433282006,121,True
1001695,121,2024-06-17 15:00:00,-0.19133552433282006,121,True
1001695,121,2024-06-17 16:00:00,-0.19133552433282006,121,True
1001695,121,2024-06-17 17:00:00,-0.19133552433282006,121,True
1001695,121,2024-06-17 18:00:00,-0.19133552433282006,121,True
1001695,121,2024-06-17 19:00:00,-0.19133552433282006,121,True
1001695,121,2024-06-17 20:00:00,-0.19133552433282006,121,True
1001695,121,2024-06-17 21:00:00,-0.19133552433282006,121,True
1001695,121,2024-06-17 22:00:00,-0.19133552433282006,121,True
1001695,121,2024-06-17 23:00:00,-0.19133552433282006,121,True
1001695,121,2024-06-18 00:00:00,-0.19133552433282006,121,True
1001695,121,2024-06-18 01:00:00,-0.19133552433282006,121,True
1001695,121,2024-06-18 02:00:00,-0.19133552433282006,121,True
1001695,121,2024-06-18 03:00:00,-0.19133552433282006,121,True
1001695,121,2024-06-18 04:00:00,-0.19133552433282006,121,True
1001695,121,2024-06-18 05:00:00,-0.19133552433282006,121,True
1001695,121,2024-06-18 06:00:00,-0.19133552433282006,121,True
1001695,121,2024-06-18 07:00:00,-0.19133552433282006,121,True
1001695,121,2024-06-18 08:00:00,-0.19133552433282006,121,True
1001695,121,2024-06-18 09:00:00,-0.19133552433282006,121,True
1001695,121,2024-06-18 10:00:00,-0.19133552433282006,121,True
1001695,121,2024-06-18 11:00:00,-0.19133552433282006,121,True
1001695,121,2024-06-18 12:00:00,-0.19133552433282006,121,True
1001695,121,2024-06-18 13:00:00,-0.19133552433282006,121,True
1001695,121,2024-06-18 14:00:00,-0.19133552433282006,121,True
1001695,121,2024-06-18 15:00:00,-0.19133552433282006,121,True
1001695,121,2024-06-18 16:00:00,-0.19133552433282006,121,True
1001695,121,2024-06-18 17:00:00,-0.19133552433282006,121,True
1001695,121,2024-06-18 18:00:00,-0.19133552433282006,121,True
1001695,121,2024-06-18 19:00:00,-0.19133552433282006,121,True
1001695,121,2024-06-18 20:00:00,-0.19133552433282006,121,True
1001695,121,2024-06-18 21:00:00,-0.19133552433282006,121,True
1001695,121,2024-06-18 22:00:00,-0.19133552433282006,121,True
1001695,121,2024-06-18 23:00:00,-0.19133552433282006,121,True
1001695,121,2024-06-19 00:00:00,-0.19133552433282006,121,True
1001695,121,2024-06-19 01:00:00,-0.19133552433282006,121,True
1001695,121,2024-06-19 02:00:00,-0.19133552433282006,121,True
1001695,121,2024-06-19 03:00:00,-0.19133552433282006,121,True
1001695,121,2024-06-19 04:00:00,-0.19133552433282006,121,True
1001695,121,2024-06-19 05:00:00,-0.19133552433282006,121,True
1001695,121,2024-06-19 06:00:00,-0.19133552433282006,121,True
1001695,121,2024-06-19 07:00:00,-0.19133552433282006,121,True
1001695,121,2024-06-19 08:00:00,-0.19133552433282006,121,True
1001695,121,2024-06-19 09:00:00,-0.19133552433282006,121,True
1001695,121,2024-06-19 10:00:00,-0.19133552433282006,121,True
1001695,121,2024-06-19 11:00:00,-0.19133552433282006,121,True
1001695,121,2024-06-19 12:00:00,-0.19133552433282006,121,True
1001695,121,2024-06-19 13:00:00,-0.19133552433282006,121,True
1001695,121,2024-06-19 14:00:00,-0.19133552433282006,121,True
1001695,121,2024-06-19 15:00:00,-0.19133552433282006,121,True
1001695,121,2024-06-19 16:00:00,-0.19133552433282006,121,True
1001695,121,2024-06-19 17:00:00,-0.19133552433282006,121,True
1001695,121,2024-06-19 18:00:00,-0.19133552433282006,121,True
1001695,121,2024-06-19 19:00:00,-0.19133552433282006,121,True
1001695,121,2024-06-19 20:00:00,-0.19133552433282006,121,True
1001695,121,2024-06-19 21:00:00,-0.19133552433282006,121,True
1001695,121,2024-06-19 22:00:00,-0.19133552433282006,121,True
1001695,121,2024-06-19 23:00:00,-0.19133552433282006,121,True
1001695,121,2024-06-20 00:00:00,-0.19133552433282006,121,True
1001695,121,2024-06-20 01:00:00,-0.19133552433282006,121,True
1001695,121,2024-06-20 02:00:00,-0.19133552433282006,121,True
1001695,121,2024-06-20 03:00:00,-0.19133552433282006,121,True
1001695,121,2024-06-20 04:00:00,-0.19133552433282006,121,True
1001695,121,2024-06-20 05:00:00,-0.19133552433282006,121,True
1001695,121,2024-06-20 06:00:00,-0.19133552433282006,121,True
1001695,121,2024-06-20 07:00:00,-0.19133552433282006,121,True
1001695,121,2024-06-20 08:00:00,-0.19133552433282006,121,True
1001695,121,2024-06-20 09:00:00,-0.19133552433282006,121,True
1001695,121,2024-06-20 10:00:00,-0.19133552433282006,121,True
1001695,121,2024-06-20 11:00:00,-0.19133552433282006,121,True
1001695,121,2024-06-20 12:00:00,-0.19133552433282006,121,True
1001695,121,2024-06-20 13:00:00,-0.19133552433282006,121,True
1001695,121,2024-06-20 14:00:00,-0.19133552433282006,121,True
1001695,121,2024-06-20 15:00:00,-0.19133552433282006,121,True
1001695,121,2024-06-20 16:00:00,-0.19133552433282006,121,True
1001695,121,2024-06-20 17:00:00,-0.19133552433282006,121,True
1001695,121,2024-06-20 18:00:00,-0.19133552433282006,121,True
1001695,121,2024-06-20 19:00:00,-0.19133552433282006,121,True
1001695,121,2024-06-20 20:00:00,-0.19133552433282006,121,True
1001695,121,2024-06-20 21:00:00,-0.19133552433282006,121,True
1001695,121,2024-06-20 22:00:00,-0.19133552433282006,121,True
1001695,121,2024-06-20 23:00:00,-0.19133552433282006,121,True
1001695,121,2024-06-21 00:00:00,-0.19133552433282006,121,True
1001695,121,2024-06-21 01:00:00,-0.19133552433282006,121,True
1001695,121,2024-06-21 02:00:00,-0.19133552433282006,121,True
1001695,121,2024-06-21 03:00:00,-0.19133552433282006,121,True
1001695,121,2024-06-21 04:00:00,-0.19133552433282006,121,True
1001695,121,2024-06-21 05:00:00,-0.19133552433282006,121,True
1001695,121,2024-06-21 06:00:00,-0.19133552433282006,121,True
1001695,121,2024-06-21 07:00:00,-0.19133552433282006,121,True
1001695,121,2024-06-21 08:00:00,-0.19133552433282006,121,True
1001695,121,2024-06-21 09:00:00,-0.19133552433282006,121,True
1001695,121,2024-06-21 10:00:00,-0.19133552433282006,121,True
1001695,121,2024-06-21 11:00:00,-0.19133552433282006,121,True
1001695,121,2024-06-21 12:00:00,-0.19133552433282006,121,True
1001695,121,2024-06-21 13:00:00,-0.19133552433282006,121,True
1001695,121,2024-06-21 14:00:00,-0.19133552433282006,121,True
1001695,121,2024-06-21 15:00:00,-0.19133552433282006,121,True
1001695,121,2024-06-21 16:00:00,-0.19133552433282006,121,True
1001695,121,2024-06-21 17:00:00,-0.19133552433282006,121,True
1001695,121,2024-06-21 18:00:00,-0.19133552433282006,121,True
1001695,121,2024-06-21 19:00:00,-0.19133552433282006,121,True
1001695,121,2024-06-21 20:00:00,-0.19133552433282006,121,True
1001695,121,2024-06-21 21:00:00,-0.19133552433282006,121,True
1001695,121,2024-06-21 22:00:00,-0.19133552433282006,121,True
1001695,121,2024-06-21 23:00:00,-0.19133552433282006,121,True
1001695,121,2024-06-22 00:00:00,-0.19133552433282006,121,True
1001695,121,2024-06-22 01:00:00,-0.19133552433282006,121,True
1001695,121,2024-06-22 02:00:00,-0.19133552433282006,121,True
1001695,121,2024-06-22 03:00:00,-0.19133552433282006,121,True
1001695,121,2024-06-22 04:00:00,-0.19133552433282006,121,True
1001695,121,2024-06-22 05:00:00,-0.19133552433282006,121,True
1001695,121,2024-06-22 06:00:00,-0.19133552433282006,121,True
1001695,121,2024-06-22 07:00:00,-0.18431806097620085,121,True
1001695,121,2024-06-22 08:00:00,-0.18431806097620085,121,True
1001695,121,2024-06-22 09:00:00,-0.18431806097620085,121,True
1001695,121,2024-06-22 10:00:00,-0.17730059761958167,121,True
1001695,121,2024-06-22 11:00:00,-0.09309103734015142,121,True
1001695,121,2024-06-22 12:00:00,-0.05098625720043629,121,True
1001695,121,2024-06-22 13:00:00,0.08234554657532828,121,True
1001695,121,2024-06-22 14:00:00,0.6367251517482442,121,True
1001695,121,2024-06-22 15:00:00,1.4226810476895932,121,True
1001695,121,2024-06-22 16:00:00,2.594597428244998,121,True
1001695,121,2024-06-22 17:00:00,3.282308837193678,121,True
1001695,121,2024-06-22 18:00:00,3.8998456125761667,121,True
1001695,121,2024-06-22 19:00:00,4.271771170476984,121,True
1001695,121,2024-06-22 20:00:00,4.285806097190222,121,True
1001695,121,2024-06-22 21:00:00,4.419137900965987,121,True
1001695,121,2024-06-22 22:00:00,4.517382387958655,121,True
1001695,121,2024-06-22 23:00:00,4.56650463145499,121,True
1002605,525,2024-06-15 00:00:00,-0.11637104578098201,525,True
1002605,525,2024-06-15 01:00:00,-0.11637104578098201,525,True
1002605,525,2024-06-15 02:00:00,-0.11637104578098201,525,True
1002605,525,2024-06-15 03:00:00,-0.11637104578098201,525,True
1002605,525,2024-06-15 04:00:00,-0.11637104578098201,525,True
1002605,525,2024-06-15 05:00:00,-0.11637104578098201,525,True
1002605,525,2024-06-15 06:00:00,-0.11637104578098201,525,True
1002605,525,2024-06-15 07:00:00,-0.11637104578098201,525,True
1002605,525,2024-06-15 08:00:00,-0.11637104578098201,525,True
1002605,525,2024-06-15 09:00:00,0.6202193099316073,525,True
1002605,525,2024-06-15 10:00:00,0.6202193099316073,525,True
1002605,525,2024-06-15 11:00:00,0.8043668988597547,525,True
1002605,525,2024-06-15 12:00:00,0.8657494285024705,525,True
1002605,525,2024-06-15 13:00:00,0.8657494285024705,525,True
1002605,525,2024-06-15 14:00:00,0.8657494285024705,525,True
1002605,525,2024-06-15 15:00:00,0.8657494285024705,525,True
1002605,525,2024-06-15 16:00:00,0.8657494285024705,525,True
1002605,525,2024-06-15 17:00:00,0.9271319581451862,525,True
1002605,525,2024-06-15 18:00:00,0.9271319581451862,525,True
1002605,525,2024-06-15 19:00:00,0.9271319581451862,525,True
1002605,525,2024-06-15 20:00:00,0.9271319581451862,525,True
1002605,525,2024-06-15 21:00:00,0.9271319581451862,525,True
1002605,525,2024-06-15 22:00:00,0.9271319581451862,525,True
1002605,525,2024-06-15 23:00:00,0.9271319581451862,525,True
1002605,525,2024-06-16 00:00:00,0.9271319581451862,525,True
1002605,525,2024-06-16 01:00:00,-0.11637104578098201,525,True
1002605,525,2024-06-16 02:00:00,-0.05498851613826622,525,True
1002605,525,2024-06-16 03:00:00,-0.05498851613826622,525,True
1002605,525,2024-06-16 04:00:00,-0.05498851613826622,525,True
1002605,525,2024-06-16 05:00:00,-0.05498851613826622,525,True
1002605,525,2024-06-16 06:00:00,-0.05498851613826622,525,True
1002605,525,2024-06-16 07:00:00,-0.05498851613826622,525,True
1002605,525,2024-06-16 08:00:00,-0.05498851613826622,525,True
1002605,525,2024-06-16 09:00:00,-0.05498851613826622,525,True
1002605,525,2024-06-16 10:00:00,-0.05498851613826622,525,True
1002605,525,2024-06-16 11:00:00,-0.05498851613826622,525,True
1002605,525,2024-06-16 12:00:00,-0.05498851613826622,525,True
1002605,525,2024-06-16 13:00:00,-0.05498851613826622,525,True
1002605,525,2024-06-16 14:00:00,-0.05498851613826622,525,True
1002605,525,2024-06-16 15:00:00,-0.05498851613826622,525,True
1002605,525,2024-06-16 16:00:00,-0.05498851613826622,525,True
1002605,525,2024-06-16 17:00:00,-0.05498851613826622,525,True
1002605,525,2024-06-16 18:00:00,-0.05498851613826622,525,True
1002605,525,2024-06-16 19:00:00,-0.05498851613826622,525,True
1002605,525,2024-06-16 20:00:00,-0.05498851613826622,525,True
1002605,525,2024-06-16 21:00:00,-0.05498851613826622,525,True
1002605,525,2024-06-16 22:00:00,-0.05498851613826622,525,True
1002605,525,2024-06-16 23:00:00,-0.05498851613826622,525,True
1002605,525,2024-06-17 00:00:00,-0.05498851613826622,525,True
1002605,525,2024-06-17 01:00:00,-0.11637104578098201,525,True
1002605,525,2024-06-17 02:00:00,-0.11637104578098201,525,True
1002605,525,2024-06-17 03:00:00,-0.11637104578098201,525,True
1002605,525,2024-06-17 04:00:00,-0.11637104578098201,525,True
1002605,525,2024-06-17 05:00:00,-0.11637104578098201,525,True
1002605,525,2024-06-17 06:00:00,-0.11637104578098201,525,True
1002605,525,2024-06-17 07:00:00,-0.11637104578098201,525,True
1002605,525,2024-06-17 08:00:00,-0.11637104578098201,525,True
1002605,525,2024-06-17 09:00:00,-0.11637104578098201,525,True
1002605,525,2024-06-17 10:00:00,-0.11637104578098201,525,True
1002605,525,2024-06-17 11:00:00,-0.11637104578098201,525,True
1002605,525,2024-06-17 12:00:00,-0.11637104578098201,525,True
1002605,525,2024-06-17 13:00:00,-0.11637104578098201,525,True
1002605,525,2024-06-17 14:00:00,-0.11637104578098201,525,True
1002605,525,2024-06-17 15:00:00,-0.11637104578098201,525,True
1002605,525,2024-06-17 16:00:00,-0.11637104578098201,525,True
1002605,525,2024-06-17 17:00:00,-0.11637104578098201,525,True
1002605,525,2024-06-17 18:00:00,-0.11637104578098201,525,True
1002605,525,2024-06-17 19:00:00,-0.11637104578098201,525,True
1002605,525,2024-06-17 20:00:00,-0.11637104578098201,525,True
1002605,525,2024-06-17 21:00:00,-0.11637104578098201,525,True
1002605,525,2024-06-17 22:00:00,-0.11637104578098201,525,True
1002605,525,2024-06-17 23:00:00,-0.11637104578098201,525,True
1002605,525,2024-06-18 00:00:00,-0.11637104578098201,525,True
1002605,525,2024-06-18 01:00:00,-0.11637104578098201,525,True
1002605,525,2024-06-18 02:00:00,-0.11637104578098201,525,True
1002605,525,2024-06-18 03:00:00,-0.11637104578098201,525,True
1002605,525,2024-06-18 04:00:00,-0.11637104578098201,525,True
1002605,525,2024-06-18 05:00:00,-0.11637104578098201,525,True
1002605,525,2024-06-18 06:00:00,-0.11637104578098201,525,True
1002605,525,2024-06-18 07:00:00,-0.11637104578098201,525,True
1002605,525,2024-06-18 08:00:00,-0.11637104578098201,525,True
1002605,525,2024-06-18 09:00:00,-0.11637104578098201,525,True
1002605,525,2024-06-18 10:00:00,-0.11637104578098201,525,True
1002605,525,2024-06-18 11:00:00,-0.11637104578098201,525,True
1002605,525,2024-06-18 12:00:00,-0.11637104578098201,525,True
1002605,525,2024-06-18 13:00:00,-0.11637104578098201,525,True
1002605,525,2024-06-18 14:00:00,-0.11637104578098201,525,True
1002605,525,2024-06-18 15:00:00,-0.11637104578098201,525,True
1002605,525,2024-06-18 16:00:00,-0.11637104578098201,525,True
1002605,525,2024-06-18 17:00:00,-0.11637104578098201,525,True
1002605,525,2024-06-18 18:00:00,-0.11637104578098201,525,True
1002605,525,2024-06-18 19:00:00,-0.11637104578098201,525,True
1002605,525,2024-06-18 20:00:00,-0.11637104578098201,525,True
1002605,525,2024-06-18 21:00:00,-12.270111915038708,525,True
1002605,525,2024-06-18 22:00:00,-0.11637104578098201,525,True
1002605,525,2024-06-18 23:00:00,-0.11637104578098201,525,True
1002605,525,2024-06-19 00:00:00,-0.11637104578098201,525,True
1002605,525,2024-06-19 01:00:00,-0.11637104578098201,525,True
1002605,525,2024-06-19 02:00:00,-0.11637104578098201,525,True
1002605,525,2024-06-19 03:00:00,-0.11637104578098201,525,True
1002605,525,2024-06-19 04:00:00,-0.11637104578098201,525,True
1002605,525,2024-06-19 05:00:00,-0.11637104578098201,525,True
1002605,525,2024-06-19 06:00:00,-0.11637104578098201,525,True
1002605,525,2024-06-19 07:00:00,-0.11637104578098201,525,True
1002605,525,2024-06-19 08:00:00,-0.11637104578098201,525,True
1002605,525,2024-06-19 09:00:00,-0.11637104578098201,525,True
1002605,525,2024-06-19 10:00:00,-0.11637104578098201,525,True
1002605,525,2024-06-19 11:00:00,-0.11637104578098201,525,True
1002605,525,2024-06-19 12:00:00,-0.11637104578098201,525,True
1002605,525,2024-06-19 13:00:00,-0.11637104578098201,525,True
1002605,525,2024-06-19 14:00:00,-0.11637104578098201,525,True
1002605,525,2024-06-19 15:00:00,-0.11637104578098201,525,True
1002605,525,2024-06-19 16:00:00,-0.11637104578098201,525,True
1002605,525,2024-06-19 17:00:00,-0.11637104578098201,525,True
1002605,525,2024-06-19 18:00:00,-0.11637104578098201,525,True
1002605,525,2024-06-19 19:00:00,-0.11637104578098201,525,True
1002605,525,2024-06-19 20:00:00,-0.11637104578098201,525,True
1002605,525,2024-06-19 21:00:00,-0.11637104578098201,525,True
1002605,525,2024-06-19 22:00:00,-0.11637104578098201,525,True
1002605,525,2024-06-19 23:00:00,-0.11637104578098201,525,True
1002605,525,2024-06-20 00:00:00,-0.11637104578098201,525,True
1002605,525,2024-06-20 01:00:00,-0.11637104578098201,525,True
1002605,525,2024-06-20 02:00:00,-0.11637104578098201,525,True
1002605,525,2024-06-20 03:00:00,-0.11637104578098201,525,True
1002605,525,2024-06-20 04:00:00,-0.11637104578098201,525,True
1002605,525,2024-06-20 05:00:00,-0.11637104578098201,525,True
1002605,525,2024-06-20 06:00:00,-0.11637104578098201,525,True
1002605,525,2024-06-20 07:00:00,-0.11637104578098201,525,True
1002605,525,2024-06-20 08:00:00,-0.11637104578098201,525,True
1002605,525,2024-06-20 09:00:00,-0.11637104578098201,525,True
1002605,525,2024-06-20 10:00:00,-0.11637104578098201,525,True
1002605,525,2024-06-20 11:00:00,-0.11637104578098201,525,True
1002605,525,2024-06-20 12:00:00,-0.11637104578098201,525,True
1002605,525,2024-06-20 13:00:00,-0.11637104578098201,525,True
1002605,525,2024-06-20 14:00:00,-0.11637104578098201,525,True
1002605,525,2024-06-20 15:00:00,-0.11637104578098201,525,True
1002605,525,2024-06-20 16:00:00,-0.11637104578098201,525,True
1002605,525,2024-06-20 17:00:00,-0.11637104578098201,525,True
1002605,525,2024-06-20 18:00:00,-0.11637104578098201,525,True
1002605,525,2024-06-20 19:00:00,-0.11637104578098201,525,True
1002605,525,2024-06-20 20:00:00,-0.11637104578098201,525,True
1002605,525,2024-06-20 21:00:00,-0.11637104578098201,525,True
1002605,525,2024-06-20 22:00:00,-0.11637104578098201,525,True
1002605,525,2024-06-20 23:00:00,-0.11637104578098201,525,True
1002605,525,2024-06-21 00:00:00,-0.11637104578098201,525,True
1002605,525,2024-06-21 01:00:00,-0.11637104578098201,525,True
1002605,525,2024-06-21 02:00:00,-0.11637104578098201,525,True
1002605,525,2024-06-21 03:00:00,-0.11637104578098201,525,True
1002605,525,2024-06-21 04:00:00,-0.11637104578098201,525,True
1002605,525,2024-06-21 05:00:00,-0.11637104578098201,525,True
1002605,525,2024-06-21 06:00:00,-0.11637104578098201,525,True
1002605,525,2024-06-21 07:00:00,-0.11637104578098201,525,True
1002605,525,2024-06-21 08:00:00,-0.11637104578098201,525,True
1002605,525,2024-06-21 09:00:00,-0.11637104578098201,525,True
1002605,525,2024-06-21 10:00:00,-0.11637104578098201,525,True
1002605,525,2024-06-21 11:00:00,-0.11637104578098201,525,True
1002605,525,2024-06-21 12:00:00,-0.11637104578098201,525,True
1002605,525,2024-06-21 13:00:00,-0.11637104578098201,525,True
1002605,525,2024-06-21 14:00:00,-0.11637104578098201,525,True
1002605,525,2024-06-21 15:00:00,-0.11637104578098201,525,True
1002605,525,2024-06-21 16:00:00,-0.11637104578098201,525,True
1002605,525,2024-06-21 17:00:00,-0.11637104578098201,525,True
1002605,525,2024-06-21 18:00:00,-0.11637104578098201,525,True
1002605,525,2024-06-21 19:00:00,-0.11637104578098201,525,True
1002605,525,2024-06-21 20:00:00,-0.11637104578098201,525,True
1002605,525,2024-06-21 21:00:00,-0.11637104578098201,525,True
1002605,525,2024-06-21 22:00:00,-0.11637104578098201,525,True
1002605,525,2024-06-21 23:00:00,-0.11637104578098201,525,True
1002605,525,2024-06-22 00:00:00,-0.11637104578098201,525,True
1002605,525,2024-06-22 01:00:00,-0.11637104578098201,525,True
1002605,525,2024-06-22 02:00:00,-0.11637104578098201,525,True
1002605,525,2024-06-22 03:00:00,-0.11637104578098201,525,True
1002605,525,2024-06-22 04:00:00,-0.11637104578098201,525,True
1002605,525,2024-06-22 05:00:00,-0.11637104578098201,525,True
1002605,525,2024-06-22 06:00:00,-0.11637104578098201,525,True
1002605,525,2024-06-22 07:00:00,-0.11637104578098201,525,True
1002605,525,2024-06-22 08:00:00,-0.11637104578098201,525,True
1002605,525,2024-06-22 09:00:00,-0.11637104578098201,525,True
1002605,525,2024-06-22 10:00:00,-0.11637104578098201,525,True
1002605,525,2024-06-22 11:00:00,-0.05498851613826622,525,True
1002605,525,2024-06-22 12:00:00,0.06777654314716534,525,True
1002605,525,2024-06-22 13:00:00,0.2519241320753127,525,True
1002605,525,2024-06-22 14:00:00,0.4360717210034601,525,True
1002605,525,2024-06-22 15:00:00,0.8657494285024705,525,True
1002605,525,2024-06-22 16:00:00,1.1112795470733337,525,True
1002605,525,2024-06-22 17:00:00,1.5409572545723442,525,True
1002605,525,2024-06-22 18:00:00,1.8478699027859231,525,True
1002605,525,2024-06-22 19:00:00,1.9706349620713546,525,True
1002605,525,2024-06-22 20:00:00,1.9706349620713546,525,True
1002605,525,2024-06-22 21:00:00,1.9706349620713546,525,True
1002605,525,2024-06-22 22:00:00,1.9706349620713546,525,True
1002605,525,2024-06-22 23:00:00,1.9706349620713546,525,True
1002610,660,2024-06-15 00:00:00,-0.3247577520542455,660,True
1002610,660,2024-06-15 01:00:00,-0.3247577520542455,660,True
1002610,660,2024-06-15 02:00:00,-0.3247577520542455,660,True
1002610,660,2024-06-15 03:00:00,-0.3247577520542455,660,True
1002610,660,2024-06-15 04:00:00,-0.3247577520542455,660,True
1002610,660,2024-06-15 05:00:00,-0.3247577520542455,660,True
1002610,660,2024-06-15 06:00:00,-0.3247577520542455,660,True
1002610,660,2024-06-15 07:00:00,-0.3247577520542455,660,True
1002610,660,2024-06-15 08:00:00,-0.3247577520542455,660,True
1002610,660,2024-06-15 09:00:00,0.6684836559983849,660,True
1002610,660,2024-06-15 10:00:00,0.6684836559983849,660,True
1002610,660,2024-06-15 11:00:00,0.6684836559983849,660,True
1002610,660,2024-06-15 12:00:00,0.6684836559983849,660,True
1002610,660,2024-06-15 13:00:00,0.6684836559983849,660,True
1002610,660,2024-06-15 14:00:00,0.6684836559983849,660,True
1002610,660,2024-06-15 15:00:00,0.6684836559983849,660,True
1002610,660,2024-06-15 16:00:00,0.6684836559983849,660,True
1002610,660,2024-06-15 17:00:00,0.6684836559983849,660,True
1002610,660,2024-06-15 18:00:00,0.7788438124486772,660,True
1002610,660,2024-06-15 19:00:00,0.7788438124486772,660,True
1002610,660,2024-06-15 20:00:00,0.8892039688989695,660,True
1002610,660,2024-06-15 21:00:00,0.8892039688989695,660,True
1002610,660,2024-06-15 22:00:00,0.8892039688989695,660,True
1002610,660,2024-06-15 23:00:00,0.8892039688989695,660,True
1002610,660,2024-06-16 00:00:00,0.8892039688989695,660,True
1002610,660,2024-06-16 01:00:00,-0.3247577520542455,660,True
1002610,660,2024-06-16 02:00:00,-0.3247577520542455,660,True
1002610,660,2024-06-16 03:00:00,-0.3247577520542455,660,True
1002610,660,2024-06-16 04:00:00,-0.3247577520542455,660,True
1002610,660,2024-06-16 05:00:00,-0.3247577520542455,660,True
1002610,660,2024-06-16 06:00:00,-0.21439759560395324,660,True
1002610,660,2024-06-16 07:00:00,-0.21439759560395324,660,True
1002610,660,2024-06-16 08:00:00,-0.21439759560395324,660,True
1002610,660,2024-06-16 09:00:00,-0.21439759560395324,660,True
1002610,660,2024-06-16 10:00:00,-0.21439759560395324,660,True
1002610,660,2024-06-16 11:00:00,-0.21439759560395324,660,True
1002610,660,2024-06-16 12:00:00,-0.21439759560395324,660,True
1002610,660,2024-06-16 13:00:00,-0.21439759560395324,660,True
1002610,660,2024-06-16 14:00:00,-0.21439759560395324,660,True
1002610,660,2024-06-16 15:00:00,-0.21439759560395324,660,True
1002610,660,2024-06-16 16:00:00,-0.21439759560395324,660,True
1002610,660,2024-06-16 17:00:00,-0.21439759560395324,660,True
1002610,660,2024-06-16 18:00:00,-0.21439759560395324,660,True
1002610,660,2024-06-16 19:00:00,-0.21439759560395324,660,True
1002610,660,2024-06-16 20:00:00,-0.21439759560395324,660,True
1002610,660,2024-06-16 21:00:00,-0.21439759560395324,660,True
1002610,660,2024-06-16 22:00:00,-0.21439759560395324,660,True
1002610,660,2024-06-16 23:00:00,-0.21439759560395324,660,True
1002610,660,2024-06-17 00:00:00,-0.21439759560395324,660,True
1002610,660,2024-06-17 01:00:00,-0.3247577520542455,660,True
1002610,660,2024-06-17 02:00:00,-0.3247577520542455,660,True
1002610,660,2024-06-17 03:00:00,-0.3247577520542455,660,True
1002610,660,2024-06-17 04:00:00,-0.3247577520542455,660,True
1002610,660,2024-06-17 05:00:00,-0.3247577520542455,660,True
1002610,660,2024-06-17 06:00:00,-0.3247577520542455,660,True
1002610,660,2024-06-17 07:00:00,-0.3247577520542455,660,True
1002610,660,2024-06-17 08:00:00,-0.3247577520542455,660,True
1002610,660,2024-06-17 09:00:00,-0.3247577520542455,660,True
1002610,660,2024-06-17 10:00:00,-0.3247577520542455,660,True
1002610,660,2024-06-17 11:00:00,-0.3247577520542455,660,True
1002610,660,2024-06-17 12:00:00,-0.3247577520542455,660,True
1002610,660,2024-06-17 13:00:00,-0.3247577520542455,660,True
1002610,660,2024-06-17 14:00:00,-0.3247577520542455,660,True
1002610,660,2024-06-17 15:00:00,-0.3247577520542455,660,True
1002610,660,2024-06-17 16:00:00,-0.3247577520542455,660,True
1002610,660,2024-06-17 17:00:00,-0.3247577520542455,660,True
1002610,660,2024-06-17 18:00:00,-0.3247577520542455,660,True
1002610,660,2024-06-17 19:00:00,-0.3247577520542455,660,True
1002610,660,2024-06-17 20:00:00,-0.3247577520542455,660,True
1002610,660,2024-06-17 21:00:00,-0.3247577520542455,660,True
1002610,660,2024-06-17 22:00:00,-0.3247577520542455,660,True
1002610,660,2024-06-17 23:00:00,-0.3247577520542455,660,True
1002610,660,2024-06-18 00:00:00,-0.3247577520542455,660,True
1002610,660,2024-06-18 01:00:00,-0.3247577520542455,660,True
1002610,660,2024-06-18 02:00:00,-0.3247577520542455,660,True
1002610,660,2024-06-18 03:00:00,-0.3247577520542455,660,True
1002610,660,2024-06-18 04:00:00,-0.3247577520542455,660,True
1002610,660,2024-06-18 05:00:00,-0.3247577520542455,660,True
1002610,660,2024-06-18 06:00:00,-0.3247577520542455,660,True
1002610,660,2024-06-18 07:00:00,-0.3247577520542455,660,True
1002610,660,2024-06-18 08:00:00,-0.3247577520542455,660,True
1002610,660,2024-06-18 09:00:00,-0.3247577520542455,660,True
1002610,660,2024-06-18 10:00:00,-0.3247577520542455,660,True
1002610,660,2024-06-18 11:00:00,-0.3247577520542455,660,True
1002610,660,2024-06-18 12:00:00,-0.3247577520542455,660,True
1002610,660,2024-06-18 13:00:00,-0.3247577520542455,660,True
1002610,660,2024-06-18 14:00:00,-0.3247577520542455,660,True
1002610,660,2024-06-18 15:00:00,-0.3247577520542455,660,True
1002610,660,2024-06-18 16:00:00,-0.3247577520542455,660,True
1002610,660,2024-06-18 17:00:00,-0.3247577520542455,660,True
1002610,660,2024-06-18 18:00:00,-0.3247577520542455,660,True
1002610,660,2024-06-18 19:00:00,-0.3247577520542455,660,True
1002610,660,2024-06-18 20:00:00,-0.3247577520542455,660,True
1002610,660,2024-06-18 21:00:00,-0.3247577520542455,660,True
1002610,660,2024-06-18 22:00:00,-0.3247577520542455,660,True
1002610,660,2024-06-18 23:00:00,-0.3247577520542455,660,True
1002610,660,2024-06-19 00:00:00,-0.3247577520542455,660,True
1002610,660,2024-06-19 01:00:00,-0.3247577520542455,660,True
1002610,660,2024-06-19 02:00:00,-0.3247577520542455,660,True
1002610,660,2024-06-19 03:00:00,-0.3247577520542455,660,True
1002610,660,2024-06-19 04:00:00,-0.3247577520542455,660,True
1002610,660,2024-06-19 05:00:00,-0.3247577520542455,660,True
1002610,660,2024-06-19 06:00:00,-0.3247577520542455,660,True
1002610,660,2024-06-19 07:00:00,-0.3247577520542455,660,True
1002610,660,2024-06-19 08:00:00,-0.3247577520542455,660,True
1002610,660,2024-06-19 09:00:00,-0.3247577520542455,660,True
1002610,660,2024-06-19 10:00:00,-0.3247577520542455,660,True
1002610,660,2024-06-19 11:00:00,-0.3247577520542455,660,True
1002610,660,2024-06-19 12:00:00,-0.3247577520542455,660,True
1002610,660,2024-06-19 13:00:00,-0.3247577520542455,660,True
1002610,660,2024-06-19 14:00:00,-0.3247577520542455,660,True
1002610,660,2024-06-19 15:00:00,-0.3247577520542455,660,True
1002610,660,2024-06-19 16:00:00,-0.3247577520542455,660,True
1002610,660,2024-06-19 17:00:00,-0.3247577520542455,660,True
1002610,660,2024-06-19 18:00:00,-0.3247577520542455,660,True
1002610,660,2024-06-19 19:00:00,-0.3247577520542455,660,True
1002610,660,2024-06-19 20:00:00,-0.3247577520542455,660,True
1002610,660,2024-06-19 21:00:00,-0.3247577520542455,660,True
1002610,660,2024-06-19 22:00:00,-0.3247577520542455,660,True
1002610,660,2024-06-19 23:00:00,-0.3247577520542455,660,True
1002610,660,2024-06-20 00:00:00,-0.3247577520542455,660,True
1002610,660,2024-06-20 01:00:00,-0.3247577520542455,660,True
1002610,660,2024-06-20 02:00:00,-0.3247577520542455,660,True
1002610,660,2024-06-20 03:00:00,-0.3247577520542455,660,True
1002610,660,2024-06-20 04:00:00,-0.3247577520542455,660,True
1002610,660,2024-06-20 05:00:00,-0.3247577520542455,660,True
1002610,660,2024-06-20 06:00:00,-0.3247577520542455,660,True
1002610,660,2024-06-20 07:00:00,-0.3247577520542455,660,True
1002610,660,2024-06-20 08:00:00,-0.3247577520542455,660,True
1002610,660,2024-06-20 09:00:00,-0.3247577520542455,660,True
1002610,660,2024-06-20 10:00:00,-0.3247577520542455,660,True
1002610,660,2024-06-20 11:00:00,-0.3247577520542455,660,True
1002610,660,2024-06-20 12:00:00,-0.3247577520542455,660,True
1002610,660,2024-06-20 13:00:00,-0.3247577520542455,660,True
1002610,660,2024-06-20 14:00:00,-0.3247577520542455,660,True
1002610,660,2024-06-20 15:00:00,-0.3247577520542455,660,True
1002610,660,2024-06-20 16:00:00,-0.3247577520542455,660,True
1002610,660,2024-06-20 17:00:00,-0.3247577520542455,660,True
1002610,660,2024-06-20 18:00:00,-0.3247577520542455,660,True
1002610,660,2024-06-20 19:00:00,-0.3247577520542455,660,True
1002610,660,2024-06-20 20:00:00,-0.3247577520542455,660,True
1002610,660,2024-06-20 21:00:00,-0.3247577520542455,660,True
1002610,660,2024-06-20 22:00:00,-0.3247577520542455,660,True
1002610,660,2024-06-20 23:00:00,-0.3247577520542455,660,True
1002610,660,2024-06-21 00:00:00,-0.3247577520542455,660,True
1002610,660,2024-06-21 01:00:00,-0.3247577520542455,660,True
1002610,660,2024-06-21 02:00:00,-0.3247577520542455,660,True
1002610,660,2024-06-21 03:00:00,-0.3247577520542455,660,True
1002610,660,2024-06-21 04:00:00,-0.3247577520542455,660,True
1002610,660,2024-06-21 05:00:00,-0.3247577520542455,660,True
1002610,660,2024-06-21 06:00:00,-0.3247577520542455,660,True
1002610,660,2024-06-21 07:00:00,-0.3247577520542455,660,True
1002610,660,2024-06-21 08:00:00,-0.3247577520542455,660,True
1002610,660,2024-06-21 09:00:00,-0.3247577520542455,660,True
1002610,660,2024-06-21 10:00:00,-0.3247577520542455,660,True
1002610,660,2024-06-21 11:00:00,-0.3247577520542455,660,True
1002610,660,2024-06-21 12:00:00,-0.3247577520542455,660,True
1002610,660,2024-06-21 13:00:00,-0.3247577520542455,660,True
1002610,660,2024-06-21 14:00:00,-0.3247577520542455,660,True
1002610,660,2024-06-21 15:00:00,-0.3247577520542455,660,True
1002610,660,2024-06-21 16:00:00,-0.3247577520542455,660,True
1002610,660,2024-06-21 17:00:00,-0.3247577520542455,660,True
1002610,660,2024-06-21 18:00:00,-0.3247577520542455,660,True
1002610,660,2024-06-21 19:00:00,-0.3247577520542455,660,True
1002610,660,2024-06-21 20:00:00,-0.3247577520542455,660,True
1002610,660,2024-06-21 21:00:00,-0.3247577520542455,660,True
1002610,660,2024-06-21 22:00:00,-0.3247577520542455,660,True
1002610,660,2024-06-21 23:00:00,-0.3247577520542455,660,True
1002610,660,2024-06-22 00:00:00,-0.3247577520542455,660,True
1002610,660,2024-06-22 01:00:00,-0.3247577520542455,660,True
1002610,660,2024-06-22 02:00:00,-0.3247577520542455,660,True
1002610,660,2024-06-22 03:00:00,-0.3247577520542455,660,True
1002610,660,2024-06-22 04:00:00,-0.3247577520542455,660,True
1002610,660,2024-06-22 05:00:00,-0.3247577520542455,660,True
1002610,660,2024-06-22 06:00:00,-0.3247577520542455,660,True
1002610,660,2024-06-22 07:00:00,-0.3247577520542455,660,True
1002610,660,2024-06-22 08:00:00,-0.3247577520542455,660,True
1002610,660,2024-06-22 09:00:00,-0.3247577520542455,660,True
1002610,660,2024-06-22 10:00:00,-0.3247577520542455,660,True
1002610,660,2024-06-22 11:00:00,-0.3247577520542455,660,True
1002610,660,2024-06-22 12:00:00,0.006322717296631312,660,True
1002610,660,2024-06-22 13:00:00,0.44776334309780036,660,True
1002610,660,2024-06-22 14:00:00,1.109924281799554,660,True
1002610,660,2024-06-22 15:00:00,2.2135258463024767,660,True
1002610,660,2024-06-22 16:00:00,2.8756867850042305,660,True
1002610,660,2024-06-22 17:00:00,3.648207880156276,660,True
1002610,660,2024-06-22 18:00:00,4.531089131758614,660,True
1002610,660,2024-06-22 19:00:00,4.862169601109491,660,True
1002610,660,2024-06-22 20:00:00,4.862169601109491,660,True
1002610,660,2024-06-22 21:00:00,4.862169601109491,660,True
1002610,660,2024-06-22 22:00:00,4.862169601109491,660,True
1002610,660,2024-06-22 23:00:00,4.862169601109491,660,True
1002615,660,2024-06-15 00:00:00,-0.3247577520542455,660,True
1002615,660,2024-06-15 01:00:00,-0.3247577520542455,660,True
1002615,660,2024-06-15 02:00:00,-0.3247577520542455,660,True
1002615,660,2024-06-15 03:00:00,-0.3247577520542455,660,True
1002615,660,2024-06-15 04:00:00,-0.3247577520542455,660,True
1002615,660,2024-06-15 05:00:00,-0.3247577520542455,660,True
1002615,660,2024-06-15 06:00:00,-0.3247577520542455,660,True
1002615,660,2024-06-15 07:00:00,-0.3247577520542455,660,True
1002615,660,2024-06-15 08:00:00,-0.3247577520542455,660,True
1002615,660,2024-06-15 09:00:00,0.6684836559983849,660,True
1002615,660,2024-06-15 10:00:00,0.6684836559983849,660,True
1002615,660,2024-06-15 11:00:00,0.6684836559983849,660,True
1002615,660,2024-06-15 12:00:00,0.6684836559983849,660,True
1002615,660,2024-06-15 13:00:00,0.6684836559983849,660,True
1002615,660,2024-06-15 14:00:00,0.6684836559983849,660,True
1002615,660,2024-06-15 15:00:00,0.6684836559983849,660,True
1002615,660,2024-06-15 16:00:00,0.6684836559983849,660,True
1002615,660,2024-06-15 17:00:00,0.6684836559983849,660,True
1002615,660,2024-06-15 18:00:00,0.7788438124486772,660,True
1002615,660,2024-06-15 19:00:00,0.7788438124486772,660,True
1002615,660,2024-06-15 20:00:00,0.8892039688989695,660,True
1002615,660,2024-06-15 21:00:00,0.8892039688989695,660,True
1002615,660,2024-06-15 22:00:00,0.8892039688989695,660,True
1002615,660,2024-06-15 23:00:00,0.8892039688989695,660,True
1002615,660,2024-06-16 00:00:00,0.8892039688989695,660,True
1002615,660,2024-06-16 01:00:00,-0.3247577520542455,660,True
1002615,660,2024-06-16 02:00:00,-0.3247577520542455,660,True
1002615,660,2024-06-16 03:00:00,-0.3247577520542455,660,True
1002615,660,2024-06-16 04:00:00,-0.3247577520542455,660,True
1002615,660,2024-06-16 05:00:00,-0.3247577520542455,660,True
1002615,660,2024-06-16 06:00:00,-0.21439759560395324,660,True
1002615,660,2024-06-16 07:00:00,-0.21439759560395324,660,True
1002615,660,2024-06-16 08:00:00,-0.21439759560395324,660,True
1002615,660,2024-06-16 09:00:00,-0.21439759560395324,660,True
1002615,660,2024-06-16 10:00:00,-0.21439759560395324,660,True
1002615,660,2024-06-16 11:00:00,-0.21439759560395324,660,True
1002615,660,2024-06-16 12:00:00,-0.21439759560395324,660,True
1002615,660,2024-06-16 13:00:00,-0.21439759560395324,660,True
1002615,660,2024-06-16 14:00:00,-0.21439759560395324,660,True
1002615,660,2024-06-16 15:00:00,-0.21439759560395324,660,True
1002615,660,2024-06-16 16:00:00,-0.21439759560395324,660,True
1002615,660,2024-06-16 17:00:00,-0.21439759560395324,660,True
1002615,660,2024-06-16 18:00:00,-0.21439759560395324,660,True
1002615,660,2024-06-16 19:00:00,-0.21439759560395324,660,True
1002615,660,2024-06-16 20:00:00,-0.21439759560395324,660,True
1002615,660,2024-06-16 21:00:00,-0.21439759560395324,660,True
1002615,660,2024-06-16 22:00:00,-0.21439759560395324,660,True
1002615,660,2024-06-16 23:00:00,-0.21439759560395324,660,True
1002615,660,2024-06-17 00:00:00,-0.21439759560395324,660,True
1002615,660,2024-06-17 01:00:00,-0.3247577520542455,660,True
1002615,660,2024-06-17 02:00:00,-0.3247577520542455,660,True
1002615,660,2024-06-17 03:00:00,-0.3247577520542455,660,True
1002615,660,2024-06-17 04:00:00,-0.3247577520542455,660,True
1002615,660,2024-06-17 05:00:00,-0.3247577520542455,660,True
1002615,660,2024-06-17 06:00:00,-0.3247577520542455,660,True
1002615,660,2024-06-17 07:00:00,-0.3247577520542455,660,True
1002615,660,2024-06-17 08:00:00,-0.3247577520542455,660,True
1002615,660,2024-06-17 09:00:00,-0.3247577520542455,660,True
1002615,660,2024-06-17 10:00:00,-0.3247577520542455,660,True
1002615,660,2024-06-17 11:00:00,-0.3247577520542455,660,True
1002615,660,2024-06-17 12:00:00,-0.3247577520542455,660,True
1002615,660,2024-06-17 13:00:00,-0.3247577520542455,660,True
1002615,660,2024-06-17 14:00:00,-0.3247577520542455,660,True
1002615,660,2024-06-17 15:00:00,-0.3247577520542455,660,True
1002615,660,2024-06-17 16:00:00,-0.3247577520542455,660,True
1002615,660,2024-06-17 17:00:00,-0.3247577520542455,660,True
1002615,660,2024-06-17 18:00:00,-0.3247577520542455,660,True
1002615,660,2024-06-17 19:00:00,-0.3247577520542455,660,True
1002615,660,2024-06-17 20:00:00,-0.3247577520542455,660,True
1002615,660,2024-06-17 21:00:00,-0.3247577520542455,660,True
1002615,660,2024-06-17 22:00:00,-0.3247577520542455,660,True
1002615,660,2024-06-17 23:00:00,-0.3247577520542455,660,True
1002615,660,2024-06-18 00:00:00,-0.3247577520542455,660,True
1002615,660,2024-06-18 01:00:00,-0.3247577520542455,660,True
1002615,660,2024-06-18 02:00:00,-0.3247577520542455,660,True
1002615,660,2024-06-18 03:00:00,-0.3247577520542455,660,True
1002615,660,2024-06-18 04:00:00,-0.3247577520542455,660,True
1002615,660,2024-06-18 05:00:00,-0.3247577520542455,660,True
1002615,660,2024-06-18 06:00:00,-0.3247577520542455,660,True
1002615,660,2024-06-18 07:00:00,-0.3247577520542455,660,True
1002615,660,2024-06-18 08:00:00,-0.3247577520542455,660,True
1002615,660,2024-06-18 09:00:00,-0.3247577520542455,660,True
1002615,660,2024-06-18 10:00:00,-0.3247577520542455,660,True
1002615,660,2024-06-18 11:00:00,-0.3247577520542455,660,True
1002615,660,2024-06-18 12:00:00,-0.3247577520542455,660,True
1002615,660,2024-06-18 13:00:00,-0.3247577520542455,660,True
1002615,660,2024-06-18 14:00:00,-0.3247577520542455,660,True
1002615,660,2024-06-18 15:00:00,-0.3247577520542455,660,True
1002615,660,2024-06-18 16:00:00,-0.3247577520542455,660,True
1002615,660,2024-06-18 17:00:00,-0.3247577520542455,660,True
1002615,660,2024-06-18 18:00:00,-0.3247577520542455,660,True
1002615,660,2024-06-18 19:00:00,-0.3247577520542455,660,True
1002615,660,2024-06-18 20:00:00,-0.3247577520542455,660,True
1002615,660,2024-06-18 21:00:00,-0.3247577520542455,660,True
1002615,660,2024-06-18 22:00:00,-0.3247577520542455,660,True
1002615,660,2024-06-18 23:00:00,-0.3247577520542455,660,True
1002615,660,2024-06-19 00:00:00,-0.3247577520542455,660,True
1002615,660,2024-06-19 01:00:00,-0.3247577520542455,660,True
1002615,660,2024-06-19 02:00:00,-0.3247577520542455,660,True
1002615,660,2024-06-19 03:00:00,-0.3247577520542455,660,True
1002615,660,2024-06-19 04:00:00,-0.3247577520542455,660,True
1002615,660,2024-06-19 05:00:00,-0.3247577520542455,660,True
1002615,660,2024-06-19 06:00:00,-0.3247577520542455,660,True
1002615,660,2024-06-19 07:00:00,-0.3247577520542455,660,True
1002615,660,2024-06-19 08:00:00,-0.3247577520542455,660,True
1002615,660,2024-06-19 09:00:00,-0.3247577520542455,660,True
1002615,660,2024-06-19 10:00:00,-0.3247577520542455,660,True
1002615,660,2024-06-19 11:00:00,-0.3247577520542455,660,True
1002615,660,2024-06-19 12:00:00,-0.3247577520542455,660,True
1002615,660,2024-06-19 13:00:00,-0.3247577520542455,660,True
1002615,660,2024-06-19 14:00:00,-0.3247577520542455,660,True
1002615,660,2024-06-19 15:00:00,-0.3247577520542455,660,True
1002615,660,2024-06-19 16:00:00,-0.3247577520542455,660,True
1002615,660,2024-06-19 17:00:00,-0.3247577520542455,660,True
1002615,660,2024-06-19 18:00:00,-0.3247577520542455,660,True
1002615,660,2024-06-19 19:00:00,-0.3247577520542455,660,True
1002615,660,2024-06-19 20:00:00,-0.3247577520542455,660,True
1002615,660,2024-06-19 21:00:00,-0.3247577520542455,660,True
1002615,660,2024-06-19 22:00:00,-0.3247577520542455,660,True
1002615,660,2024-06-19 23:00:00,-0.3247577520542455,660,True
1002615,660,2024-06-20 00:00:00,-0.3247577520542455,660,True
1002615,660,2024-06-20 01:00:00,-0.3247577520542455,660,True
1002615,660,2024-06-20 02:00:00,-0.3247577520542455,660,True
1002615,660,2024-06-20 03:00:00,-0.3247577520542455,660,True
1002615,660,2024-06-20 04:00:00,-0.3247577520542455,660,True
1002615,660,2024-06-20 05:00:00,-0.3247577520542455,660,True
1002615,660,2024-06-20 06:00:00,-0.3247577520542455,660,True
1002615,660,2024-06-20 07:00:00,-0.3247577520542455,660,True
1002615,660,2024-06-20 08:00:00,-0.3247577520542455,660,True
1002615,660,2024-06-20 09:00:00,-0.3247577520542455,660,True
1002615,660,2024-06-20 10:00:00,-0.3247577520542455,660,True
1002615,660,2024-06-20 11:00:00,-0.3247577520542455,660,True
1002615,660,2024-06-20 12:00:00,-0.3247577520542455,660,True
1002615,660,2024-06-20 13:00:00,-0.3247577520542455,660,True
1002615,660,2024-06-20 14:00:00,-0.3247577520542455,660,True
1002615,660,2024-06-20 15:00:00,-0.3247577520542455,660,True
1002615,660,2024-06-20 16:00:00,-0.3247577520542455,660,True
1002615,660,2024-06-20 17:00:00,-0.3247577520542455,660,True
1002615,660,2024-06-20 18:00:00,-0.3247577520542455,660,True
1002615,660,2024-06-20 19:00:00,-0.3247577520542455,660,True
1002615,660,2024-06-20 20:00:00,-0.3247577520542455,660,True
1002615,660,2024-06-20 21:00:00,-0.3247577520542455,660,True
1002615,660,2024-06-20 22:00:00,-0.3247577520542455,660,True
1002615,660,2024-06-20 23:00:00,-0.3247577520542455,660,True
1002615,660,2024-06-21 00:00:00,-0.3247577520542455,660,True
1002615,660,2024-06-21 01:00:00,-0.3247577520542455,660,True
1002615,660,2024-06-21 02:00:00,-0.3247577520542455,660,True
1002615,660,2024-06-21 03:00:00,-0.3247577520542455,660,True
1002615,660,2024-06-21 04:00:00,-0.3247577520542455,660,True
1002615,660,2024-06-21 05:00:00,-0.3247577520542455,660,True
1002615,660,2024-06-21 06:00:00,-0.3247577520542455,660,True
1002615,660,2024-06-21 07:00:00,-0.3247577520542455,660,True
1002615,660,2024-06-21 08:00:00,-0.3247577520542455,660,True
1002615,660,2024-06-21 09:00:00,-0.3247577520542455,660,True
1002615,660,2024-06-21 10:00:00,-0.3247577520542455,660,True
1002615,660,2024-06-21 11:00:00,-0.3247577520542455,660,True
1002615,660,2024-06-21 12:00:00,-0.3247577520542455,660,True
1002615,660,2024-06-21 13:00:00,-0.3247577520542455,660,True
1002615,660,2024-06-21 14:00:00,-0.3247577520542455,660,True
1002615,660,2024-06-21 15:00:00,-0.3247577520542455,660,True
1002615,660,2024-06-21 16:00:00,-0.3247577520542455,660,True
1002615,660,2024-06-21 17:00:00,-0.3247577520542455,660,True
1002615,660,2024-06-21 18:00:00,-0.3247577520542455,660,True
1002615,660,2024-06-21 19:00:00,-0.3247577520542455,660,True
1002615,660,2024-06-21 20:00:00,-0.3247577520542455,660,True
1002615,660,2024-06-21 21:00:00,-0.3247577520542455,660,True
1002615,660,2024-06-21 22:00:00,-0.3247577520542455,660,True
1002615,660,2024-06-21 23:00:00,-0.3247577520542455,660,True
1002615,660,2024-06-22 00:00:00,-0.3247577520542455,660,True
1002615,660,2024-06-22 01:00:00,-0.3247577520542455,660,True
1002615,660,2024-06-22 02:00:00,-0.3247577520542455,660,True
1002615,660,2024-06-22 03:00:00,-0.3247577520542455,660,True
1002615,660,2024-06-22 04:00:00,-0.3247577520542455,660,True
1002615,660,2024-06-22 05:00:00,-0.3247577520542455,660,True
1002615,660,2024-06-22 06:00:00,-0.3247577520542455,660,True
1002615,660,2024-06-22 07:00:00,-0.3247577520542455,660,True
1002615,660,2024-06-22 08:00:00,-0.3247577520542455,660,True
1002615,660,2024-06-22 09:00:00,-0.3247577520542455,660,True
1002615,660,2024-06-22 10:00:00,-0.3247577520542455,660,True
1002615,660,2024-06-22 11:00:00,-0.3247577520542455,660,True
1002615,660,2024-06-22 12:00:00,0.006322717296631312,660,True
1002615,660,2024-06-22 13:00:00,0.44776334309780036,660,True
1002615,660,2024-06-22 14:00:00,1.109924281799554,660,True
1002615,660,2024-06-22 15:00:00,2.2135258463024767,660,True
1002615,660,2024-06-22 16:00:00,2.8756867850042305,660,True
1002615,660,2024-06-22 17:00:00,3.648207880156276,660,True
1002615,660,2024-06-22 18:00:00,4.531089131758614,660,True
1002615,660,2024-06-22 19:00:00,4.862169601109491,660,True
1002615,660,2024-06-22 20:00:00,4.862169601109491,660,True
1002615,660,2024-06-22 21:00:00,4.862169601109491,660,True
1002615,660,2024-06-22 22:00:00,4.862169601109491,660,True
1002615,660,2024-06-22 23:00:00,4.862169601109491,660,True
1002625,597,2024-06-15 00:00:00,-0.28784796664542894,597,True
1002625,597,2024-06-15 01:00:00,-0.28784796664542894,597,True
1002625,597,2024-06-15 02:00:00,-0.28784796664542894,597,True
1002625,597,2024-06-15 03:00:00,-0.28784796664542894,597,True
1002625,597,2024-06-15 04:00:00,-0.28784796664542894,597,True
1002625,597,2024-06-15 05:00:00,-0.28784796664542894,597,True
1002625,597,2024-06-15 06:00:00,-0.28784796664542894,597,True
1002625,597,2024-06-15 07:00:00,-0.28784796664542894,597,True
1002625,597,2024-06-15 08:00:00,-0.28784796664542894,597,True
1002625,597,2024-06-15 09:00:00,0.09661679576098747,597,True
1002625,597,2024-06-15 10:00:00,0.09661679576098747,597,True
1002625,597,2024-06-15 11:00:00,0.09661679576098747,597,True
1002625,597,2024-06-15 12:00:00,0.1927329863625916,597,True
1002625,597,2024-06-15 13:00:00,0.1927329863625916,597,True
1002625,597,2024-06-15 14:00:00,0.1927329863625916,597,True
1002625,597,2024-06-15 15:00:00,0.1927329863625916,597,True
1002625,597,2024-06-15 16:00:00,0.1927329863625916,597,True
1002625,597,2024-06-15 17:00:00,0.1927329863625916,597,True
1002625,597,2024-06-15 18:00:00,0.2888491769641957,597,True
1002625,597,2024-06-15 19:00:00,0.38496536756579985,597,True
1002625,597,2024-06-15 20:00:00,0.48108155816740394,597,True
1002625,597,2024-06-15 21:00:00,0.48108155816740394,597,True
1002625,597,2024-06-15 22:00:00,0.48108155816740394,597,True
1002625,597,2024-06-15 23:00:00,0.5771977487690081,597,True
1002625,597,2024-06-16 00:00:00,0.5771977487690081,597,True
1002625,597,2024-06-16 01:00:00,-0.28784796664542894,597,True
1002625,597,2024-06-16 02:00:00,-0.28784796664542894,597,True
1002625,597,2024-06-16 03:00:00,-0.28784796664542894,597,True
1002625,597,2024-06-16 04:00:00,-0.28784796664542894,597,True
1002625,597,2024-06-16 05:00:00,-0.28784796664542894,597,True
1002625,597,2024-06-16 06:00:00,-0.19173177604382485,597,True
1002625,597,2024-06-16 07:00:00,-0.19173177604382485,597,True
1002625,597,2024-06-16 08:00:00,-0.19173177604382485,597,True
1002625,597,2024-06-16 09:00:00,-0.19173177604382485,597,True
1002625,597,2024-06-16 10:00:00,-0.19173177604382485,597,True
1002625,597,2024-06-16 11:00:00,-0.19173177604382485,597,True
1002625,597,2024-06-16 12:00:00,-0.19173177604382485,597,True
1002625,597,2024-06-16 13:00:00,-0.19173177604382485,597,True
1002625,597,2024-06-16 14:00:00,-0.19173177604382485,597,True
1002625,597,2024-06-16 15:00:00,-0.19173177604382485,597,True
1002625,597,2024-06-16 16:00:00,-0.19173177604382485,597,True
1002625,597,2024-06-16 17:00:00,-0.19173177604382485,597,True
1002625,597,2024-06-16 18:00:00,-0.19173177604382485,597,True
1002625,597,2024-06-16 19:00:00,-0.19173177604382485,597,True
1002625,597,2024-06-16 20:00:00,-0.19173177604382485,597,True
1002625,597,2024-06-16 21:00:00,-0.19173177604382485,597,True
1002625,597,2024-06-16 22:00:00,-0.19173177604382485,597,True
1002625,597,2024-06-16 23:00:00,-0.19173177604382485,597,True
1002625,597,2024-06-17 00:00:00,-0.19173177604382485,597,True
1002625,597,2024-06-17 01:00:00,-0.28784796664542894,597,True
1002625,597,2024-06-17 02:00:00,-0.28784796664542894,597,True
1002625,597,2024-06-17 03:00:00,-0.28784796664542894,597,True
1002625,597,2024-06-17 04:00:00,-0.28784796664542894,597,True
1002625,597,2024-06-17 05:00:00,-0.28784796664542894,597,True
1002625,597,2024-06-17 06:00:00,-0.28784796664542894,597,True
1002625,597,2024-06-17 07:00:00,-0.28784796664542894,597,True
1002625,597,2024-06-17 08:00:00,-0.28784796664542894,597,True
1002625,597,2024-06-17 09:00:00,-0.28784796664542894,597,True
1002625,597,2024-06-17 10:00:00,-0.28784796664542894,597,True
1002625,597,2024-06-17 11:00:00,-0.28784796664542894,597,True
1002625,597,2024-06-17 12:00:00,-0.28784796664542894,597,True
1002625,597,2024-06-17 13:00:00,-0.28784796664542894,597,True
1002625,597,2024-06-17 14:00:00,-0.28784796664542894,597,True
1002625,597,2024-06-17 15:00:00,-0.28784796664542894,597,True
1002625,597,2024-06-17 16:00:00,-0.28784796664542894,597,True
1002625,597,2024-06-17 17:00:00,-0.28784796664542894,597,True
1002625,597,2024-06-17 18:00:00,-0.28784796664542894,597,True
1002625,597,2024-06-17 19:00:00,-0.28784796664542894,597,True
1002625,597,2024-06-17 20:00:00,-0.28784796664542894,597,True
1002625,597,2024-06-17 21:00:00,-0.28784796664542894,597,True
1002625,597,2024-06-17 22:00:00,-0.28784796664542894,597,True
1002625,597,2024-06-17 23:00:00,-0.28784796664542894,597,True
1002625,597,2024-06-18 00:00:00,-0.28784796664542894,597,True
1002625,597,2024-06-18 01:00:00,-0.28784796664542894,597,True
1002625,597,2024-06-18 02:00:00,-0.28784796664542894,597,True
1002625,597,2024-06-18 03:00:00,-0.28784796664542894,597,True
1002625,597,2024-06-18 04:00:00,-0.28784796664542894,597,True
1002625,597,2024-06-18 05:00:00,-0.28784796664542894,597,True
1002625,597,2024-06-18 06:00:00,-0.28784796664542894,597,True
1002625,597,2024-06-18 07:00:00,-0.28784796664542894,597,True
1002625,597,2024-06-18 08:00:00,-0.28784796664542894,597,True
1002625,597,2024-06-18 09:00:00,-0.28784796664542894,597,True
1002625,597,2024-06-18 10:00:00,-0.28784796664542894,597,True
1002625,597,2024-06-18 11:00:00,-0.28784796664542894,597,True
1002625,597,2024-06-18 12:00:00,-0.28784796664542894,597,True
1002625,597,2024-06-18 13:00:00,-0.28784796664542894,597,True
1002625,597,2024-06-18 14:00:00,-0.28784796664542894,597,True
1002625,597,2024-06-18 15:00:00,-0.28784796664542894,597,True
1002625,597,2024-06-18 16:00:00,-0.28784796664542894,597,True
1002625,597,2024-06-18 17:00:00,-0.28784796664542894,597,True
1002625,597,2024-06-18 18:00:00,-0.28784796664542894,597,True
1002625,597,2024-06-18 19:00:00,-0.28784796664542894,597,True
1002625,597,2024-06-18 20:00:00,-0.28784796664542894,597,True
1002625,597,2024-06-18 21:00:00,-0.28784796664542894,597,True
1002625,597,2024-06-18 22:00:00,-0.28784796664542894,597,True
1002625,597,2024-06-18 23:00:00,-0.28784796664542894,597,True
1002625,597,2024-06-19 00:00:00,-0.28784796664542894,597,True
1002625,597,2024-06-19 01:00:00,-0.28784796664542894,597,True
1002625,597,2024-06-19 02:00:00,-0.28784796664542894,597,True
1002625,597,2024-06-19 03:00:00,-0.28784796664542894,597,True
1002625,597,2024-06-19 04:00:00,-0.28784796664542894,597,True
1002625,597,2024-06-19 05:00:00,-0.28784796664542894,597,True
1002625,597,2024-06-19 06:00:00,-0.28784796664542894,597,True
1002625,597,2024-06-19 07:00:00,-0.28784796664542894,597,True
1002625,597,2024-06-19 08:00:00,-0.28784796664542894,597,True
1002625,597,2024-06-19 09:00:00,-0.28784796664542894,597,True
1002625,597,2024-06-19 10:00:00,-0.28784796664542894,597,True
1002625,597,2024-06-19 11:00:00,-0.28784796664542894,597,True
1002625,597,2024-06-19 12:00:00,-0.28784796664542894,597,True
1002625,597,2024-06-19 13:00:00,-0.28784796664542894,597,True
1002625,597,2024-06-19 14:00:00,-0.28784796664542894,597,True
1002625,597,2024-06-19 15:00:00,-0.28784796664542894,597,True
1002625,597,2024-06-19 16:00:00,-0.28784796664542894,597,True
1002625,597,2024-06-19 17:00:00,-0.28784796664542894,597,True
1002625,597,2024-06-19 18:00:00,-0.28784796664542894,597,True
1002625,597,2024-06-19 19:00:00,-0.28784796664542894,597,True
1002625,597,2024-06-19 20:00:00,-0.28784796664542894,597,True
1002625,597,2024-06-19 21:00:00,-0.28784796664542894,597,True
1002625,597,2024-06-19 22:00:00,-0.28784796664542894,597,True
1002625,597,2024-06-19 23:00:00,-0.28784796664542894,597,True
1002625,597,2024-06-20 00:00:00,-0.28784796664542894,597,True
1002625,597,2024-06-20 01:00:00,-0.28784796664542894,597,True
1002625,597,2024-06-20 02:00:00,-0.28784796664542894,597,True
1002625,597,2024-06-20 03:00:00,-0.28784796664542894,597,True
1002625,597,2024-06-20 04:00:00,-0.28784796664542894,597,True
1002625,597,2024-06-20 05:00:00,-0.28784796664542894,597,True
1002625,597,2024-06-20 06:00:00,-0.28784796664542894,597,True
1002625,597,2024-06-20 07:00:00,-0.28784796664542894,597,True
1002625,597,2024-06-20 08:00:00,-0.28784796664542894,597,True
1002625,597,2024-06-20 09:00:00,-0.28784796664542894,597,True
1002625,597,2024-06-20 10:00:00,-0.28784796664542894,597,True
1002625,597,2024-06-20 11:00:00,-0.28784796664542894,597,True
1002625,597,2024-06-20 12:00:00,-0.28784796664542894,597,True
1002625,597,2024-06-20 13:00:00,-0.28784796664542894,597,True
1002625,597,2024-06-20 14:00:00,-0.28784796664542894,597,True
1002625,597,2024-06-20 15:00:00,-0.28784796664542894,597,True
1002625,597,2024-06-20 16:00:00,-0.28784796664542894,597,True
1002625,597,2024-06-20 17:00:00,-0.28784796664542894,597,True
1002625,597,2024-06-20 18:00:00,-0.28784796664542894,597,True
1002625,597,2024-06-20 19:00:00,-0.28784796664542894,597,True
1002625,597,2024-06-20 20:00:00,-0.28784796664542894,597,True
1002625,597,2024-06-20 21:00:00,-0.28784796664542894,597,True
1002625,597,2024-06-20 22:00:00,-0.28784796664542894,597,True
1002625,597,2024-06-20 23:00:00,-0.28784796664542894,597,True
1002625,597,2024-06-21 00:00:00,-0.28784796664542894,597,True
1002625,597,2024-06-21 01:00:00,-0.28784796664542894,597,True
1002625,597,2024-06-21 02:00:00,-0.28784796664542894,597,True
1002625,597,2024-06-21 03:00:00,-0.28784796664542894,597,True
1002625,597,2024-06-21 04:00:00,-0.28784796664542894,597,True
1002625,597,2024-06-21 05:00:00,-0.28784796664542894,597,True
1002625,597,2024-06-21 06:00:00,-0.28784796664542894,597,True
1002625,597,2024-06-21 07:00:00,-0.28784796664542894,597,True
1002625,597,2024-06-21 08:00:00,-0.28784796664542894,597,True
1002625,597,2024-06-21 09:00:00,-0.28784796664542894,597,True
1002625,597,2024-06-21 10:00:00,-0.28784796664542894,597,True
1002625,597,2024-06-21 11:00:00,-0.28784796664542894,597,True
1002625,597,2024-06-21 12:00:00,-0.28784796664542894,597,True
1002625,597,2024-06-21 13:00:00,-0.28784796664542894,597,True
1002625,597,2024-06-21 14:00:00,-0.28784796664542894,597,True
1002625,597,2024-06-21 15:00:00,-0.28784796664542894,597,True
1002625,597,2024-06-21 16:00:00,-0.28784796664542894,597,True
1002625,597,2024-06-21 17:00:00,-0.28784796664542894,597,True
1002625,597,2024-06-21 18:00:00,-0.28784796664542894,597,True
1002625,597,2024-06-21 19:00:00,-0.28784796664542894,597,True
1002625,597,2024-06-21 20:00:00,-0.28784796664542894,597,True
1002625,597,2024-06-21 21:00:00,-0.28784796664542894,597,True
1002625,597,2024-06-21 22:00:00,-0.28784796664542894,597,True
1002625,597,2024-06-21 23:00:00,-0.28784796664542894,597,True
1002625,597,2024-06-22 00:00:00,-0.28784796664542894,597,True
1002625,597,2024-06-22 01:00:00,-0.28784796664542894,597,True
1002625,597,2024-06-22 02:00:00,-0.28784796664542894,597,True
1002625,597,2024-06-22 03:00:00,-0.28784796664542894,597,True
1002625,597,2024-06-22 04:00:00,-0.28784796664542894,597,True
1002625,597,2024-06-22 05:00:00,-0.28784796664542894,597,True
1002625,597,2024-06-22 06:00:00,-0.28784796664542894,597,True
1002625,597,2024-06-22 07:00:00,-0.28784796664542894,597,True
1002625,597,2024-06-22 08:00:00,-0.28784796664542894,597,True
1002625,597,2024-06-22 09:00:00,-0.28784796664542894,597,True
1002625,597,2024-06-22 10:00:00,-0.28784796664542894,597,True
1002625,597,2024-06-22 11:00:00,-0.28784796664542894,597,True
1002625,597,2024-06-22 12:00:00,0.1927329863625916,597,True
1002625,597,2024-06-22 13:00:00,0.5771977487690081,597,True
1002625,597,2024-06-22 14:00:00,1.0577787017770286,597,True
1002625,597,2024-06-22 15:00:00,2.307289179597882,597,True
1002625,597,2024-06-22 16:00:00,3.076218704410715,597,True
1002625,597,2024-06-22 17:00:00,3.749032038621944,597,True
1002625,597,2024-06-22 18:00:00,4.710193944637985,597,True
1002625,597,2024-06-22 19:00:00,4.9985425164427975,597,True
1002625,597,2024-06-22 20:00:00,4.9985425164427975,597,True
1002625,597,2024-06-22 21:00:00,4.9985425164427975,597,True
1002625,597,2024-06-22 22:00:00,4.9985425164427975,597,True
1002625,597,2024-06-22 23:00:00,4.9985425164427975,597,True
1002626,597,2024-06-15 00:00:00,-0.28784796664542894,597,True
1002626,597,2024-06-15 01:00:00,-0.28784796664542894,597,True
1002626,597,2024-06-15 02:00:00,-0.28784796664542894,597,True
1002626,597,2024-06-15 03:00:00,-0.28784796664542894,597,True
1002626,597,2024-06-15 04:00:00,-0.28784796664542894,597,True
1002626,597,2024-06-15 05:00:00,-0.28784796664542894,597,True
1002626,597,2024-06-15 06:00:00,-0.28784796664542894,597,True
1002626,597,2024-06-15 07:00:00,-0.28784796664542894,597,True
1002626,597,2024-06-15 08:00:00,-0.28784796664542894,597,True
1002626,597,2024-06-15 09:00:00,0.09661679576098747,597,True
1002626,597,2024-06-15 10:00:00,0.09661679576098747,597,True
1002626,597,2024-06-15 11:00:00,0.09661679576098747,597,True
1002626,597,2024-06-15 12:00:00,0.1927329863625916,597,True
1002626,597,2024-06-15 13:00:00,0.1927329863625916,597,True
1002626,597,2024-06-15 14:00:00,0.1927329863625916,597,True
1002626,597,2024-06-15 15:00:00,0.1927329863625916,597,True
1002626,597,2024-06-15 16:00:00,0.1927329863625916,597,True
1002626,597,2024-06-15 17:00:00,0.1927329863625916,597,True
1002626,597,2024-06-15 18:00:00,0.2888491769641957,597,True
1002626,597,2024-06-15 19:00:00,0.38496536756579985,597,True
1002626,597,2024-06-15 20:00:00,0.48108155816740394,597,True
1002626,597,2024-06-15 21:00:00,0.48108155816740394,597,True
1002626,597,2024-06-15 22:00:00,0.48108155816740394,597,True
1002626,597,2024-06-15 23:00:00,0.5771977487690081,597,True
1002626,597,2024-06-16 00:00:00,0.5771977487690081,597,True
1002626,597,2024-06-16 01:00:00,-0.28784796664542894,597,True
1002626,597,2024-06-16 02:00:00,-0.28784796664542894,597,True
1002626,597,2024-06-16 03:00:00,-0.28784796664542894,597,True
1002626,597,2024-06-16 04:00:00,-0.28784796664542894,597,True
1002626,597,2024-06-16 05:00:00,-0.28784796664542894,597,True
1002626,597,2024-06-16 06:00:00,-0.19173177604382485,597,True
1002626,597,2024-06-16 07:00:00,-0.19173177604382485,597,True
1002626,597,2024-06-16 08:00:00,-0.19173177604382485,597,True
1002626,597,2024-06-16 09:00:00,-0.19173177604382485,597,True
1002626,597,2024-06-16 10:00:00,-0.19173177604382485,597,True
1002626,597,2024-06-16 11:00:00,-0.19173177604382485,597,True
1002626,597,2024-06-16 12:00:00,-0.19173177604382485,597,True
1002626,597,2024-06-16 13:00:00,-0.19173177604382485,597,True
1002626,597,2024-06-16 14:00:00,-0.19173177604382485,597,True
1002626,597,2024-06-16 15:00:00,-0.19173177604382485,597,True
1002626,597,2024-06-16 16:00:00,-0.19173177604382485,597,True
1002626,597,2024-06-16 17:00:00,-0.19173177604382485,597,True
1002626,597,2024-06-16 18:00:00,-0.19173177604382485,597,True
1002626,597,2024-06-16 19:00:00,-0.19173177604382485,597,True
1002626,597,2024-06-16 20:00:00,-0.19173177604382485,597,True
1002626,597,2024-06-16 21:00:00,-0.19173177604382485,597,True
1002626,597,2024-06-16 22:00:00,-0.19173177604382485,597,True
1002626,597,2024-06-16 23:00:00,-0.19173177604382485,597,True
1002626,597,2024-06-17 00:00:00,-0.19173177604382485,597,True
1002626,597,2024-06-17 01:00:00,-0.28784796664542894,597,True
1002626,597,2024-06-17 02:00:00,-0.28784796664542894,597,True
1002626,597,2024-06-17 03:00:00,-0.28784796664542894,597,True
1002626,597,2024-06-17 04:00:00,-0.28784796664542894,597,True
1002626,597,2024-06-17 05:00:00,-0.28784796664542894,597,True
1002626,597,2024-06-17 06:00:00,-0.28784796664542894,597,True
1002626,597,2024-06-17 07:00:00,-0.28784796664542894,597,True
1002626,597,2024-06-17 08:00:00,-0.28784796664542894,597,True
1002626,597,2024-06-17 09:00:00,-0.28784796664542894,597,True
1002626,597,2024-06-17 10:00:00,-0.28784796664542894,597,True
1002626,597,2024-06-17 11:00:00,-0.28784796664542894,597,True
1002626,597,2024-06-17 12:00:00,-0.28784796664542894,597,True
1002626,597,2024-06-17 13:00:00,-0.28784796664542894,597,True
1002626,597,2024-06-17 14:00:00,-0.28784796664542894,597,True
1002626,597,2024-06-17 15:00:00,-0.28784796664542894,597,True
1002626,597,2024-06-17 16:00:00,-0.28784796664542894,597,True
1002626,597,2024-06-17 17:00:00,-0.28784796664542894,597,True
1002626,597,2024-06-17 18:00:00,-0.28784796664542894,597,True
1002626,597,2024-06-17 19:00:00,-0.28784796664542894,597,True
1002626,597,2024-06-17 20:00:00,-0.28784796664542894,597,True
1002626,597,2024-06-17 21:00:00,-0.28784796664542894,597,True
1002626,597,2024-06-17 22:00:00,-0.28784796664542894,597,True
1002626,597,2024-06-17 23:00:00,-0.28784796664542894,597,True
1002626,597,2024-06-18 00:00:00,-0.28784796664542894,597,True
1002626,597,2024-06-18 01:00:00,-0.28784796664542894,597,True
1002626,597,2024-06-18 02:00:00,-0.28784796664542894,597,True
1002626,597,2024-06-18 03:00:00,-0.28784796664542894,597,True
1002626,597,2024-06-18 04:00:00,-0.28784796664542894,597,True
1002626,597,2024-06-18 05:00:00,-0.28784796664542894,597,True
1002626,597,2024-06-18 06:00:00,-0.28784796664542894,597,True
1002626,597,2024-06-18 07:00:00,-0.28784796664542894,597,True
1002626,597,2024-06-18 08:00:00,-0.28784796664542894,597,True
1002626,597,2024-06-18 09:00:00,-0.28784796664542894,597,True
1002626,597,2024-06-18 10:00:00,-0.28784796664542894,597,True
1002626,597,2024-06-18 11:00:00,-0.28784796664542894,597,True
1002626,597,2024-06-18 12:00:00,-0.28784796664542894,597,True
1002626,597,2024-06-18 13:00:00,-0.28784796664542894,597,True
1002626,597,2024-06-18 14:00:00,-0.28784796664542894,597,True
1002626,597,2024-06-18 15:00:00,-0.28784796664542894,597,True
1002626,597,2024-06-18 16:00:00,-0.28784796664542894,597,True
1002626,597,2024-06-18 17:00:00,-0.28784796664542894,597,True
1002626,597,2024-06-18 18:00:00,-0.28784796664542894,597,True
1002626,597,2024-06-18 19:00:00,-0.28784796664542894,597,True
1002626,597,2024-06-18 20:00:00,-0.28784796664542894,597,True
1002626,597,2024-06-18 21:00:00,-0.28784796664542894,597,True
1002626,597,2024-06-18 22:00:00,-0.28784796664542894,597,True
1002626,597,2024-06-18 23:00:00,-0.28784796664542894,597,True
1002626,597,2024-06-19 00:00:00,-0.28784796664542894,597,True
1002626,597,2024-06-19 01:00:00,-0.28784796664542894,597,True
1002626,597,2024-06-19 02:00:00,-0.28784796664542894,597,True
1002626,597,2024-06-19 03:00:00,-0.28784796664542894,597,True
1002626,597,2024-06-19 04:00:00,-0.28784796664542894,597,True
1002626,597,2024-06-19 05:00:00,-0.28784796664542894,597,True
1002626,597,2024-06-19 06:00:00,-0.28784796664542894,597,True
1002626,597,2024-06-19 07:00:00,-0.28784796664542894,597,True
1002626,597,2024-06-19 08:00:00,-0.28784796664542894,597,True
1002626,597,2024-06-19 09:00:00,-0.28784796664542894,597,True
1002626,597,2024-06-19 10:00:00,-0.28784796664542894,597,True
1002626,597,2024-06-19 11:00:00,-0.28784796664542894,597,True
1002626,597,2024-06-19 12:00:00,-0.28784796664542894,597,True
1002626,597,2024-06-19 13:00:00,-0.28784796664542894,597,True
1002626,597,2024-06-19 14:00:00,-0.28784796664542894,597,True
1002626,597,2024-06-19 15:00:00,-0.28784796664542894,597,True
1002626,597,2024-06-19 16:00:00,-0.28784796664542894,597,True
1002626,597,2024-06-19 17:00:00,-0.28784796664542894,597,True
1002626,597,2024-06-19 18:00:00,-0.28784796664542894,597,True
1002626,597,2024-06-19 19:00:00,-0.28784796664542894,597,True
1002626,597,2024-06-19 20:00:00,-0.28784796664542894,597,True
1002626,597,2024-06-19 21:00:00,-0.28784796664542894,597,True
1002626,597,2024-06-19 22:00:00,-0.28784796664542894,597,True
1002626,597,2024-06-19 23:00:00,-0.28784796664542894,597,True
1002626,597,2024-06-20 00:00:00,-0.28784796664542894,597,True
1002626,597,2024-06-20 01:00:00,-0.28784796664542894,597,True
1002626,597,2024-06-20 02:00:00,-0.28784796664542894,597,True
1002626,597,2024-06-20 03:00:00,-0.28784796664542894,597,True
1002626,597,2024-06-20 04:00:00,-0.28784796664542894,597,True
1002626,597,2024-06-20 05:00:00,-0.28784796664542894,597,True
1002626,597,2024-06-20 06:00:00,-0.28784796664542894,597,True
1002626,597,2024-06-20 07:00:00,-0.28784796664542894,597,True
1002626,597,2024-06-20 08:00:00,-0.28784796664542894,597,True
1002626,597,2024-06-20 09:00:00,-0.28784796664542894,597,True
1002626,597,2024-06-20 10:00:00,-0.28784796664542894,597,True
1002626,597,2024-06-20 11:00:00,-0.28784796664542894,597,True
1002626,597,2024-06-20 12:00:00,-0.28784796664542894,597,True
1002626,597,2024-06-20 13:00:00,-0.28784796664542894,597,True
1002626,597,2024-06-20 14:00:00,-0.28784796664542894,597,True
1002626,597,2024-06-20 15:00:00,-0.28784796664542894,597,True
1002626,597,2024-06-20 16:00:00,-0.28784796664542894,597,True
1002626,597,2024-06-20 17:00:00,-0.28784796664542894,597,True
1002626,597,2024-06-20 18:00:00,-0.28784796664542894,597,True
1002626,597,2024-06-20 19:00:00,-0.28784796664542894,597,True
1002626,597,2024-06-20 20:00:00,-0.28784796664542894,597,True
1002626,597,2024-06-20 21:00:00,-0.28784796664542894,597,True
1002626,597,2024-06-20 22:00:00,-0.28784796664542894,597,True
1002626,597,2024-06-20 23:00:00,-0.28784796664542894,597,True
1002626,597,2024-06-21 00:00:00,-0.28784796664542894,597,True
1002626,597,2024-06-21 01:00:00,-0.28784796664542894,597,True
1002626,597,2024-06-21 02:00:00,-0.28784796664542894,597,True
1002626,597,2024-06-21 03:00:00,-0.28784796664542894,597,True
1002626,597,2024-06-21 04:00:00,-0.28784796664542894,597,True
1002626,597,2024-06-21 05:00:00,-0.28784796664542894,597,True
1002626,597,2024-06-21 06:00:00,-0.28784796664542894,597,True
1002626,597,2024-06-21 07:00:00,-0.28784796664542894,597,True
1002626,597,2024-06-21 08:00:00,-0.28784796664542894,597,True
1002626,597,2024-06-21 09:00:00,-0.28784796664542894,597,True
1002626,597,2024-06-21 10:00:00,-0.28784796664542894,597,True
1002626,597,2024-06-21 11:00:00,-0.28784796664542894,597,True
1002626,597,2024-06-21 12:00:00,-0.28784796664542894,597,True
1002626,597,2024-06-21 13:00:00,-0.28784796664542894,597,True
1002626,597,2024-06-21 14:00:00,-0.28784796664542894,597,True
1002626,597,2024-06-21 15:00:00,-0.28784796664542894,597,True
1002626,597,2024-06-21 16:00:00,-0.28784796664542894,597,True
1002626,597,2024-06-21 17:00:00,-0.28784796664542894,597,True
1002626,597,2024-06-21 18:00:00,-0.28784796664542894,597,True
1002626,597,2024-06-21 19:00:00,-0.28784796664542894,597,True
1002626,597,2024-06-21 20:00:00,-0.28784796664542894,597,True
1002626,597,2024-06-21 21:00:00,-0.28784796664542894,597,True
1002626,597,2024-06-21 22:00:00,-0.28784796664542894,597,True
1002626,597,2024-06-21 23:00:00,-0.28784796664542894,597,True
1002626,597,2024-06-22 00:00:00,-0.28784796664542894,597,True
1002626,597,2024-06-22 01:00:00,-0.28784796664542894,597,True
1002626,597,2024-06-22 02:00:00,-0.28784796664542894,597,True
1002626,597,2024-06-22 03:00:00,-0.28784796664542894,597,True
1002626,597,2024-06-22 04:00:00,-0.28784796664542894,597,True
1002626,597,2024-06-22 05:00:00,-0.28784796664542894,597,True
1002626,597,2024-06-22 06:00:00,-0.28784796664542894,597,True
1002626,597,2024-06-22 07:00:00,-0.28784796664542894,597,True
1002626,597,2024-06-22 08:00:00,-0.28784796664542894,597,True
1002626,597,2024-06-22 09:00:00,-0.28784796664542894,597,True
1002626,597,2024-06-22 10:00:00,-0.28784796664542894,597,True
1002626,597,2024-06-22 11:00:00,-0.28784796664542894,597,True
1002626,597,2024-06-22 12:00:00,0.1927329863625916,597,True
1002626,597,2024-06-22 13:00:00,0.5771977487690081,597,True
1002626,597,2024-06-22 14:00:00,1.0577787017770286,597,True
1002626,597,2024-06-22 15:00:00,2.307289179597882,597,True
1002626,597,2024-06-22 16:00:00,3.076218704410715,597,True
1002626,597,2024-06-22 17:00:00,3.749032038621944,597,True
1002626,597,2024-06-22 18:00:00,4.710193944637985,597,True
1002626,597,2024-06-22 19:00:00,4.9985425164427975,597,True
1002626,597,2024-06-22 20:00:00,4.9985425164427975,597,True
1002626,597,2024-06-22 21:00:00,4.9985425164427975,597,True
1002626,597,2024-06-22 22:00:00,4.9985425164427975,597,True
1002626,597,2024-06-22 23:00:00,4.9985425164427975,597,True
1002635,526,2024-06-15 00:00:00,-0.23446299950097357,526,True
1002635,526,2024-06-15 01:00:00,-0.23446299950097357,526,True
1002635,526,2024-06-15 02:00:00,-0.23446299950097357,526,True
1002635,526,2024-06-15 03:00:00,-0.23446299950097357,526,True
1002635,526,2024-06-15 04:00:00,-0.23446299950097357,526,True
1002635,526,2024-06-15 05:00:00,-0.23446299950097357,526,True
1002635,526,2024-06-15 06:00:00,-0.23446299950097357,526,True
1002635,526,2024-06-15 07:00:00,-0.23446299950097357,526,True
1002635,526,2024-06-15 08:00:00,-0.23446299950097357,526,True
1002635,526,2024-06-15 09:00:00,-0.23446299950097357,526,True
1002635,526,2024-06-15 10:00:00,-0.23446299950097357,526,True
1002635,526,2024-06-15 11:00:00,-0.23446299950097357,526,True
1002635,526,2024-06-15 12:00:00,-0.19278068847857827,526,True
1002635,526,2024-06-15 13:00:00,-0.15109837745618296,526,True
1002635,526,2024-06-15 14:00:00,-0.15109837745618296,526,True
1002635,526,2024-06-15 15:00:00,-0.15109837745618296,526,True
1002635,526,2024-06-15 16:00:00,-0.15109837745618296,526,True
1002635,526,2024-06-15 17:00:00,-0.15109837745618296,526,True
1002635,526,2024-06-15 18:00:00,-0.15109837745618296,526,True
1002635,526,2024-06-15 19:00:00,-0.10941606643378766,526,True
1002635,526,2024-06-15 20:00:00,-0.06773375541139236,526,True
1002635,526,2024-06-15 21:00:00,-0.06773375541139236,526,True
1002635,526,2024-06-15 22:00:00,-0.06773375541139236,526,True
1002635,526,2024-06-15 23:00:00,0.34908935481256065,526,True
1002635,526,2024-06-16 00:00:00,0.39077166583495593,526,True
1002635,526,2024-06-16 01:00:00,-0.23446299950097357,526,True
1002635,526,2024-06-16 02:00:00,-0.23446299950097357,526,True
1002635,526,2024-06-16 03:00:00,-0.23446299950097357,526,True
1002635,526,2024-06-16 04:00:00,-0.23446299950097357,526,True
1002635,526,2024-06-16 05:00:00,-0.23446299950097357,526,True
1002635,526,2024-06-16 06:00:00,-0.23446299950097357,526,True
1002635,526,2024-06-16 07:00:00,-0.23446299950097357,526,True
1002635,526,2024-06-16 08:00:00,-0.23446299950097357,526,True
1002635,526,2024-06-16 09:00:00,-0.23446299950097357,526,True
1002635,526,2024-06-16 10:00:00,-0.23446299950097357,526,True
1002635,526,2024-06-16 11:00:00,-0.23446299950097357,526,True
1002635,526,2024-06-16 12:00:00,-0.23446299950097357,526,True
1002635,526,2024-06-16 13:00:00,-0.23446299950097357,526,True
1002635,526,2024-06-16 14:00:00,-0.23446299950097357,526,True
1002635,526,2024-06-16 15:00:00,-0.23446299950097357,526,True
1002635,526,2024-06-16 16:00:00,-0.23446299950097357,526,True
1002635,526,2024-06-16 17:00:00,-0.23446299950097357,526,True
1002635,526,2024-06-16 18:00:00,-0.23446299950097357,526,True
1002635,526,2024-06-16 19:00:00,-0.23446299950097357,526,True
1002635,526,2024-06-16 20:00:00,-0.23446299950097357,526,True
1002635,526,2024-06-16 21:00:00,-0.23446299950097357,526,True
1002635,526,2024-06-16 22:00:00,-0.23446299950097357,526,True
1002635,526,2024-06-16 23:00:00,-0.23446299950097357,526,True
1002635,526,2024-06-17 00:00:00,-0.23446299950097357,526,True
1002635,526,2024-06-17 01:00:00,-0.23446299950097357,526,True
1002635,526,2024-06-17 02:00:00,-0.23446299950097357,526,True
1002635,526,2024-06-17 03:00:00,-0.23446299950097357,526,True
1002635,526,2024-06-17 04:00:00,-0.23446299950097357,526,True
1002635,526,2024-06-17 05:00:00,-0.23446299950097357,526,True
1002635,526,2024-06-17 06:00:00,-0.23446299950097357,526,True
1002635,526,2024-06-17 07:00:00,-0.23446299950097357,526,True
1002635,526,2024-06-17 08:00:00,-0.23446299950097357,526,True
1002635,526,2024-06-17 09:00:00,-0.23446299950097357,526,True
1002635,526,2024-06-17 10:00:00,-0.23446299950097357,526,True
1002635,526,2024-06-17 11:00:00,-0.23446299950097357,526,True
1002635,526,2024-06-17 12:00:00,-0.23446299950097357,526,True
1002635,526,2024-06-17 13:00:00,-0.23446299950097357,526,True
1002635,526,2024-06-17 14:00:00,-0.23446299950097357,526,True
1002635,526,2024-06-17 15:00:00,-0.23446299950097357,526,True
1002635,526,2024-06-17 16:00:00,-0.23446299950097357,526,True
1002635,526,2024-06-17 17:00:00,-0.23446299950097357,526,True
1002635,526,2024-06-17 18:00:00,-0.23446299950097357,526,True
1002635,526,2024-06-17 19:00:00,-0.23446299950097357,526,True
1002635,526,2024-06-17 20:00:00,-0.23446299950097357,526,True
1002635,526,2024-06-17 21:00:00,-0.23446299950097357,526,True
1002635,526,2024-06-17 22:00:00,-0.23446299950097357,526,True
1002635,526,2024-06-17 23:00:00,-0.23446299950097357,526,True
1002635,526,2024-06-18 00:00:00,-0.23446299950097357,526,True
1002635,526,2024-06-18 01:00:00,-0.23446299950097357,526,True
1002635,526,2024-06-18 02:00:00,-0.23446299950097357,526,True
1002635,526,2024-06-18 03:00:00,-0.23446299950097357,526,True
1002635,526,2024-06-18 04:00:00,-0.23446299950097357,526,True
1002635,526,2024-06-18 05:00:00,-0.23446299950097357,526,True
1002635,526,2024-06-18 06:00:00,-0.23446299950097357,526,True
1002635,526,2024-06-18 07:00:00,-0.23446299950097357,526,True
1002635,526,2024-06-18 08:00:00,-0.23446299950097357,526,True
1002635,526,2024-06-18 09:00:00,-0.23446299950097357,526,True
1002635,526,2024-06-18 10:00:00,-0.23446299950097357,526,True
1002635,526,2024-06-18 11:00:00,-0.23446299950097357,526,True
1002635,526,2024-06-18 12:00:00,-0.23446299950097357,526,True
1002635,526,2024-06-18 13:00:00,-0.23446299950097357,526,True
1002635,526,2024-06-18 14:00:00,-0.23446299950097357,526,True
1002635,526,2024-06-18 15:00:00,-0.23446299950097357,526,True
1002635,526,2024-06-18 16:00:00,-0.23446299950097357,526,True
1002635,526,2024-06-18 17:00:00,-0.23446299950097357,526,True
1002635,526,2024-06-18 18:00:00,-0.23446299950097357,526,True
1002635,526,2024-06-18 19:00:00,-0.23446299950097357,526,True
1002635,526,2024-06-18 20:00:00,-0.23446299950097357,526,True
1002635,526,2024-06-18 21:00:00,-0.23446299950097357,526,True
1002635,526,2024-06-18 22:00:00,-0.23446299950097357,526,True
1002635,526,2024-06-18 23:00:00,-0.23446299950097357,526,True
1002635,526,2024-06-19 00:00:00,-0.23446299950097357,526,True
1002635,526,2024-06-19 01:00:00,-0.23446299950097357,526,True
1002635,526,2024-06-19 02:00:00,-0.23446299950097357,526,True
1002635,526,2024-06-19 03:00:00,-0.23446299950097357,526,True
1002635,526,2024-06-19 04:00:00,-0.23446299950097357,526,True
1002635,526,2024-06-19 05:00:00,-0.23446299950097357,526,True
1002635,526,2024-06-19 06:00:00,-0.23446299950097357,526,True
1002635,526,2024-06-19 07:00:00,-0.23446299950097357,526,True
1002635,526,2024-06-19 08:00:00,-0.23446299950097357,526,True
1002635,526,2024-06-19 09:00:00,-0.23446299950097357,526,True
1002635,526,2024-06-19 10:00:00,-0.23446299950097357,526,True
1002635,526,2024-06-19 11:00:00,-0.23446299950097357,526,True
1002635,526,2024-06-19 12:00:00,-0.23446299950097357,526,True
1002635,526,2024-06-19 13:00:00,-0.23446299950097357,526,True
1002635,526,2024-06-19 14:00:00,-0.23446299950097357,526,True
1002635,526,2024-06-19 15:00:00,-0.23446299950097357,526,True
1002635,526,2024-06-19 16:00:00,-0.23446299950097357,526,True
1002635,526,2024-06-19 17:00:00,-0.23446299950097357,526,True
1002635,526,2024-06-19 18:00:00,-0.23446299950097357,526,True
1002635,526,2024-06-19 19:00:00,-0.23446299950097357,526,True
1002635,526,2024-06-19 20:00:00,-0.23446299950097357,526,True
1002635,526,2024-06-19 21:00:00,-0.23446299950097357,526,True
1002635,526,2024-06-19 22:00:00,-0.23446299950097357,526,True
1002635,526,2024-06-19 23:00:00,-0.23446299950097357,526,True
1002635,526,2024-06-20 00:00:00,-0.23446299950097357,526,True
1002635,526,2024-06-20 01:00:00,-0.23446299950097357,526,True
1002635,526,2024-06-20 02:00:00,-0.23446299950097357,526,True
1002635,526,2024-06-20 03:00:00,-0.23446299950097357,526,True
1002635,526,2024-06-20 04:00:00,-0.23446299950097357,526,True
1002635,526,2024-06-20 05:00:00,-0.23446299950097357,526,True
1002635,526,2024-06-20 06:00:00,-0.23446299950097357,526,True
1002635,526,2024-06-20 07:00:00,-0.23446299950097357,526,True
1002635,526,2024-06-20 08:00:00,-0.23446299950097357,526,True
1002635,526,2024-06-20 09:00:00,-0.23446299950097357,526,True
1002635,526,2024-06-20 10:00:00,-0.23446299950097357,526,True
1002635,526,2024-06-20 11:00:00,-0.23446299950097357,526,True
1002635,526,2024-06-20 12:00:00,-0.23446299950097357,526,True
1002635,526,2024-06-20 13:00:00,-0.23446299950097357,526,True
1002635,526,2024-06-20 14:00:00,-0.23446299950097357,526,True
1002635,526,2024-06-20 15:00:00,-0.23446299950097357,526,True
1002635,526,2024-06-20 16:00:00,-0.23446299950097357,526,True
1002635,526,2024-06-20 17:00:00,-0.23446299950097357,526,True
1002635,526,2024-06-20 18:00:00,-0.23446299950097357,526,True
1002635,526,2024-06-20 19:00:00,-0.23446299950097357,526,True
1002635,526,2024-06-20 20:00:00,-0.23446299950097357,526,True
1002635,526,2024-06-20 21:00:00,-0.23446299950097357,526,True
1002635,526,2024-06-20 22:00:00,-0.23446299950097357,526,True
1002635,526,2024-06-20 23:00:00,-0.23446299950097357,526,True
1002635,526,2024-06-21 00:00:00,-0.23446299950097357,526,True
1002635,526,2024-06-21 01:00:00,-0.23446299950097357,526,True
1002635,526,2024-06-21 02:00:00,-0.23446299950097357,526,True
1002635,526,2024-06-21 03:00:00,-0.23446299950097357,526,True
1002635,526,2024-06-21 04:00:00,-0.23446299950097357,526,True
1002635,526,2024-06-21 05:00:00,-0.23446299950097357,526,True
1002635,526,2024-06-21 06:00:00,-0.23446299950097357,526,True
1002635,526,2024-06-21 07:00:00,-0.23446299950097357,526,True
1002635,526,2024-06-21 08:00:00,-0.23446299950097357,526,True
1002635,526,2024-06-21 09:00:00,-0.23446299950097357,526,True
1002635,526,2024-06-21 10:00:00,-0.23446299950097357,526,True
1002635,526,2024-06-21 11:00:00,-0.23446299950097357,526,True
1002635,526,2024-06-21 12:00:00,-0.23446299950097357,526,True
1002635,526,2024-06-21 13:00:00,-0.23446299950097357,526,True
1002635,526,2024-06-21 14:00:00,-0.23446299950097357,526,True
1002635,526,2024-06-21 15:00:00,-0.23446299950097357,526,True
1002635,526,2024-06-21 16:00:00,-0.23446299950097357,526,True
1002635,526,2024-06-21 17:00:00,-0.23446299950097357,526,True
1002635,526,2024-06-21 18:00:00,-0.23446299950097357,526,True
1002635,526,2024-06-21 19:00:00,-0.23446299950097357,526,True
1002635,526,2024-06-21 20:00:00,-0.23446299950097357,526,True
1002635,526,2024-06-21 21:00:00,-0.23446299950097357,526,True
1002635,526,2024-06-21 22:00:00,-0.23446299950097357,526,True
1002635,526,2024-06-21 23:00:00,-0.23446299950097357,526,True
1002635,526,2024-06-22 00:00:00,-0.23446299950097357,526,True
1002635,526,2024-06-22 01:00:00,-0.23446299950097357,526,True
1002635,526,2024-06-22 02:00:00,-0.23446299950097357,526,True
1002635,526,2024-06-22 03:00:00,-0.23446299950097357,526,True
1002635,526,2024-06-22 04:00:00,-0.23446299950097357,526,True
1002635,526,2024-06-22 05:00:00,-0.23446299950097357,526,True
1002635,526,2024-06-22 06:00:00,-0.23446299950097357,526,True
1002635,526,2024-06-22 07:00:00,-0.23446299950097357,526,True
1002635,526,2024-06-22 08:00:00,-0.23446299950097357,526,True
1002635,526,2024-06-22 09:00:00,-0.23446299950097357,526,True
1002635,526,2024-06-22 10:00:00,-0.23446299950097357,526,True
1002635,526,2024-06-22 11:00:00,-0.23446299950097357,526,True
1002635,526,2024-06-22 12:00:00,-0.06773375541139236,526,True
1002635,526,2024-06-22 13:00:00,0.18236011072297945,526,True
1002635,526,2024-06-22 14:00:00,0.682547842991723,526,True
1002635,526,2024-06-22 15:00:00,1.6412409965068149,526,True
1002635,526,2024-06-22 16:00:00,2.891710327178674,526,True
1002635,526,2024-06-22 17:00:00,4.142179657850533,526,True
1002635,526,2024-06-22 18:00:00,4.934143567276044,526,True
1002635,526,2024-06-22 19:00:00,5.017508189320834,526,True
1002635,526,2024-06-22 20:00:00,5.017508189320834,526,True
1002635,526,2024-06-22 21:00:00,5.017508189320834,526,True
1002635,526,2024-06-22 22:00:00,5.14255512238802,526,True
1002635,526,2024-06-22 23:00:00,5.225919744432811,526,True
1002636,526,2024-06-15 00:00:00,-0.23446299950097357,526,True
1002636,526,2024-06-15 01:00:00,-0.23446299950097357,526,True
1002636,526,2024-06-15 02:00:00,-0.23446299950097357,526,True
1002636,526,2024-06-15 03:00:00,-0.23446299950097357,526,True
1002636,526,2024-06-15 04:00:00,-0.23446299950097357,526,True
1002636,526,2024-06-15 05:00:00,-0.23446299950097357,526,True
1002636,526,2024-06-15 06:00:00,-0.23446299950097357,526,True
1002636,526,2024-06-15 07:00:00,-0.23446299950097357,526,True
1002636,526,2024-06-15 08:00:00,-0.23446299950097357,526,True
1002636,526,2024-06-15 09:00:00,-0.23446299950097357,526,True
1002636,526,2024-06-15 10:00:00,-0.23446299950097357,526,True
1002636,526,2024-06-15 11:00:00,-0.23446299950097357,526,True
1002636,526,2024-06-15 12:00:00,-0.19278068847857827,526,True
1002636,526,2024-06-15 13:00:00,-0.15109837745618296,526,True
1002636,526,2024-06-15 14:00:00,-0.15109837745618296,526,True
1002636,526,2024-06-15 15:00:00,-0.15109837745618296,526,True
1002636,526,2024-06-15 16:00:00,-0.15109837745618296,526,True
1002636,526,2024-06-15 17:00:00,-0.15109837745618296,526,True
1002636,526,2024-06-15 18:00:00,-0.15109837745618296,526,True
1002636,526,2024-06-15 19:00:00,-0.10941606643378766,526,True
1002636,526,2024-06-15 20:00:00,-0.06773375541139236,526,True
1002636,526,2024-06-15 21:00:00,-0.06773375541139236,526,True
1002636,526,2024-06-15 22:00:00,-0.06773375541139236,526,True
1002636,526,2024-06-15 23:00:00,0.34908935481256065,526,True
1002636,526,2024-06-16 00:00:00,0.39077166583495593,526,True
1002636,526,2024-06-16 01:00:00,-0.23446299950097357,526,True
1002636,526,2024-06-16 02:00:00,-0.23446299950097357,526,True
1002636,526,2024-06-16 03:00:00,-0.23446299950097357,526,True
1002636,526,2024-06-16 04:00:00,-0.23446299950097357,526,True
1002636,526,2024-06-16 05:00:00,-0.23446299950097357,526,True
1002636,526,2024-06-16 06:00:00,-0.23446299950097357,526,True
1002636,526,2024-06-16 07:00:00,-0.23446299950097357,526,True
1002636,526,2024-06-16 08:00:00,-0.23446299950097357,526,True
1002636,526,2024-06-16 09:00:00,-0.23446299950097357,526,True
1002636,526,2024-06-16 10:00:00,-0.23446299950097357,526,True
1002636,526,2024-06-16 11:00:00,-0.23446299950097357,526,True
1002636,526,2024-06-16 12:00:00,-0.23446299950097357,526,True
1002636,526,2024-06-16 13:00:00,-0.23446299950097357,526,True
1002636,526,2024-06-16 14:00:00,-0.23446299950097357,526,True
1002636,526,2024-06-16 15:00:00,-0.23446299950097357,526,True
1002636,526,2024-06-16 16:00:00,-0.23446299950097357,526,True
1002636,526,2024-06-16 17:00:00,-0.23446299950097357,526,True
1002636,526,2024-06-16 18:00:00,-0.23446299950097357,526,True
1002636,526,2024-06-16 19:00:00,-0.23446299950097357,526,True
1002636,526,2024-06-16 20:00:00,-0.23446299950097357,526,True
1002636,526,2024-06-16 21:00:00,-0.23446299950097357,526,True
1002636,526,2024-06-16 22:00:00,-0.23446299950097357,526,True
1002636,526,2024-06-16 23:00:00,-0.23446299950097357,526,True
1002636,526,2024-06-17 00:00:00,-0.23446299950097357,526,True
1002636,526,2024-06-17 01:00:00,-0.23446299950097357,526,True
1002636,526,2024-06-17 02:00:00,-0.23446299950097357,526,True
1002636,526,2024-06-17 03:00:00,-0.23446299950097357,526,True
1002636,526,2024-06-17 04:00:00,-0.23446299950097357,526,True
1002636,526,2024-06-17 05:00:00,-0.23446299950097357,526,True
1002636,526,2024-06-17 06:00:00,-0.23446299950097357,526,True
1002636,526,2024-06-17 07:00:00,-0.23446299950097357,526,True
1002636,526,2024-06-17 08:00:00,-0.23446299950097357,526,True
1002636,526,2024-06-17 09:00:00,-0.23446299950097357,526,True
1002636,526,2024-06-17 10:00:00,-0.23446299950097357,526,True
1002636,526,2024-06-17 11:00:00,-0.23446299950097357,526,True
1002636,526,2024-06-17 12:00:00,-0.23446299950097357,526,True
1002636,526,2024-06-17 13:00:00,-0.23446299950097357,526,True
1002636,526,2024-06-17 14:00:00,-0.23446299950097357,526,True
1002636,526,2024-06-17 15:00:00,-0.23446299950097357,526,True
1002636,526,2024-06-17 16:00:00,-0.23446299950097357,526,True
1002636,526,2024-06-17 17:00:00,-0.23446299950097357,526,True
1002636,526,2024-06-17 18:00:00,-0.23446299950097357,526,True
1002636,526,2024-06-17 19:00:00,-0.23446299950097357,526,True
1002636,526,2024-06-17 20:00:00,-0.23446299950097357,526,True
1002636,526,2024-06-17 21:00:00,-0.23446299950097357,526,True
1002636,526,2024-06-17 22:00:00,-0.23446299950097357,526,True
1002636,526,2024-06-17 23:00:00,-0.23446299950097357,526,True
1002636,526,2024-06-18 00:00:00,-0.23446299950097357,526,True
1002636,526,2024-06-18 01:00:00,-0.23446299950097357,526,True
1002636,526,2024-06-18 02:00:00,-0.23446299950097357,526,True
1002636,526,2024-06-18 03:00:00,-0.23446299950097357,526,True
1002636,526,2024-06-18 04:00:00,-0.23446299950097357,526,True
1002636,526,2024-06-18 05:00:00,-0.23446299950097357,526,True
1002636,526,2024-06-18 06:00:00,-0.23446299950097357,526,True
1002636,526,2024-06-18 07:00:00,-0.23446299950097357,526,True
1002636,526,2024-06-18 08:00:00,-0.23446299950097357,526,True
1002636,526,2024-06-18 09:00:00,-0.23446299950097357,526,True
1002636,526,2024-06-18 10:00:00,-0.23446299950097357,526,True
1002636,526,2024-06-18 11:00:00,-0.23446299950097357,526,True
1002636,526,2024-06-18 12:00:00,-0.23446299950097357,526,True
1002636,526,2024-06-18 13:00:00,-0.23446299950097357,526,True
1002636,526,2024-06-18 14:00:00,-0.23446299950097357,526,True
1002636,526,2024-06-18 15:00:00,-0.23446299950097357,526,True
1002636,526,2024-06-18 16:00:00,-0.23446299950097357,526,True
1002636,526,2024-06-18 17:00:00,-0.23446299950097357,526,True
1002636,526,2024-06-18 18:00:00,-0.23446299950097357,526,True
1002636,526,2024-06-18 19:00:00,-0.23446299950097357,526,True
1002636,526,2024-06-18 20:00:00,-0.23446299950097357,526,True
1002636,526,2024-06-18 21:00:00,-0.23446299950097357,526,True
1002636,526,2024-06-18 22:00:00,-0.23446299950097357,526,True
1002636,526,2024-06-18 23:00:00,-0.23446299950097357,526,True
1002636,526,2024-06-19 00:00:00,-0.23446299950097357,526,True
1002636,526,2024-06-19 01:00:00,-0.23446299950097357,526,True
1002636,526,2024-06-19 02:00:00,-0.23446299950097357,526,True
1002636,526,2024-06-19 03:00:00,-0.23446299950097357,526,True
1002636,526,2024-06-19 04:00:00,-0.23446299950097357,526,True
1002636,526,2024-06-19 05:00:00,-0.23446299950097357,526,True
1002636,526,2024-06-19 06:00:00,-0.23446299950097357,526,True
1002636,526,2024-06-19 07:00:00,-0.23446299950097357,526,True
1002636,526,2024-06-19 08:00:00,-0.23446299950097357,526,True
1002636,526,2024-06-19 09:00:00,-0.23446299950097357,526,True
1002636,526,2024-06-19 10:00:00,-0.23446299950097357,526,True
1002636,526,2024-06-19 11:00:00,-0.23446299950097357,526,True
1002636,526,2024-06-19 12:00:00,-0.23446299950097357,526,True
1002636,526,2024-06-19 13:00:00,-0.23446299950097357,526,True
1002636,526,2024-06-19 14:00:00,-0.23446299950097357,526,True
1002636,526,2024-06-19 15:00:00,-0.23446299950097357,526,True
1002636,526,2024-06-19 16:00:00,-0.23446299950097357,526,True
1002636,526,2024-06-19 17:00:00,-0.23446299950097357,526,True
1002636,526,2024-06-19 18:00:00,-0.23446299950097357,526,True
1002636,526,2024-06-19 19:00:00,-0.23446299950097357,526,True
1002636,526,2024-06-19 20:00:00,-0.23446299950097357,526,True
1002636,526,2024-06-19 21:00:00,-0.23446299950097357,526,True
1002636,526,2024-06-19 22:00:00,-0.23446299950097357,526,True
1002636,526,2024-06-19 23:00:00,-0.23446299950097357,526,True
1002636,526,2024-06-20 00:00:00,-0.23446299950097357,526,True
1002636,526,2024-06-20 01:00:00,-0.23446299950097357,526,True
1002636,526,2024-06-20 02:00:00,-0.23446299950097357,526,True
1002636,526,2024-06-20 03:00:00,-0.23446299950097357,526,True
1002636,526,2024-06-20 04:00:00,-0.23446299950097357,526,True
1002636,526,2024-06-20 05:00:00,-0.23446299950097357,526,True
1002636,526,2024-06-20 06:00:00,-0.23446299950097357,526,True
1002636,526,2024-06-20 07:00:00,-0.23446299950097357,526,True
1002636,526,2024-06-20 08:00:00,-0.23446299950097357,526,True
1002636,526,2024-06-20 09:00:00,-0.23446299950097357,526,True
1002636,526,2024-06-20 10:00:00,-0.23446299950097357,526,True
1002636,526,2024-06-20 11:00:00,-0.23446299950097357,526,True
1002636,526,2024-06-20 12:00:00,-0.23446299950097357,526,True
1002636,526,2024-06-20 13:00:00,-0.23446299950097357,526,True
1002636,526,2024-06-20 14:00:00,-0.23446299950097357,526,True
1002636,526,2024-06-20 15:00:00,-0.23446299950097357,526,True
1002636,526,2024-06-20 16:00:00,-0.23446299950097357,526,True
1002636,526,2024-06-20 17:00:00,-0.23446299950097357,526,True
1002636,526,2024-06-20 18:00:00,-0.23446299950097357,526,True
1002636,526,2024-06-20 19:00:00,-0.23446299950097357,526,True
1002636,526,2024-06-20 20:00:00,-0.23446299950097357,526,True
1002636,526,2024-06-20 21:00:00,-0.23446299950097357,526,True
1002636,526,2024-06-20 22:00:00,-0.23446299950097357,526,True
1002636,526,2024-06-20 23:00:00,-0.23446299950097357,526,True
1002636,526,2024-06-21 00:00:00,-0.23446299950097357,526,True
1002636,526,2024-06-21 01:00:00,-0.23446299950097357,526,True
1002636,526,2024-06-21 02:00:00,-0.23446299950097357,526,True
1002636,526,2024-06-21 03:00:00,-0.23446299950097357,526,True
1002636,526,2024-06-21 04:00:00,-0.23446299950097357,526,True
1002636,526,2024-06-21 05:00:00,-0.23446299950097357,526,True
1002636,526,2024-06-21 06:00:00,-0.23446299950097357,526,True
1002636,526,2024-06-21 07:00:00,-0.23446299950097357,526,True
1002636,526,2024-06-21 08:00:00,-0.23446299950097357,526,True
1002636,526,2024-06-21 09:00:00,-0.23446299950097357,526,True
1002636,526,2024-06-21 10:00:00,-0.23446299950097357,526,True
1002636,526,2024-06-21 11:00:00,-0.23446299950097357,526,True
1002636,526,2024-06-21 12:00:00,-0.23446299950097357,526,True
1002636,526,2024-06-21 13:00:00,-0.23446299950097357,526,True
1002636,526,2024-06-21 14:00:00,-0.23446299950097357,526,True
1002636,526,2024-06-21 15:00:00,-0.23446299950097357,526,True
1002636,526,2024-06-21 16:00:00,-0.23446299950097357,526,True
1002636,526,2024-06-21 17:00:00,-0.23446299950097357,526,True
1002636,526,2024-06-21 18:00:00,-0.23446299950097357,526,True
1002636,526,2024-06-21 19:00:00,-0.23446299950097357,526,True
1002636,526,2024-06-21 20:00:00,-0.23446299950097357,526,True
1002636,526,2024-06-21 21:00:00,-0.23446299950097357,526,True
1002636,526,2024-06-21 22:00:00,-0.23446299950097357,526,True
1002636,526,2024-06-21 23:00:00,-0.23446299950097357,526,True
1002636,526,2024-06-22 00:00:00,-0.23446299950097357,526,True
1002636,526,2024-06-22 01:00:00,-0.23446299950097357,526,True
1002636,526,2024-06-22 02:00:00,-0.23446299950097357,526,True
1002636,526,2024-06-22 03:00:00,-0.23446299950097357,526,True
1002636,526,2024-06-22 04:00:00,-0.23446299950097357,526,True
1002636,526,2024-06-22 05:00:00,-0.23446299950097357,526,True
1002636,526,2024-06-22 06:00:00,-0.23446299950097357,526,True
1002636,526,2024-06-22 07:00:00,-0.23446299950097357,526,True
1002636,526,2024-06-22 08:00:00,-0.23446299950097357,526,True
1002636,526,2024-06-22 09:00:00,-0.23446299950097357,526,True
1002636,526,2024-06-22 10:00:00,-0.23446299950097357,526,True
1002636,526,2024-06-22 11:00:00,-0.23446299950097357,526,True
1002636,526,2024-06-22 12:00:00,-0.06773375541139236,526,True
1002636,526,2024-06-22 13:00:00,0.18236011072297945,526,True
1002636,526,2024-06-22 14:00:00,0.682547842991723,526,True
1002636,526,2024-06-22 15:00:00,1.6412409965068149,526,True
1002636,526,2024-06-22 16:00:00,2.891710327178674,526,True
1002636,526,2024-06-22 17:00:00,4.142179657850533,526,True
1002636,526,2024-06-22 18:00:00,4.934143567276044,526,True
1002636,526,2024-06-22 19:00:00,5.017508189320834,526,True
1002636,526,2024-06-22 20:00:00,5.017508189320834,526,True
1002636,526,2024-06-22 21:00:00,5.017508189320834,526,True
1002636,526,2024-06-22 22:00:00,5.14255512238802,526,True
1002636,526,2024-06-22 23:00:00,5.225919744432811,526,True
1002640,526,2024-06-15 00:00:00,-0.23446299950097357,526,True
1002640,526,2024-06-15 01:00:00,-0.23446299950097357,526,True
1002640,526,2024-06-15 02:00:00,-0.23446299950097357,526,True
1002640,526,2024-06-15 03:00:00,-0.23446299950097357,526,True
1002640,526,2024-06-15 04:00:00,-0.23446299950097357,526,True
1002640,526,2024-06-15 05:00:00,-0.23446299950097357,526,True
1002640,526,2024-06-15 06:00:00,-0.23446299950097357,526,True
1002640,526,2024-06-15 07:00:00,-0.23446299950097357,526,True
1002640,526,2024-06-15 08:00:00,-0.23446299950097357,526,True
1002640,526,2024-06-15 09:00:00,-0.23446299950097357,526,True
1002640,526,2024-06-15 10:00:00,-0.23446299950097357,526,True
1002640,526,2024-06-15 11:00:00,-0.23446299950097357,526,True
1002640,526,2024-06-15 12:00:00,-0.19278068847857827,526,True
1002640,526,2024-06-15 13:00:00,-0.15109837745618296,526,True
1002640,526,2024-06-15 14:00:00,-0.15109837745618296,526,True
1002640,526,2024-06-15 15:00:00,-0.15109837745618296,526,True
1002640,526,2024-06-15 16:00:00,-0.15109837745618296,526,True
1002640,526,2024-06-15 17:00:00,-0.15109837745618296,526,True
1002640,526,2024-06-15 18:00:00,-0.15109837745618296,526,True
1002640,526,2024-06-15 19:00:00,-0.10941606643378766,526,True
1002640,526,2024-06-15 20:00:00,-0.06773375541139236,526,True
1002640,526,2024-06-15 21:00:00,-0.06773375541139236,526,True
1002640,526,2024-06-15 22:00:00,-0.06773375541139236,526,True
1002640,526,2024-06-15 23:00:00,0.34908935481256065,526,True
1002640,526,2024-06-16 00:00:00,0.39077166583495593,526,True
1002640,526,2024-06-16 01:00:00,-0.23446299950097357,526,True
1002640,526,2024-06-16 02:00:00,-0.23446299950097357,526,True
1002640,526,2024-06-16 03:00:00,-0.23446299950097357,526,True
1002640,526,2024-06-16 04:00:00,-0.23446299950097357,526,True
1002640,526,2024-06-16 05:00:00,-0.23446299950097357,526,True
1002640,526,2024-06-16 06:00:00,-0.23446299950097357,526,True
1002640,526,2024-06-16 07:00:00,-0.23446299950097357,526,True
1002640,526,2024-06-16 08:00:00,-0.23446299950097357,526,True
1002640,526,2024-06-16 09:00:00,-0.23446299950097357,526,True
1002640,526,2024-06-16 10:00:00,-0.23446299950097357,526,True
1002640,526,2024-06-16 11:00:00,-0.23446299950097357,526,True
1002640,526,2024-06-16 12:00:00,-0.23446299950097357,526,True
1002640,526,2024-06-16 13:00:00,-0.23446299950097357,526,True
1002640,526,2024-06-16 14:00:00,-0.23446299950097357,526,True
1002640,526,2024-06-16 15:00:00,-0.23446299950097357,526,True
1002640,526,2024-06-16 16:00:00,-0.23446299950097357,526,True
1002640,526,2024-06-16 17:00:00,-0.23446299950097357,526,True
1002640,526,2024-06-16 18:00:00,-0.23446299950097357,526,True
1002640,526,2024-06-16 19:00:00,-0.23446299950097357,526,True
1002640,526,2024-06-16 20:00:00,-0.23446299950097357,526,True
1002640,526,2024-06-16 21:00:00,-0.23446299950097357,526,True
1002640,526,2024-06-16 22:00:00,-0.23446299950097357,526,True
1002640,526,2024-06-16 23:00:00,-0.23446299950097357,526,True
1002640,526,2024-06-17 00:00:00,-0.23446299950097357,526,True
1002640,526,2024-06-17 01:00:00,-0.23446299950097357,526,True
1002640,526,2024-06-17 02:00:00,-0.23446299950097357,526,True
1002640,526,2024-06-17 03:00:00,-0.23446299950097357,526,True
1002640,526,2024-06-17 04:00:00,-0.23446299950097357,526,True
1002640,526,2024-06-17 05:00:00,-0.23446299950097357,526,True
1002640,526,2024-06-17 06:00:00,-0.23446299950097357,526,True
1002640,526,2024-06-17 07:00:00,-0.23446299950097357,526,True
1002640,526,2024-06-17 08:00:00,-0.23446299950097357,526,True
1002640,526,2024-06-17 09:00:00,-0.23446299950097357,526,True
1002640,526,2024-06-17 10:00:00,-0.23446299950097357,526,True
1002640,526,2024-06-17 11:00:00,-0.23446299950097357,526,True
1002640,526,2024-06-17 12:00:00,-0.23446299950097357,526,True
1002640,526,2024-06-17 13:00:00,-0.23446299950097357,526,True
1002640,526,2024-06-17 14:00:00,-0.23446299950097357,526,True
1002640,526,2024-06-17 15:00:00,-0.23446299950097357,526,True
1002640,526,2024-06-17 16:00:00,-0.23446299950097357,526,True
1002640,526,2024-06-17 17:00:00,-0.23446299950097357,526,True
1002640,526,2024-06-17 18:00:00,-0.23446299950097357,526,True
1002640,526,2024-06-17 19:00:00,-0.23446299950097357,526,True
1002640,526,2024-06-17 20:00:00,-0.23446299950097357,526,True
1002640,526,2024-06-17 21:00:00,-0.23446299950097357,526,True
1002640,526,2024-06-17 22:00:00,-0.23446299950097357,526,True
1002640,526,2024-06-17 23:00:00,-0.23446299950097357,526,True
1002640,526,2024-06-18 00:00:00,-0.23446299950097357,526,True
1002640,526,2024-06-18 01:00:00,-0.23446299950097357,526,True
1002640,526,2024-06-18 02:00:00,-0.23446299950097357,526,True
1002640,526,2024-06-18 03:00:00,-0.23446299950097357,526,True
1002640,526,2024-06-18 04:00:00,-0.23446299950097357,526,True
1002640,526,2024-06-18 05:00:00,-0.23446299950097357,526,True
1002640,526,2024-06-18 06:00:00,-0.23446299950097357,526,True
1002640,526,2024-06-18 07:00:00,-0.23446299950097357,526,True
1002640,526,2024-06-18 08:00:00,-0.23446299950097357,526,True
1002640,526,2024-06-18 09:00:00,-0.23446299950097357,526,True
1002640,526,2024-06-18 10:00:00,-0.23446299950097357,526,True
1002640,526,2024-06-18 11:00:00,-0.23446299950097357,526,True
1002640,526,2024-06-18 12:00:00,-0.23446299950097357,526,True
1002640,526,2024-06-18 13:00:00,-0.23446299950097357,526,True
1002640,526,2024-06-18 14:00:00,-0.23446299950097357,526,True
1002640,526,2024-06-18 15:00:00,-0.23446299950097357,526,True
1002640,526,2024-06-18 16:00:00,-0.23446299950097357,526,True
1002640,526,2024-06-18 17:00:00,-0.23446299950097357,526,True
1002640,526,2024-06-18 18:00:00,-0.23446299950097357,526,True
1002640,526,2024-06-18 19:00:00,-0.23446299950097357,526,True
1002640,526,2024-06-18 20:00:00,-0.23446299950097357,526,True
1002640,526,2024-06-18 21:00:00,-0.23446299950097357,526,True
1002640,526,2024-06-18 22:00:00,-0.23446299950097357,526,True
1002640,526,2024-06-18 23:00:00,-0.23446299950097357,526,True
1002640,526,2024-06-19 00:00:00,-0.23446299950097357,526,True
1002640,526,2024-06-19 01:00:00,-0.23446299950097357,526,True
1002640,526,2024-06-19 02:00:00,-0.23446299950097357,526,True
1002640,526,2024-06-19 03:00:00,-0.23446299950097357,526,True
1002640,526,2024-06-19 04:00:00,-0.23446299950097357,526,True
1002640,526,2024-06-19 05:00:00,-0.23446299950097357,526,True
1002640,526,2024-06-19 06:00:00,-0.23446299950097357,526,True
1002640,526,2024-06-19 07:00:00,-0.23446299950097357,526,True
1002640,526,2024-06-19 08:00:00,-0.23446299950097357,526,True
1002640,526,2024-06-19 09:00:00,-0.23446299950097357,526,True
1002640,526,2024-06-19 10:00:00,-0.23446299950097357,526,True
1002640,526,2024-06-19 11:00:00,-0.23446299950097357,526,True
1002640,526,2024-06-19 12:00:00,-0.23446299950097357,526,True
1002640,526,2024-06-19 13:00:00,-0.23446299950097357,526,True
1002640,526,2024-06-19 14:00:00,-0.23446299950097357,526,True
1002640,526,2024-06-19 15:00:00,-0.23446299950097357,526,True
1002640,526,2024-06-19 16:00:00,-0.23446299950097357,526,True
1002640,526,2024-06-19 17:00:00,-0.23446299950097357,526,True
1002640,526,2024-06-19 18:00:00,-0.23446299950097357,526,True
1002640,526,2024-06-19 19:00:00,-0.23446299950097357,526,True
1002640,526,2024-06-19 20:00:00,-0.23446299950097357,526,True
1002640,526,2024-06-19 21:00:00,-0.23446299950097357,526,True
1002640,526,2024-06-19 22:00:00,-0.23446299950097357,526,True
1002640,526,2024-06-19 23:00:00,-0.23446299950097357,526,True
1002640,526,2024-06-20 00:00:00,-0.23446299950097357,526,True
1002640,526,2024-06-20 01:00:00,-0.23446299950097357,526,True
1002640,526,2024-06-20 02:00:00,-0.23446299950097357,526,True
1002640,526,2024-06-20 03:00:00,-0.23446299950097357,526,True
1002640,526,2024-06-20 04:00:00,-0.23446299950097357,526,True
1002640,526,2024-06-20 05:00:00,-0.23446299950097357,526,True
1002640,526,2024-06-20 06:00:00,-0.23446299950097357,526,True
1002640,526,2024-06-20 07:00:00,-0.23446299950097357,526,True
1002640,526,2024-06-20 08:00:00,-0.23446299950097357,526,True
1002640,526,2024-06-20 09:00:00,-0.23446299950097357,526,True
1002640,526,2024-06-20 10:00:00,-0.23446299950097357,526,True
1002640,526,2024-06-20 11:00:00,-0.23446299950097357,526,True
1002640,526,2024-06-20 12:00:00,-0.23446299950097357,526,True
1002640,526,2024-06-20 13:00:00,-0.23446299950097357,526,True
1002640,526,2024-06-20 14:00:00,-0.23446299950097357,526,True
1002640,526,2024-06-20 15:00:00,-0.23446299950097357,526,True
1002640,526,2024-06-20 16:00:00,-0.23446299950097357,526,True
1002640,526,2024-06-20 17:00:00,-0.23446299950097357,526,True
1002640,526,2024-06-20 18:00:00,-0.23446299950097357,526,True
1002640,526,2024-06-20 19:00:00,-0.23446299950097357,526,True
1002640,526,2024-06-20 20:00:00,-0.23446299950097357,526,True
1002640,526,2024-06-20 21:00:00,-0.23446299950097357,526,True
1002640,526,2024-06-20 22:00:00,-0.23446299950097357,526,True
1002640,526,2024-06-20 23:00:00,-0.23446299950097357,526,True
1002640,526,2024-06-21 00:00:00,-0.23446299950097357,526,True
1002640,526,2024-06-21 01:00:00,-0.23446299950097357,526,True
1002640,526,2024-06-21 02:00:00,-0.23446299950097357,526,True
1002640,526,2024-06-21 03:00:00,-0.23446299950097357,526,True
1002640,526,2024-06-21 04:00:00,-0.23446299950097357,526,True
1002640,526,2024-06-21 05:00:00,-0.23446299950097357,526,True
1002640,526,2024-06-21 06:00:00,-0.23446299950097357,526,True
1002640,526,2024-06-21 07:00:00,-0.23446299950097357,526,True
1002640,526,2024-06-21 08:00:00,-0.23446299950097357,526,True
1002640,526,2024-06-21 09:00:00,-0.23446299950097357,526,True
1002640,526,2024-06-21 10:00:00,-0.23446299950097357,526,True
1002640,526,2024-06-21 11:00:00,-0.23446299950097357,526,True
1002640,526,2024-06-21 12:00:00,-0.23446299950097357,526,True
1002640,526,2024-06-21 13:00:00,-0.23446299950097357,526,True
1002640,526,2024-06-21 14:00:00,-0.23446299950097357,526,True
1002640,526,2024-06-21 15:00:00,-0.23446299950097357,526,True
1002640,526,2024-06-21 16:00:00,-0.23446299950097357,526,True
1002640,526,2024-06-21 17:00:00,-0.23446299950097357,526,True
1002640,526,2024-06-21 18:00:00,-0.23446299950097357,526,True
1002640,526,2024-06-21 19:00:00,-0.23446299950097357,526,True
1002640,526,2024-06-21 20:00:00,-0.23446299950097357,526,True
1002640,526,2024-06-21 21:00:00,-0.23446299950097357,526,True
1002640,526,2024-06-21 22:00:00,-0.23446299950097357,526,True
1002640,526,2024-06-21 23:00:00,-0.23446299950097357,526,True
1002640,526,2024-06-22 00:00:00,-0.23446299950097357,526,True
1002640,526,2024-06-22 01:00:00,-0.23446299950097357,526,True
1002640,526,2024-06-22 02:00:00,-0.23446299950097357,526,True
1002640,526,2024-06-22 03:00:00,-0.23446299950097357,526,True
1002640,526,2024-06-22 04:00:00,-0.23446299950097357,526,True
1002640,526,2024-06-22 05:00:00,-0.23446299950097357,526,True
1002640,526,2024-06-22 06:00:00,-0.23446299950097357,526,True
1002640,526,2024-06-22 07:00:00,-0.23446299950097357,526,True
1002640,526,2024-06-22 08:00:00,-0.23446299950097357,526,True
1002640,526,2024-06-22 09:00:00,-0.23446299950097357,526,True
1002640,526,2024-06-22 10:00:00,-0.23446299950097357,526,True
1002640,526,2024-06-22 11:00:00,-0.23446299950097357,526,True
1002640,526,2024-06-22 12:00:00,-0.06773375541139236,526,True
1002640,526,2024-06-22 13:00:00,0.18236011072297945,526,True
1002640,526,2024-06-22 14:00:00,0.682547842991723,526,True
1002640,526,2024-06-22 15:00:00,1.6412409965068149,526,True
1002640,526,2024-06-22 16:00:00,2.891710327178674,526,True
1002640,526,2024-06-22 17:00:00,4.142179657850533,526,True
1002640,526,2024-06-22 18:00:00,4.934143567276044,526,True
1002640,526,2024-06-22 19:00:00,5.017508189320834,526,True
1002640,526,2024-06-22 20:00:00,5.017508189320834,526,True
1002640,526,2024-06-22 21:00:00,5.017508189320834,526,True
1002640,526,2024-06-22 22:00:00,5.14255512238802,526,True
1002640,526,2024-06-22 23:00:00,5.225919744432811,526,True
1002650,526,2024-06-15 00:00:00,-0.23446299950097357,526,True
1002650,526,2024-06-15 01:00:00,-0.23446299950097357,526,True
1002650,526,2024-06-15 02:00:00,-0.23446299950097357,526,True
1002650,526,2024-06-15 03:00:00,-0.23446299950097357,526,True
1002650,526,2024-06-15 04:00:00,-0.23446299950097357,526,True
1002650,526,2024-06-15 05:00:00,-0.23446299950097357,526,True
1002650,526,2024-06-15 06:00:00,-0.23446299950097357,526,True
1002650,526,2024-06-15 07:00:00,-0.23446299950097357,526,True
1002650,526,2024-06-15 08:00:00,-0.23446299950097357,526,True
1002650,526,2024-06-15 09:00:00,-0.23446299950097357,526,True
1002650,526,2024-06-15 10:00:00,-0.23446299950097357,526,True
1002650,526,2024-06-15 11:00:00,-0.23446299950097357,526,True
1002650,526,2024-06-15 12:00:00,-0.19278068847857827,526,True
1002650,526,2024-06-15 13:00:00,-0.15109837745618296,526,True
1002650,526,2024-06-15 14:00:00,-0.15109837745618296,526,True
1002650,526,2024-06-15 15:00:00,-0.15109837745618296,526,True
1002650,526,2024-06-15 16:00:00,-0.15109837745618296,526,True
1002650,526,2024-06-15 17:00:00,-0.15109837745618296,526,True
1002650,526,2024-06-15 18:00:00,-0.15109837745618296,526,True
1002650,526,2024-06-15 19:00:00,-0.10941606643378766,526,True
1002650,526,2024-06-15 20:00:00,-0.06773375541139236,526,True
1002650,526,2024-06-15 21:00:00,-0.06773375541139236,526,True
1002650,526,2024-06-15 22:00:00,-0.06773375541139236,526,True
1002650,526,2024-06-15 23:00:00,0.34908935481256065,526,True
1002650,526,2024-06-16 00:00:00,0.39077166583495593,526,True
1002650,526,2024-06-16 01:00:00,-0.23446299950097357,526,True
1002650,526,2024-06-16 02:00:00,-0.23446299950097357,526,True
1002650,526,2024-06-16 03:00:00,-0.23446299950097357,526,True
1002650,526,2024-06-16 04:00:00,-0.23446299950097357,526,True
1002650,526,2024-06-16 05:00:00,-0.23446299950097357,526,True
1002650,526,2024-06-16 06:00:00,-0.23446299950097357,526,True
1002650,526,2024-06-16 07:00:00,-0.23446299950097357,526,True
1002650,526,2024-06-16 08:00:00,-0.23446299950097357,526,True
1002650,526,2024-06-16 09:00:00,-0.23446299950097357,526,True
1002650,526,2024-06-16 10:00:00,-0.23446299950097357,526,True
1002650,526,2024-06-16 11:00:00,-0.23446299950097357,526,True
1002650,526,2024-06-16 12:00:00,-0.23446299950097357,526,True
1002650,526,2024-06-16 13:00:00,-0.23446299950097357,526,True
1002650,526,2024-06-16 14:00:00,-0.23446299950097357,526,True
1002650,526,2024-06-16 15:00:00,-0.23446299950097357,526,True
1002650,526,2024-06-16 16:00:00,-0.23446299950097357,526,True
1002650,526,2024-06-16 17:00:00,-0.23446299950097357,526,True
1002650,526,2024-06-16 18:00:00,-0.23446299950097357,526,True
1002650,526,2024-06-16 19:00:00,-0.23446299950097357,526,True
1002650,526,2024-06-16 20:00:00,-0.23446299950097357,526,True
1002650,526,2024-06-16 21:00:00,-0.23446299950097357,526,True
1002650,526,2024-06-16 22:00:00,-0.23446299950097357,526,True
1002650,526,2024-06-16 23:00:00,-0.23446299950097357,526,True
1002650,526,2024-06-17 00:00:00,-0.23446299950097357,526,True
1002650,526,2024-06-17 01:00:00,-0.23446299950097357,526,True
1002650,526,2024-06-17 02:00:00,-0.23446299950097357,526,True
1002650,526,2024-06-17 03:00:00,-0.23446299950097357,526,True
1002650,526,2024-06-17 04:00:00,-0.23446299950097357,526,True
1002650,526,2024-06-17 05:00:00,-0.23446299950097357,526,True
1002650,526,2024-06-17 06:00:00,-0.23446299950097357,526,True
1002650,526,2024-06-17 07:00:00,-0.23446299950097357,526,True
1002650,526,2024-06-17 08:00:00,-0.23446299950097357,526,True
1002650,526,2024-06-17 09:00:00,-0.23446299950097357,526,True
1002650,526,2024-06-17 10:00:00,-0.23446299950097357,526,True
1002650,526,2024-06-17 11:00:00,-0.23446299950097357,526,True
1002650,526,2024-06-17 12:00:00,-0.23446299950097357,526,True
1002650,526,2024-06-17 13:00:00,-0.23446299950097357,526,True
1002650,526,2024-06-17 14:00:00,-0.23446299950097357,526,True
1002650,526,2024-06-17 15:00:00,-0.23446299950097357,526,True
1002650,526,2024-06-17 16:00:00,-0.23446299950097357,526,True
1002650,526,2024-06-17 17:00:00,-0.23446299950097357,526,True
1002650,526,2024-06-17 18:00:00,-0.23446299950097357,526,True
1002650,526,2024-06-17 19:00:00,-0.23446299950097357,526,True
1002650,526,2024-06-17 20:00:00,-0.23446299950097357,526,True
1002650,526,2024-06-17 21:00:00,-0.23446299950097357,526,True
1002650,526,2024-06-17 22:00:00,-0.23446299950097357,526,True
1002650,526,2024-06-17 23:00:00,-0.23446299950097357,526,True
1002650,526,2024-06-18 00:00:00,-0.23446299950097357,526,True
1002650,526,2024-06-18 01:00:00,-0.23446299950097357,526,True
1002650,526,2024-06-18 02:00:00,-0.23446299950097357,526,True
1002650,526,2024-06-18 03:00:00,-0.23446299950097357,526,True
1002650,526,2024-06-18 04:00:00,-0.23446299950097357,526,True
1002650,526,2024-06-18 05:00:00,-0.23446299950097357,526,True
1002650,526,2024-06-18 06:00:00,-0.23446299950097357,526,True
1002650,526,2024-06-18 07:00:00,-0.23446299950097357,526,True
1002650,526,2024-06-18 08:00:00,-0.23446299950097357,526,True
1002650,526,2024-06-18 09:00:00,-0.23446299950097357,526,True
1002650,526,2024-06-18 10:00:00,-0.23446299950097357,526,True
1002650,526,2024-06-18 11:00:00,-0.23446299950097357,526,True
1002650,526,2024-06-18 12:00:00,-0.23446299950097357,526,True
1002650,526,2024-06-18 13:00:00,-0.23446299950097357,526,True
1002650,526,2024-06-18 14:00:00,-0.23446299950097357,526,True
1002650,526,2024-06-18 15:00:00,-0.23446299950097357,526,True
1002650,526,2024-06-18 16:00:00,-0.23446299950097357,526,True
1002650,526,2024-06-18 17:00:00,-0.23446299950097357,526,True
1002650,526,2024-06-18 18:00:00,-0.23446299950097357,526,True
1002650,526,2024-06-18 19:00:00,-0.23446299950097357,526,True
1002650,526,2024-06-18 20:00:00,-0.23446299950097357,526,True
1002650,526,2024-06-18 21:00:00,-0.23446299950097357,526,True
1002650,526,2024-06-18 22:00:00,-0.23446299950097357,526,True
1002650,526,2024-06-18 23:00:00,-0.23446299950097357,526,True
1002650,526,2024-06-19 00:00:00,-0.23446299950097357,526,True
1002650,526,2024-06-19 01:00:00,-0.23446299950097357,526,True
1002650,526,2024-06-19 02:00:00,-0.23446299950097357,526,True
1002650,526,2024-06-19 03:00:00,-0.23446299950097357,526,True
1002650,526,2024-06-19 04:00:00,-0.23446299950097357,526,True
1002650,526,2024-06-19 05:00:00,-0.23446299950097357,526,True
1002650,526,2024-06-19 06:00:00,-0.23446299950097357,526,True
1002650,526,2024-06-19 07:00:00,-0.23446299950097357,526,True
1002650,526,2024-06-19 08:00:00,-0.23446299950097357,526,True
1002650,526,2024-06-19 09:00:00,-0.23446299950097357,526,True
1002650,526,2024-06-19 10:00:00,-0.23446299950097357,526,True
1002650,526,2024-06-19 11:00:00,-0.23446299950097357,526,True
1002650,526,2024-06-19 12:00:00,-0.23446299950097357,526,True
1002650,526,2024-06-19 13:00:00,-0.23446299950097357,526,True
1002650,526,2024-06-19 14:00:00,-0.23446299950097357,526,True
1002650,526,2024-06-19 15:00:00,-0.23446299950097357,526,True
1002650,526,2024-06-19 16:00:00,-0.23446299950097357,526,True
1002650,526,2024-06-19 17:00:00,-0.23446299950097357,526,True
1002650,526,2024-06-19 18:00:00,-0.23446299950097357,526,True
1002650,526,2024-06-19 19:00:00,-0.23446299950097357,526,True
1002650,526,2024-06-19 20:00:00,-0.23446299950097357,526,True
1002650,526,2024-06-19 21:00:00,-0.23446299950097357,526,True
1002650,526,2024-06-19 22:00:00,-0.23446299950097357,526,True
1002650,526,2024-06-19 23:00:00,-0.23446299950097357,526,True
1002650,526,2024-06-20 00:00:00,-0.23446299950097357,526,True
1002650,526,2024-06-20 01:00:00,-0.23446299950097357,526,True
1002650,526,2024-06-20 02:00:00,-0.23446299950097357,526,True
1002650,526,2024-06-20 03:00:00,-0.23446299950097357,526,True
1002650,526,2024-06-20 04:00:00,-0.23446299950097357,526,True
1002650,526,2024-06-20 05:00:00,-0.23446299950097357,526,True
1002650,526,2024-06-20 06:00:00,-0.23446299950097357,526,True
1002650,526,2024-06-20 07:00:00,-0.23446299950097357,526,True
1002650,526,2024-06-20 08:00:00,-0.23446299950097357,526,True
1002650,526,2024-06-20 09:00:00,-0.23446299950097357,526,True
1002650,526,2024-06-20 10:00:00,-0.23446299950097357,526,True
1002650,526,2024-06-20 11:00:00,-0.23446299950097357,526,True
1002650,526,2024-06-20 12:00:00,-0.23446299950097357,526,True
1002650,526,2024-06-20 13:00:00,-0.23446299950097357,526,True
1002650,526,2024-06-20 14:00:00,-0.23446299950097357,526,True
1002650,526,2024-06-20 15:00:00,-0.23446299950097357,526,True
1002650,526,2024-06-20 16:00:00,-0.23446299950097357,526,True
1002650,526,2024-06-20 17:00:00,-0.23446299950097357,526,True
1002650,526,2024-06-20 18:00:00,-0.23446299950097357,526,True
1002650,526,2024-06-20 19:00:00,-0.23446299950097357,526,True
1002650,526,2024-06-20 20:00:00,-0.23446299950097357,526,True
1002650,526,2024-06-20 21:00:00,-0.23446299950097357,526,True
1002650,526,2024-06-20 22:00:00,-0.23446299950097357,526,True
1002650,526,2024-06-20 23:00:00,-0.23446299950097357,526,True
1002650,526,2024-06-21 00:00:00,-0.23446299950097357,526,True
1002650,526,2024-06-21 01:00:00,-0.23446299950097357,526,True
1002650,526,2024-06-21 02:00:00,-0.23446299950097357,526,True
1002650,526,2024-06-21 03:00:00,-0.23446299950097357,526,True
1002650,526,2024-06-21 04:00:00,-0.23446299950097357,526,True
1002650,526,2024-06-21 05:00:00,-0.23446299950097357,526,True
1002650,526,2024-06-21 06:00:00,-0.23446299950097357,526,True
1002650,526,2024-06-21 07:00:00,-0.23446299950097357,526,True
1002650,526,2024-06-21 08:00:00,-0.23446299950097357,526,True
1002650,526,2024-06-21 09:00:00,-0.23446299950097357,526,True
1002650,526,2024-06-21 10:00:00,-0.23446299950097357,526,True
1002650,526,2024-06-21 11:00:00,-0.23446299950097357,526,True
1002650,526,2024-06-21 12:00:00,-0.23446299950097357,526,True
1002650,526,2024-06-21 13:00:00,-0.23446299950097357,526,True
1002650,526,2024-06-21 14:00:00,-0.23446299950097357,526,True
1002650,526,2024-06-21 15:00:00,-0.23446299950097357,526,True
1002650,526,2024-06-21 16:00:00,-0.23446299950097357,526,True
1002650,526,2024-06-21 17:00:00,-0.23446299950097357,526,True
1002650,526,2024-06-21 18:00:00,-0.23446299950097357,526,True
1002650,526,2024-06-21 19:00:00,-0.23446299950097357,526,True
1002650,526,2024-06-21 20:00:00,-0.23446299950097357,526,True
1002650,526,2024-06-21 21:00:00,-0.23446299950097357,526,True
1002650,526,2024-06-21 22:00:00,-0.23446299950097357,526,True
1002650,526,2024-06-21 23:00:00,-0.23446299950097357,526,True
1002650,526,2024-06-22 00:00:00,-0.23446299950097357,526,True
1002650,526,2024-06-22 01:00:00,-0.23446299950097357,526,True
1002650,526,2024-06-22 02:00:00,-0.23446299950097357,526,True
1002650,526,2024-06-22 03:00:00,-0.23446299950097357,526,True
1002650,526,2024-06-22 04:00:00,-0.23446299950097357,526,True
1002650,526,2024-06-22 05:00:00,-0.23446299950097357,526,True
1002650,526,2024-06-22 06:00:00,-0.23446299950097357,526,True
1002650,526,2024-06-22 07:00:00,-0.23446299950097357,526,True
1002650,526,2024-06-22 08:00:00,-0.23446299950097357,526,True
1002650,526,2024-06-22 09:00:00,-0.23446299950097357,526,True
1002650,526,2024-06-22 10:00:00,-0.23446299950097357,526,True
1002650,526,2024-06-22 11:00:00,-0.23446299950097357,526,True
1002650,526,2024-06-22 12:00:00,-0.06773375541139236,526,True
1002650,526,2024-06-22 13:00:00,0.18236011072297945,526,True
1002650,526,2024-06-22 14:00:00,0.682547842991723,526,True
1002650,526,2024-06-22 15:00:00,1.6412409965068149,526,True
1002650,526,2024-06-22 16:00:00,2.891710327178674,526,True
1002650,526,2024-06-22 17:00:00,4.142179657850533,526,True
1002650,526,2024-06-22 18:00:00,4.934143567276044,526,True
1002650,526,2024-06-22 19:00:00,5.017508189320834,526,True
1002650,526,2024-06-22 20:00:00,5.017508189320834,526,True
1002650,526,2024-06-22 21:00:00,5.017508189320834,526,True
1002650,526,2024-06-22 22:00:00,5.14255512238802,526,True
1002650,526,2024-06-22 23:00:00,5.225919744432811,526,True
1002670,583,2024-06-15 00:00:00,-0.24970764005391935,583,True
1002670,583,2024-06-15 01:00:00,-0.24970764005391935,583,True
1002670,583,2024-06-15 02:00:00,-0.24970764005391935,583,True
1002670,583,2024-06-15 03:00:00,-0.24970764005391935,583,True
1002670,583,2024-06-15 04:00:00,-0.24970764005391935,583,True
1002670,583,2024-06-15 05:00:00,-0.24970764005391935,583,True
1002670,583,2024-06-15 06:00:00,-0.24970764005391935,583,True
1002670,583,2024-06-15 07:00:00,-0.24970764005391935,583,True
1002670,583,2024-06-15 08:00:00,-0.24970764005391935,583,True
1002670,583,2024-06-15 09:00:00,-0.24970764005391935,583,True
1002670,583,2024-06-15 10:00:00,-0.24970764005391935,583,True
1002670,583,2024-06-15 11:00:00,-0.24970764005391935,583,True
1002670,583,2024-06-15 12:00:00,-0.24970764005391935,583,True
1002670,583,2024-06-15 13:00:00,-0.24970764005391935,583,True
1002670,583,2024-06-15 14:00:00,-0.24970764005391935,583,True
1002670,583,2024-06-15 15:00:00,-0.24970764005391935,583,True
1002670,583,2024-06-15 16:00:00,-0.24970764005391935,583,True
1002670,583,2024-06-15 17:00:00,-0.24970764005391935,583,True
1002670,583,2024-06-15 18:00:00,-0.24970764005391935,583,True
1002670,583,2024-06-15 19:00:00,0.2191810336903595,583,True
1002670,583,2024-06-15 20:00:00,0.2191810336903595,583,True
1002670,583,2024-06-15 21:00:00,0.27779211790839436,583,True
1002670,583,2024-06-15 22:00:00,0.27779211790839436,583,True
1002670,583,2024-06-15 23:00:00,0.27779211790839436,583,True
1002670,583,2024-06-16 00:00:00,0.27779211790839436,583,True
1002670,583,2024-06-16 01:00:00,-0.24970764005391935,583,True
1002670,583,2024-06-16 02:00:00,-0.24970764005391935,583,True
1002670,583,2024-06-16 03:00:00,-0.24970764005391935,583,True
1002670,583,2024-06-16 04:00:00,-0.24970764005391935,583,True
1002670,583,2024-06-16 05:00:00,-0.24970764005391935,583,True
1002670,583,2024-06-16 06:00:00,-0.24970764005391935,583,True
1002670,583,2024-06-16 07:00:00,-0.24970764005391935,583,True
1002670,583,2024-06-16 08:00:00,-0.24970764005391935,583,True
1002670,583,2024-06-16 09:00:00,-0.24970764005391935,583,True
1002670,583,2024-06-16 10:00:00,-0.24970764005391935,583,True
1002670,583,2024-06-16 11:00:00,-0.24970764005391935,583,True
1002670,583,2024-06-16 12:00:00,-0.24970764005391935,583,True
1002670,583,2024-06-16 13:00:00,-0.24970764005391935,583,True
1002670,583,2024-06-16 14:00:00,-0.24970764005391935,583,True
1002670,583,2024-06-16 15:00:00,-0.24970764005391935,583,True
1002670,583,2024-06-16 16:00:00,-0.24970764005391935,583,True
1002670,583,2024-06-16 17:00:00,-0.24970764005391935,583,True
1002670,583,2024-06-16 18:00:00,-0.24970764005391935,583,True
1002670,583,2024-06-16 19:00:00,-0.24970764005391935,583,True
1002670,583,2024-06-16 20:00:00,-0.24970764005391935,583,True
1002670,583,2024-06-16 21:00:00,-0.24970764005391935,583,True
1002670,583,2024-06-16 22:00:00,-0.24970764005391935,583,True
1002670,583,2024-06-16 23:00:00,-0.24970764005391935,583,True
1002670,583,2024-06-17 00:00:00,-0.24970764005391935,583,True
1002670,583,2024-06-17 01:00:00,-0.24970764005391935,583,True
1002670,583,2024-06-17 02:00:00,-0.24970764005391935,583,True
1002670,583,2024-06-17 03:00:00,-0.24970764005391935,583,True
1002670,583,2024-06-17 04:00:00,-0.24970764005391935,583,True
1002670,583,2024-06-17 05:00:00,-0.24970764005391935,583,True
1002670,583,2024-06-17 06:00:00,-0.24970764005391935,583,True
1002670,583,2024-06-17 07:00:00,-0.24970764005391935,583,True
1002670,583,2024-06-17 08:00:00,-0.24970764005391935,583,True
1002670,583,2024-06-17 09:00:00,-0.24970764005391935,583,True
1002670,583,2024-06-17 10:00:00,-0.24970764005391935,583,True
1002670,583,2024-06-17 11:00:00,-0.24970764005391935,583,True
1002670,583,2024-06-17 12:00:00,-0.24970764005391935,583,True
1002670,583,2024-06-17 13:00:00,-0.24970764005391935,583,True
1002670,583,2024-06-17 14:00:00,-0.24970764005391935,583,True
1002670,583,2024-06-17 15:00:00,-0.24970764005391935,583,True
1002670,583,2024-06-17 16:00:00,-0.24970764005391935,583,True
1002670,583,2024-06-17 17:00:00,-0.24970764005391935,583,True
1002670,583,2024-06-17 18:00:00,-0.24970764005391935,583,True
1002670,583,2024-06-17 19:00:00,-0.24970764005391935,583,True
1002670,583,2024-06-17 20:00:00,-0.24970764005391935,583,True
1002670,583,2024-06-17 21:00:00,-0.24970764005391935,583,True
1002670,583,2024-06-17 22:00:00,-0.24970764005391935,583,True
1002670,583,2024-06-17 23:00:00,-0.24970764005391935,583,True
1002670,583,2024-06-18 00:00:00,-0.24970764005391935,583,True
1002670,583,2024-06-18 01:00:00,-0.24970764005391935,583,True
1002670,583,2024-06-18 02:00:00,-0.24970764005391935,583,True
1002670,583,2024-06-18 03:00:00,-0.24970764005391935,583,True
1002670,583,2024-06-18 04:00:00,-0.24970764005391935,583,True
1002670,583,2024-06-18 05:00:00,-0.24970764005391935,583,True
1002670,583,2024-06-18 06:00:00,-0.24970764005391935,583,True
1002670,583,2024-06-18 07:00:00,-0.24970764005391935,583,True
1002670,583,2024-06-18 08:00:00,-0.24970764005391935,583,True
1002670,583,2024-06-18 09:00:00,-0.24970764005391935,583,True
1002670,583,2024-06-18 10:00:00,-0.24970764005391935,583,True
1002670,583,2024-06-18 11:00:00,-0.24970764005391935,583,True
1002670,583,2024-06-18 12:00:00,-0.24970764005391935,583,True
1002670,583,2024-06-18 13:00:00,-0.24970764005391935,583,True
1002670,583,2024-06-18 14:00:00,-0.24970764005391935,583,True
1002670,583,2024-06-18 15:00:00,-0.24970764005391935,583,True
1002670,583,2024-06-18 16:00:00,-0.24970764005391935,583,True
1002670,583,2024-06-18 17:00:00,-0.24970764005391935,583,True
1002670,583,2024-06-18 18:00:00,-0.24970764005391935,583,True
1002670,583,2024-06-18 19:00:00,-0.24970764005391935,583,True
1002670,583,2024-06-18 20:00:00,-0.24970764005391935,583,True
1002670,583,2024-06-18 21:00:00,-0.24970764005391935,583,True
1002670,583,2024-06-18 22:00:00,-0.24970764005391935,583,True
1002670,583,2024-06-18 23:00:00,-0.24970764005391935,583,True
1002670,583,2024-06-19 00:00:00,-0.24970764005391935,583,True
1002670,583,2024-06-19 01:00:00,-0.24970764005391935,583,True
1002670,583,2024-06-19 02:00:00,-0.24970764005391935,583,True
1002670,583,2024-06-19 03:00:00,-0.24970764005391935,583,True
1002670,583,2024-06-19 04:00:00,-0.24970764005391935,583,True
1002670,583,2024-06-19 05:00:00,-0.24970764005391935,583,True
1002670,583,2024-06-19 06:00:00,-0.24970764005391935,583,True
1002670,583,2024-06-19 07:00:00,-0.24970764005391935,583,True
1002670,583,2024-06-19 08:00:00,-0.24970764005391935,583,True
1002670,583,2024-06-19 09:00:00,-0.24970764005391935,583,True
1002670,583,2024-06-19 10:00:00,-0.24970764005391935,583,True
1002670,583,2024-06-19 11:00:00,-0.24970764005391935,583,True
1002670,583,2024-06-19 12:00:00,-0.24970764005391935,583,True
1002670,583,2024-06-19 13:00:00,-0.24970764005391935,583,True
1002670,583,2024-06-19 14:00:00,-0.24970764005391935,583,True
1002670,583,2024-06-19 15:00:00,-0.24970764005391935,583,True
1002670,583,2024-06-19 16:00:00,-0.24970764005391935,583,True
1002670,583,2024-06-19 17:00:00,-0.24970764005391935,583,True
1002670,583,2024-06-19 18:00:00,-0.24970764005391935,583,True
1002670,583,2024-06-19 19:00:00,-0.24970764005391935,583,True
1002670,583,2024-06-19 20:00:00,-0.24970764005391935,583,True
1002670,583,2024-06-19 21:00:00,-0.24970764005391935,583,True
1002670,583,2024-06-19 22:00:00,-0.24970764005391935,583,True
1002670,583,2024-06-19 23:00:00,-0.24970764005391935,583,True
1002670,583,2024-06-20 00:00:00,-0.24970764005391935,583,True
1002670,583,2024-06-20 01:00:00,-0.24970764005391935,583,True
1002670,583,2024-06-20 02:00:00,-0.24970764005391935,583,True
1002670,583,2024-06-20 03:00:00,-0.24970764005391935,583,True
1002670,583,2024-06-20 04:00:00,-0.24970764005391935,583,True
1002670,583,2024-06-20 05:00:00,-0.24970764005391935,583,True
1002670,583,2024-06-20 06:00:00,-0.24970764005391935,583,True
1002670,583,2024-06-20 07:00:00,-0.24970764005391935,583,True
1002670,583,2024-06-20 08:00:00,-0.24970764005391935,583,True
1002670,583,2024-06-20 09:00:00,-0.24970764005391935,583,True
1002670,583,2024-06-20 10:00:00,-0.24970764005391935,583,True
1002670,583,2024-06-20 11:00:00,-0.24970764005391935,583,True
1002670,583,2024-06-20 12:00:00,-0.24970764005391935,583,True
1002670,583,2024-06-20 13:00:00,-0.24970764005391935,583,True
1002670,583,2024-06-20 14:00:00,-0.24970764005391935,583,True
1002670,583,2024-06-20 15:00:00,-0.24970764005391935,583,True
1002670,583,2024-06-20 16:00:00,-0.24970764005391935,583,True
1002670,583,2024-06-20 17:00:00,-0.24970764005391935,583,True
1002670,583,2024-06-20 18:00:00,-0.24970764005391935,583,True
1002670,583,2024-06-20 19:00:00,-0.24970764005391935,583,True
1002670,583,2024-06-20 20:00:00,-0.24970764005391935,583,True
1002670,583,2024-06-20 21:00:00,-0.24970764005391935,583,True
1002670,583,2024-06-20 22:00:00,-0.24970764005391935,583,True
1002670,583,2024-06-20 23:00:00,-0.24970764005391935,583,True
1002670,583,2024-06-21 00:00:00,-0.24970764005391935,583,True
1002670,583,2024-06-21 01:00:00,-0.24970764005391935,583,True
1002670,583,2024-06-21 02:00:00,-0.24970764005391935,583,True
1002670,583,2024-06-21 03:00:00,-0.24970764005391935,583,True
1002670,583,2024-06-21 04:00:00,-0.24970764005391935,583,True
1002670,583,2024-06-21 05:00:00,-0.24970764005391935,583,True
1002670,583,2024-06-21 06:00:00,-0.24970764005391935,583,True
1002670,583,2024-06-21 07:00:00,-0.24970764005391935,583,True
1002670,583,2024-06-21 08:00:00,-0.24970764005391935,583,True
1002670,583,2024-06-21 09:00:00,-0.24970764005391935,583,True
1002670,583,2024-06-21 10:00:00,-0.24970764005391935,583,True
1002670,583,2024-06-21 11:00:00,-0.24970764005391935,583,True
1002670,583,2024-06-21 12:00:00,-0.24970764005391935,583,True
1002670,583,2024-06-21 13:00:00,-0.24970764005391935,583,True
1002670,583,2024-06-21 14:00:00,-0.24970764005391935,583,True
1002670,583,2024-06-21 15:00:00,-0.24970764005391935,583,True
1002670,583,2024-06-21 16:00:00,-0.24970764005391935,583,True
1002670,583,2024-06-21 17:00:00,-0.24970764005391935,583,True
1002670,583,2024-06-21 18:00:00,-0.24970764005391935,583,True
1002670,583,2024-06-21 19:00:00,-0.24970764005391935,583,True
1002670,583,2024-06-21 20:00:00,-0.24970764005391935,583,True
1002670,583,2024-06-21 21:00:00,-0.24970764005391935,583,True
1002670,583,2024-06-21 22:00:00,-0.24970764005391935,583,True
1002670,583,2024-06-21 23:00:00,-0.24970764005391935,583,True
1002670,583,2024-06-22 00:00:00,-0.24970764005391935,583,True
1002670,583,2024-06-22 01:00:00,-0.24970764005391935,583,True
1002670,583,2024-06-22 02:00:00,-0.24970764005391935,583,True
1002670,583,2024-06-22 03:00:00,-0.24970764005391935,583,True
1002670,583,2024-06-22 04:00:00,-0.24970764005391935,583,True
1002670,583,2024-06-22 05:00:00,-0.24970764005391935,583,True
1002670,583,2024-06-22 06:00:00,-0.24970764005391935,583,True
1002670,583,2024-06-22 07:00:00,-0.24970764005391935,583,True
1002670,583,2024-06-22 08:00:00,-0.24970764005391935,583,True
1002670,583,2024-06-22 09:00:00,-0.24970764005391935,583,True
1002670,583,2024-06-22 10:00:00,-0.24970764005391935,583,True
1002670,583,2024-06-22 11:00:00,-0.13248547161784963,583,True
1002670,583,2024-06-22 12:00:00,0.16056994947232464,583,True
1002670,583,2024-06-22 13:00:00,0.4536253705624989,583,True
1002670,583,2024-06-22 14:00:00,1.3914027180510564,583,True
1002670,583,2024-06-22 15:00:00,3.208346328810137,583,True
1002670,583,2024-06-22 16:00:00,3.677235002554416,583,True
1002670,583,2024-06-22 17:00:00,4.263345844734764,583,True
1002670,583,2024-06-22 18:00:00,4.673623434261008,583,True
1002670,583,2024-06-22 19:00:00,4.732234518479043,583,True
1002670,583,2024-06-22 20:00:00,4.732234518479043,583,True
1002670,583,2024-06-22 21:00:00,4.732234518479043,583,True
1002670,583,2024-06-22 22:00:00,4.849456686915112,583,True
1002670,583,2024-06-22 23:00:00,4.9080677711331475,583,True
1002675,583,2024-06-15 00:00:00,-0.24970764005391935,583,True
1002675,583,2024-06-15 01:00:00,-0.24970764005391935,583,True
1002675,583,2024-06-15 02:00:00,-0.24970764005391935,583,True
1002675,583,2024-06-15 03:00:00,-0.24970764005391935,583,True
1002675,583,2024-06-15 04:00:00,-0.24970764005391935,583,True
1002675,583,2024-06-15 05:00:00,-0.24970764005391935,583,True
1002675,583,2024-06-15 06:00:00,-0.24970764005391935,583,True
1002675,583,2024-06-15 07:00:00,-0.24970764005391935,583,True
1002675,583,2024-06-15 08:00:00,-0.24970764005391935,583,True
1002675,583,2024-06-15 09:00:00,-0.24970764005391935,583,True
1002675,583,2024-06-15 10:00:00,-0.24970764005391935,583,True
1002675,583,2024-06-15 11:00:00,-0.24970764005391935,583,True
1002675,583,2024-06-15 12:00:00,-0.24970764005391935,583,True
1002675,583,2024-06-15 13:00:00,-0.24970764005391935,583,True
1002675,583,2024-06-15 14:00:00,-0.24970764005391935,583,True
1002675,583,2024-06-15 15:00:00,-0.24970764005391935,583,True
1002675,583,2024-06-15 16:00:00,-0.24970764005391935,583,True
1002675,583,2024-06-15 17:00:00,-0.24970764005391935,583,True
1002675,583,2024-06-15 18:00:00,-0.24970764005391935,583,True
1002675,583,2024-06-15 19:00:00,0.2191810336903595,583,True
1002675,583,2024-06-15 20:00:00,0.2191810336903595,583,True
1002675,583,2024-06-15 21:00:00,0.27779211790839436,583,True
1002675,583,2024-06-15 22:00:00,0.27779211790839436,583,True
1002675,583,2024-06-15 23:00:00,0.27779211790839436,583,True
1002675,583,2024-06-16 00:00:00,0.27779211790839436,583,True
1002675,583,2024-06-16 01:00:00,-0.24970764005391935,583,True
1002675,583,2024-06-16 02:00:00,-0.24970764005391935,583,True
1002675,583,2024-06-16 03:00:00,-0.24970764005391935,583,True
1002675,583,2024-06-16 04:00:00,-0.24970764005391935,583,True
1002675,583,2024-06-16 05:00:00,-0.24970764005391935,583,True
1002675,583,2024-06-16 06:00:00,-0.24970764005391935,583,True
1002675,583,2024-06-16 07:00:00,-0.24970764005391935,583,True
1002675,583,2024-06-16 08:00:00,-0.24970764005391935,583,True
1002675,583,2024-06-16 09:00:00,-0.24970764005391935,583,True
1002675,583,2024-06-16 10:00:00,-0.24970764005391935,583,True
1002675,583,2024-06-16 11:00:00,-0.24970764005391935,583,True
1002675,583,2024-06-16 12:00:00,-0.24970764005391935,583,True
1002675,583,2024-06-16 13:00:00,-0.24970764005391935,583,True
1002675,583,2024-06-16 14:00:00,-0.24970764005391935,583,True
1002675,583,2024-06-16 15:00:00,-0.24970764005391935,583,True
1002675,583,2024-06-16 16:00:00,-0.24970764005391935,583,True
1002675,583,2024-06-16 17:00:00,-0.24970764005391935,583,True
1002675,583,2024-06-16 18:00:00,-0.24970764005391935,583,True
1002675,583,2024-06-16 19:00:00,-0.24970764005391935,583,True
1002675,583,2024-06-16 20:00:00,-0.24970764005391935,583,True
1002675,583,2024-06-16 21:00:00,-0.24970764005391935,583,True
1002675,583,2024-06-16 22:00:00,-0.24970764005391935,583,True
1002675,583,2024-06-16 23:00:00,-0.24970764005391935,583,True
1002675,583,2024-06-17 00:00:00,-0.24970764005391935,583,True
1002675,583,2024-06-17 01:00:00,-0.24970764005391935,583,True
1002675,583,2024-06-17 02:00:00,-0.24970764005391935,583,True
1002675,583,2024-06-17 03:00:00,-0.24970764005391935,583,True
1002675,583,2024-06-17 04:00:00,-0.24970764005391935,583,True
1002675,583,2024-06-17 05:00:00,-0.24970764005391935,583,True
1002675,583,2024-06-17 06:00:00,-0.24970764005391935,583,True
1002675,583,2024-06-17 07:00:00,-0.24970764005391935,583,True
1002675,583,2024-06-17 08:00:00,-0.24970764005391935,583,True
1002675,583,2024-06-17 09:00:00,-0.24970764005391935,583,True
1002675,583,2024-06-17 10:00:00,-0.24970764005391935,583,True
1002675,583,2024-06-17 11:00:00,-0.24970764005391935,583,True
1002675,583,2024-06-17 12:00:00,-0.24970764005391935,583,True
1002675,583,2024-06-17 13:00:00,-0.24970764005391935,583,True
1002675,583,2024-06-17 14:00:00,-0.24970764005391935,583,True
1002675,583,2024-06-17 15:00:00,-0.24970764005391935,583,True
1002675,583,2024-06-17 16:00:00,-0.24970764005391935,583,True
1002675,583,2024-06-17 17:00:00,-0.24970764005391935,583,True
1002675,583,2024-06-17 18:00:00,-0.24970764005391935,583,True
1002675,583,2024-06-17 19:00:00,-0.24970764005391935,583,True
1002675,583,2024-06-17 20:00:00,-0.24970764005391935,583,True
1002675,583,2024-06-17 21:00:00,-0.24970764005391935,583,True
1002675,583,2024-06-17 22:00:00,-0.24970764005391935,583,True
1002675,583,2024-06-17 23:00:00,-0.24970764005391935,583,True
1002675,583,2024-06-18 00:00:00,-0.24970764005391935,583,True
1002675,583,2024-06-18 01:00:00,-0.24970764005391935,583,True
1002675,583,2024-06-18 02:00:00,-0.24970764005391935,583,True
1002675,583,2024-06-18 03:00:00,-0.24970764005391935,583,True
1002675,583,2024-06-18 04:00:00,-0.24970764005391935,583,True
1002675,583,2024-06-18 05:00:00,-0.24970764005391935,583,True
1002675,583,2024-06-18 06:00:00,-0.24970764005391935,583,True
1002675,583,2024-06-18 07:00:00,-0.24970764005391935,583,True
1002675,583,2024-06-18 08:00:00,-0.24970764005391935,583,True
1002675,583,2024-06-18 09:00:00,-0.24970764005391935,583,True
1002675,583,2024-06-18 10:00:00,-0.24970764005391935,583,True
1002675,583,2024-06-18 11:00:00,-0.24970764005391935,583,True
1002675,583,2024-06-18 12:00:00,-0.24970764005391935,583,True
1002675,583,2024-06-18 13:00:00,-0.24970764005391935,583,True
1002675,583,2024-06-18 14:00:00,-0.24970764005391935,583,True
1002675,583,2024-06-18 15:00:00,-0.24970764005391935,583,True
1002675,583,2024-06-18 16:00:00,-0.24970764005391935,583,True
1002675,583,2024-06-18 17:00:00,-0.24970764005391935,583,True
1002675,583,2024-06-18 18:00:00,-0.24970764005391935,583,True
1002675,583,2024-06-18 19:00:00,-0.24970764005391935,583,True
1002675,583,2024-06-18 20:00:00,-0.24970764005391935,583,True
1002675,583,2024-06-18 21:00:00,-0.24970764005391935,583,True
1002675,583,2024-06-18 22:00:00,-0.24970764005391935,583,True
1002675,583,2024-06-18 23:00:00,-0.24970764005391935,583,True
1002675,583,2024-06-19 00:00:00,-0.24970764005391935,583,True
1002675,583,2024-06-19 01:00:00,-0.24970764005391935,583,True
1002675,583,2024-06-19 02:00:00,-0.24970764005391935,583,True
1002675,583,2024-06-19 03:00:00,-0.24970764005391935,583,True
1002675,583,2024-06-19 04:00:00,-0.24970764005391935,583,True
1002675,583,2024-06-19 05:00:00,-0.24970764005391935,583,True
1002675,583,2024-06-19 06:00:00,-0.24970764005391935,583,True
1002675,583,2024-06-19 07:00:00,-0.24970764005391935,583,True
1002675,583,2024-06-19 08:00:00,-0.24970764005391935,583,True
1002675,583,2024-06-19 09:00:00,-0.24970764005391935,583,True
1002675,583,2024-06-19 10:00:00,-0.24970764005391935,583,True
1002675,583,2024-06-19 11:00:00,-0.24970764005391935,583,True
1002675,583,2024-06-19 12:00:00,-0.24970764005391935,583,True
1002675,583,2024-06-19 13:00:00,-0.24970764005391935,583,True
1002675,583,2024-06-19 14:00:00,-0.24970764005391935,583,True
1002675,583,2024-06-19 15:00:00,-0.24970764005391935,583,True
1002675,583,2024-06-19 16:00:00,-0.24970764005391935,583,True
1002675,583,2024-06-19 17:00:00,-0.24970764005391935,583,True
1002675,583,2024-06-19 18:00:00,-0.24970764005391935,583,True
1002675,583,2024-06-19 19:00:00,-0.24970764005391935,583,True
1002675,583,2024-06-19 20:00:00,-0.24970764005391935,583,True
1002675,583,2024-06-19 21:00:00,-0.24970764005391935,583,True
1002675,583,2024-06-19 22:00:00,-0.24970764005391935,583,True
1002675,583,2024-06-19 23:00:00,-0.24970764005391935,583,True
1002675,583,2024-06-20 00:00:00,-0.24970764005391935,583,True
1002675,583,2024-06-20 01:00:00,-0.24970764005391935,583,True
1002675,583,2024-06-20 02:00:00,-0.24970764005391935,583,True
1002675,583,2024-06-20 03:00:00,-0.24970764005391935,583,True
1002675,583,2024-06-20 04:00:00,-0.24970764005391935,583,True
1002675,583,2024-06-20 05:00:00,-0.24970764005391935,583,True
1002675,583,2024-06-20 06:00:00,-0.24970764005391935,583,True
1002675,583,2024-06-20 07:00:00,-0.24970764005391935,583,True
1002675,583,2024-06-20 08:00:00,-0.24970764005391935,583,True
1002675,583,2024-06-20 09:00:00,-0.24970764005391935,583,True
1002675,583,2024-06-20 10:00:00,-0.24970764005391935,583,True
1002675,583,2024-06-20 11:00:00,-0.24970764005391935,583,True
1002675,583,2024-06-20 12:00:00,-0.24970764005391935,583,True
1002675,583,2024-06-20 13:00:00,-0.24970764005391935,583,True
1002675,583,2024-06-20 14:00:00,-0.24970764005391935,583,True
1002675,583,2024-06-20 15:00:00,-0.24970764005391935,583,True
1002675,583,2024-06-20 16:00:00,-0.24970764005391935,583,True
1002675,583,2024-06-20 17:00:00,-0.24970764005391935,583,True
1002675,583,2024-06-20 18:00:00,-0.24970764005391935,583,True
1002675,583,2024-06-20 19:00:00,-0.24970764005391935,583,True
1002675,583,2024-06-20 20:00:00,-0.24970764005391935,583,True
1002675,583,2024-06-20 21:00:00,-0.24970764005391935,583,True
1002675,583,2024-06-20 22:00:00,-0.24970764005391935,583,True
1002675,583,2024-06-20 23:00:00,-0.24970764005391935,583,True
1002675,583,2024-06-21 00:00:00,-0.24970764005391935,583,True
1002675,583,2024-06-21 01:00:00,-0.24970764005391935,583,True
1002675,583,2024-06-21 02:00:00,-0.24970764005391935,583,True
1002675,583,2024-06-21 03:00:00,-0.24970764005391935,583,True
1002675,583,2024-06-21 04:00:00,-0.24970764005391935,583,True
1002675,583,2024-06-21 05:00:00,-0.24970764005391935,583,True
1002675,583,2024-06-21 06:00:00,-0.24970764005391935,583,True
1002675,583,2024-06-21 07:00:00,-0.24970764005391935,583,True
1002675,583,2024-06-21 08:00:00,-0.24970764005391935,583,True
1002675,583,2024-06-21 09:00:00,-0.24970764005391935,583,True
1002675,583,2024-06-21 10:00:00,-0.24970764005391935,583,True
1002675,583,2024-06-21 11:00:00,-0.24970764005391935,583,True
1002675,583,2024-06-21 12:00:00,-0.24970764005391935,583,True
1002675,583,2024-06-21 13:00:00,-0.24970764005391935,583,True
1002675,583,2024-06-21 14:00:00,-0.24970764005391935,583,True
1002675,583,2024-06-21 15:00:00,-0.24970764005391935,583,True
1002675,583,2024-06-21 16:00:00,-0.24970764005391935,583,True
1002675,583,2024-06-21 17:00:00,-0.24970764005391935,583,True
1002675,583,2024-06-21 18:00:00,-0.24970764005391935,583,True
1002675,583,2024-06-21 19:00:00,-0.24970764005391935,583,True
1002675,583,2024-06-21 20:00:00,-0.24970764005391935,583,True
1002675,583,2024-06-21 21:00:00,-0.24970764005391935,583,True
1002675,583,2024-06-21 22:00:00,-0.24970764005391935,583,True
1002675,583,2024-06-21 23:00:00,-0.24970764005391935,583,True
1002675,583,2024-06-22 00:00:00,-0.24970764005391935,583,True
1002675,583,2024-06-22 01:00:00,-0.24970764005391935,583,True
1002675,583,2024-06-22 02:00:00,-0.24970764005391935,583,True
1002675,583,2024-06-22 03:00:00,-0.24970764005391935,583,True
1002675,583,2024-06-22 04:00:00,-0.24970764005391935,583,True
1002675,583,2024-06-22 05:00:00,-0.24970764005391935,583,True
1002675,583,2024-06-22 06:00:00,-0.24970764005391935,583,True
1002675,583,2024-06-22 07:00:00,-0.24970764005391935,583,True
1002675,583,2024-06-22 08:00:00,-0.24970764005391935,583,True
1002675,583,2024-06-22 09:00:00,-0.24970764005391935,583,True
1002675,583,2024-06-22 10:00:00,-0.24970764005391935,583,True
1002675,583,2024-06-22 11:00:00,-0.13248547161784963,583,True
1002675,583,2024-06-22 12:00:00,0.16056994947232464,583,True
1002675,583,2024-06-22 13:00:00,0.4536253705624989,583,True
1002675,583,2024-06-22 14:00:00,1.3914027180510564,583,True
1002675,583,2024-06-22 15:00:00,3.208346328810137,583,True
1002675,583,2024-06-22 16:00:00,3.677235002554416,583,True
1002675,583,2024-06-22 17:00:00,4.263345844734764,583,True
1002675,583,2024-06-22 18:00:00,4.673623434261008,583,True
1002675,583,2024-06-22 19:00:00,4.732234518479043,583,True
1002675,583,2024-06-22 20:00:00,4.732234518479043,583,True
1002675,583,2024-06-22 21:00:00,4.732234518479043,583,True
1002675,583,2024-06-22 22:00:00,4.849456686915112,583,True
1002675,583,2024-06-22 23:00:00,4.9080677711331475,583,True
1002680,582,2024-06-15 00:00:00,-0.2473762970069441,582,True
1002680,582,2024-06-15 01:00:00,-0.2473762970069441,582,True
1002680,582,2024-06-15 02:00:00,-0.2473762970069441,582,True
1002680,582,2024-06-15 03:00:00,-0.2473762970069441,582,True
1002680,582,2024-06-15 04:00:00,-0.2473762970069441,582,True
1002680,582,2024-06-15 05:00:00,-0.2473762970069441,582,True
1002680,582,2024-06-15 06:00:00,-0.2473762970069441,582,True
1002680,582,2024-06-15 07:00:00,-0.2473762970069441,582,True
1002680,582,2024-06-15 08:00:00,-0.2473762970069441,582,True
1002680,582,2024-06-15 09:00:00,-0.2473762970069441,582,True
1002680,582,2024-06-15 10:00:00,-0.2473762970069441,582,True
1002680,582,2024-06-15 11:00:00,-0.2473762970069441,582,True
1002680,582,2024-06-15 12:00:00,-0.2473762970069441,582,True
1002680,582,2024-06-15 13:00:00,-0.2473762970069441,582,True
1002680,582,2024-06-15 14:00:00,-0.2473762970069441,582,True
1002680,582,2024-06-15 15:00:00,-0.2473762970069441,582,True
1002680,582,2024-06-15 16:00:00,-0.2473762970069441,582,True
1002680,582,2024-06-15 17:00:00,-0.2473762970069441,582,True
1002680,582,2024-06-15 18:00:00,0.07670728239260055,582,True
1002680,582,2024-06-15 19:00:00,0.14872585559249935,582,True
1002680,582,2024-06-15 20:00:00,0.18473514219244877,582,True
1002680,582,2024-06-15 21:00:00,0.18473514219244877,582,True
1002680,582,2024-06-15 22:00:00,0.18473514219244877,582,True
1002680,582,2024-06-15 23:00:00,0.18473514219244877,582,True
1002680,582,2024-06-16 00:00:00,0.18473514219244877,582,True
1002680,582,2024-06-16 01:00:00,-0.2473762970069441,582,True
1002680,582,2024-06-16 02:00:00,-0.2473762970069441,582,True
1002680,582,2024-06-16 03:00:00,-0.2473762970069441,582,True
1002680,582,2024-06-16 04:00:00,-0.2473762970069441,582,True
1002680,582,2024-06-16 05:00:00,-0.2473762970069441,582,True
1002680,582,2024-06-16 06:00:00,-0.2473762970069441,582,True
1002680,582,2024-06-16 07:00:00,-0.2473762970069441,582,True
1002680,582,2024-06-16 08:00:00,-0.2473762970069441,582,True
1002680,582,2024-06-16 09:00:00,-0.2473762970069441,582,True
1002680,582,2024-06-16 10:00:00,-0.2473762970069441,582,True
1002680,582,2024-06-16 11:00:00,-0.2473762970069441,582,True
1002680,582,2024-06-16 12:00:00,-0.2473762970069441,582,True
1002680,582,2024-06-16 13:00:00,-0.2473762970069441,582,True
1002680,582,2024-06-16 14:00:00,-0.2473762970069441,582,True
1002680,582,2024-06-16 15:00:00,-0.2473762970069441,582,True
1002680,582,2024-06-16 16:00:00,-0.2473762970069441,582,True
1002680,582,2024-06-16 17:00:00,-0.2473762970069441,582,True
1002680,582,2024-06-16 18:00:00,-0.2473762970069441,582,True
1002680,582,2024-06-16 19:00:00,-0.2473762970069441,582,True
1002680,582,2024-06-16 20:00:00,-0.2473762970069441,582,True
1002680,582,2024-06-16 21:00:00,-0.2473762970069441,582,True
1002680,582,2024-06-16 22:00:00,-0.2473762970069441,582,True
1002680,582,2024-06-16 23:00:00,-0.2473762970069441,582,True
1002680,582,2024-06-17 00:00:00,-0.2473762970069441,582,True
1002680,582,2024-06-17 01:00:00,-0.2473762970069441,582,True
1002680,582,2024-06-17 02:00:00,-0.2473762970069441,582,True
1002680,582,2024-06-17 03:00:00,-0.2473762970069441,582,True
1002680,582,2024-06-17 04:00:00,-0.2473762970069441,582,True
1002680,582,2024-06-17 05:00:00,-0.2473762970069441,582,True
1002680,582,2024-06-17 06:00:00,-0.2473762970069441,582,True
1002680,582,2024-06-17 07:00:00,-0.2473762970069441,582,True
1002680,582,2024-06-17 08:00:00,-0.2473762970069441,582,True
1002680,582,2024-06-17 09:00:00,-0.2473762970069441,582,True
1002680,582,2024-06-17 10:00:00,-0.2473762970069441,582,True
1002680,582,2024-06-17 11:00:00,-0.2473762970069441,582,True
1002680,582,2024-06-17 12:00:00,-0.2473762970069441,582,True
1002680,582,2024-06-17 13:00:00,-0.2473762970069441,582,True
1002680,582,2024-06-17 14:00:00,-0.2473762970069441,582,True
1002680,582,2024-06-17 15:00:00,-0.2473762970069441,582,True
1002680,582,2024-06-17 16:00:00,-0.2473762970069441,582,True
1002680,582,2024-06-17 17:00:00,-0.2473762970069441,582,True
1002680,582,2024-06-17 18:00:00,-0.2473762970069441,582,True
1002680,582,2024-06-17 19:00:00,-0.2473762970069441,582,True
1002680,582,2024-06-17 20:00:00,-0.2473762970069441,582,True
1002680,582,2024-06-17 21:00:00,-0.2473762970069441,582,True
1002680,582,2024-06-17 22:00:00,-0.2473762970069441,582,True
1002680,582,2024-06-17 23:00:00,-0.2473762970069441,582,True
1002680,582,2024-06-18 00:00:00,-0.2473762970069441,582,True
1002680,582,2024-06-18 01:00:00,-0.2473762970069441,582,True
1002680,582,2024-06-18 02:00:00,-0.2473762970069441,582,True
1002680,582,2024-06-18 03:00:00,-0.2473762970069441,582,True
1002680,582,2024-06-18 04:00:00,-0.2473762970069441,582,True
1002680,582,2024-06-18 05:00:00,-0.2473762970069441,582,True
1002680,582,2024-06-18 06:00:00,-0.2473762970069441,582,True
1002680,582,2024-06-18 07:00:00,-0.2473762970069441,582,True
1002680,582,2024-06-18 08:00:00,-0.2473762970069441,582,True
1002680,582,2024-06-18 09:00:00,-0.2473762970069441,582,True
1002680,582,2024-06-18 10:00:00,-0.2473762970069441,582,True
1002680,582,2024-06-18 11:00:00,-0.2473762970069441,582,True
1002680,582,2024-06-18 12:00:00,-0.2473762970069441,582,True
1002680,582,2024-06-18 13:00:00,-0.2473762970069441,582,True
1002680,582,2024-06-18 14:00:00,-0.2473762970069441,582,True
1002680,582,2024-06-18 15:00:00,-0.2473762970069441,582,True
1002680,582,2024-06-18 16:00:00,-0.2473762970069441,582,True
1002680,582,2024-06-18 17:00:00,-0.2473762970069441,582,True
1002680,582,2024-06-18 18:00:00,-0.2473762970069441,582,True
1002680,582,2024-06-18 19:00:00,-0.2473762970069441,582,True
1002680,582,2024-06-18 20:00:00,-0.2473762970069441,582,True
1002680,582,2024-06-18 21:00:00,-0.2473762970069441,582,True
1002680,582,2024-06-18 22:00:00,-0.2473762970069441,582,True
1002680,582,2024-06-18 23:00:00,-0.2473762970069441,582,True
1002680,582,2024-06-19 00:00:00,-0.2473762970069441,582,True
1002680,582,2024-06-19 01:00:00,-0.2473762970069441,582,True
1002680,582,2024-06-19 02:00:00,-0.2473762970069441,582,True
1002680,582,2024-06-19 03:00:00,-0.2473762970069441,582,True
1002680,582,2024-06-19 04:00:00,-0.2473762970069441,582,True
1002680,582,2024-06-19 05:00:00,-0.2473762970069441,582,True
1002680,582,2024-06-19 06:00:00,-0.2473762970069441,582,True
1002680,582,2024-06-19 07:00:00,-0.2473762970069441,582,True
1002680,582,2024-06-19 08:00:00,-0.2473762970069441,582,True
1002680,582,2024-06-19 09:00:00,-0.2473762970069441,582,True
1002680,582,2024-06-19 10:00:00,-0.2473762970069441,582,True
1002680,582,2024-06-19 11:00:00,-0.2473762970069441,582,True
1002680,582,2024-06-19 12:00:00,-0.2473762970069441,582,True
1002680,582,2024-06-19 13:00:00,-0.2473762970069441,582,True
1002680,582,2024-06-19 14:00:00,-0.2473762970069441,582,True
1002680,582,2024-06-19 15:00:00,-0.2473762970069441,582,True
1002680,582,2024-06-19 16:00:00,-0.2473762970069441,582,True
1002680,582,2024-06-19 17:00:00,-0.2473762970069441,582,True
1002680,582,2024-06-19 18:00:00,-0.2473762970069441,582,True
1002680,582,2024-06-19 19:00:00,-0.2473762970069441,582,True
1002680,582,2024-06-19 20:00:00,-0.2473762970069441,582,True
1002680,582,2024-06-19 21:00:00,-0.2473762970069441,582,True
1002680,582,2024-06-19 22:00:00,-0.2473762970069441,582,True
1002680,582,2024-06-19 23:00:00,-0.2473762970069441,582,True
1002680,582,2024-06-20 00:00:00,-0.2473762970069441,582,True
1002680,582,2024-06-20 01:00:00,-0.2473762970069441,582,True
1002680,582,2024-06-20 02:00:00,-0.2473762970069441,582,True
1002680,582,2024-06-20 03:00:00,-0.2473762970069441,582,True
1002680,582,2024-06-20 04:00:00,-0.2473762970069441,582,True
1002680,582,2024-06-20 05:00:00,-0.2473762970069441,582,True
1002680,582,2024-06-20 06:00:00,-0.2473762970069441,582,True
1002680,582,2024-06-20 07:00:00,-0.2473762970069441,582,True
1002680,582,2024-06-20 08:00:00,-0.2473762970069441,582,True
1002680,582,2024-06-20 09:00:00,-0.2473762970069441,582,True
1002680,582,2024-06-20 10:00:00,-0.2473762970069441,582,True
1002680,582,2024-06-20 11:00:00,-0.2473762970069441,582,True
1002680,582,2024-06-20 12:00:00,-0.2473762970069441,582,True
1002680,582,2024-06-20 13:00:00,-0.2473762970069441,582,True
1002680,582,2024-06-20 14:00:00,-0.2473762970069441,582,True
1002680,582,2024-06-20 15:00:00,-0.2473762970069441,582,True
1002680,582,2024-06-20 16:00:00,-0.2473762970069441,582,True
1002680,582,2024-06-20 17:00:00,-0.2473762970069441,582,True
1002680,582,2024-06-20 18:00:00,-0.2473762970069441,582,True
1002680,582,2024-06-20 19:00:00,-0.2473762970069441,582,True
1002680,582,2024-06-20 20:00:00,-0.2473762970069441,582,True
1002680,582,2024-06-20 21:00:00,-0.2473762970069441,582,True
1002680,582,2024-06-20 22:00:00,-0.2473762970069441,582,True
1002680,582,2024-06-20 23:00:00,-0.2473762970069441,582,True
1002680,582,2024-06-21 00:00:00,-0.2473762970069441,582,True
1002680,582,2024-06-21 01:00:00,-0.2473762970069441,582,True
1002680,582,2024-06-21 02:00:00,-0.2473762970069441,582,True
1002680,582,2024-06-21 03:00:00,-0.2473762970069441,582,True
1002680,582,2024-06-21 04:00:00,-0.2473762970069441,582,True
1002680,582,2024-06-21 05:00:00,-0.2473762970069441,582,True
1002680,582,2024-06-21 06:00:00,-0.2473762970069441,582,True
1002680,582,2024-06-21 07:00:00,-0.2473762970069441,582,True
1002680,582,2024-06-21 08:00:00,-0.2473762970069441,582,True
1002680,582,2024-06-21 09:00:00,-0.2473762970069441,582,True
1002680,582,2024-06-21 10:00:00,-0.2473762970069441,582,True
1002680,582,2024-06-21 11:00:00,-0.2473762970069441,582,True
1002680,582,2024-06-21 12:00:00,-0.2473762970069441,582,True
1002680,582,2024-06-21 13:00:00,-0.2473762970069441,582,True
1002680,582,2024-06-21 14:00:00,-0.2473762970069441,582,True
1002680,582,2024-06-21 15:00:00,-0.2473762970069441,582,True
1002680,582,2024-06-21 16:00:00,-0.2473762970069441,582,True
1002680,582,2024-06-21 17:00:00,-0.2473762970069441,582,True
1002680,582,2024-06-21 18:00:00,-0.2473762970069441,582,True
1002680,582,2024-06-21 19:00:00,-0.2473762970069441,582,True
1002680,582,2024-06-21 20:00:00,-0.2473762970069441,582,True
1002680,582,2024-06-21 21:00:00,-0.2473762970069441,582,True
1002680,582,2024-06-21 22:00:00,-0.2473762970069441,582,True
1002680,582,2024-06-21 23:00:00,-0.2473762970069441,582,True
1002680,582,2024-06-22 00:00:00,-0.2473762970069441,582,True
1002680,582,2024-06-22 01:00:00,-0.2473762970069441,582,True
1002680,582,2024-06-22 02:00:00,-0.2473762970069441,582,True
1002680,582,2024-06-22 03:00:00,-0.2473762970069441,582,True
1002680,582,2024-06-22 04:00:00,-0.2473762970069441,582,True
1002680,582,2024-06-22 05:00:00,-0.2473762970069441,582,True
1002680,582,2024-06-22 06:00:00,-0.2473762970069441,582,True
1002680,582,2024-06-22 07:00:00,-0.2473762970069441,582,True
1002680,582,2024-06-22 08:00:00,-0.2473762970069441,582,True
1002680,582,2024-06-22 09:00:00,-0.2473762970069441,582,True
1002680,582,2024-06-22 10:00:00,-0.21136701040699468,582,True
1002680,582,2024-06-22 11:00:00,-0.1393484372070959,582,True
1002680,582,2024-06-22 12:00:00,0.29276300199229693,582,True
1002680,582,2024-06-22 13:00:00,0.8329023009915381,582,True
1002680,582,2024-06-22 14:00:00,1.3730415999907792,582,True
1002680,582,2024-06-22 15:00:00,2.129236618589717,582,True
1002680,582,2024-06-22 16:00:00,3.065478070188401,582,True
1002680,582,2024-06-22 17:00:00,3.785663802187389,582,True
1002680,582,2024-06-22 18:00:00,4.8299331135859225,582,True
1002680,582,2024-06-22 19:00:00,4.8659424001858715,582,True
1002680,582,2024-06-22 20:00:00,4.937960973385771,582,True
1002680,582,2024-06-22 21:00:00,5.081998119785569,582,True
1002680,582,2024-06-22 22:00:00,5.118007406385518,582,True
1002680,582,2024-06-22 23:00:00,5.190025979585417,582,True
1002685,221,2024-06-15 00:00:00,-5.875701699382876,221,True
1002685,221,2024-06-15 01:00:00,-0.13231425514683104,221,True
1002685,221,2024-06-15 02:00:00,-0.12071145222918246,221,True
1002685,221,2024-06-15 03:00:00,-0.1091086493115339,221,True
1002685,221,2024-06-15 04:00:00,-0.06849883909976387,221,True
1002685,221,2024-06-15 05:00:00,-0.06849883909976387,221,True
1002685,221,2024-06-15 06:00:00,-0.06849883909976387,221,True
1002685,221,2024-06-15 07:00:00,-0.06849883909976387,221,True
1002685,221,2024-06-15 08:00:00,-0.06849883909976387,221,True
1002685,221,2024-06-15 09:00:00,-0.06849883909976387,221,True
1002685,221,2024-06-15 10:00:00,-0.03369043034681814,221,True
1002685,221,2024-06-15 11:00:00,-0.03369043034681814,221,True
1002685,221,2024-06-15 12:00:00,-0.03369043034681814,221,True
1002685,221,2024-06-15 13:00:00,-0.03369043034681814,221,True
1002685,221,2024-06-15 14:00:00,-0.03369043034681814,221,True
1002685,221,2024-06-15 15:00:00,-0.03369043034681814,221,True
1002685,221,2024-06-15 16:00:00,-0.03369043034681814,221,True
1002685,221,2024-06-15 17:00:00,-0.03369043034681814,221,True
1002685,221,2024-06-15 18:00:00,-0.03369043034681814,221,True
1002685,221,2024-06-15 19:00:00,-0.03369043034681814,221,True
1002685,221,2024-06-15 20:00:00,-0.03369043034681814,221,True
1002685,221,2024-06-15 21:00:00,0.006919379864951879,221,True
1002685,221,2024-06-15 22:00:00,0.006919379864951879,221,True
1002685,221,2024-06-15 23:00:00,0.006919379864951879,221,True
1002685,221,2024-06-16 00:00:00,0.04752919007672191,221,True
1002685,221,2024-06-16 01:00:00,-0.13231425514683104,221,True
1002685,221,2024-06-16 02:00:00,-0.13231425514683104,221,True
1002685,221,2024-06-16 03:00:00,-0.13231425514683104,221,True
1002685,221,2024-06-16 04:00:00,-0.13231425514683104,221,True
1002685,221,2024-06-16 05:00:00,-0.13231425514683104,221,True
1002685,221,2024-06-16 06:00:00,-0.13231425514683104,221,True
1002685,221,2024-06-16 07:00:00,-0.13231425514683104,221,True
1002685,221,2024-06-16 08:00:00,-0.13231425514683104,221,True
1002685,221,2024-06-16 09:00:00,-0.13231425514683104,221,True
1002685,221,2024-06-16 10:00:00,-0.13231425514683104,221,True
1002685,221,2024-06-16 11:00:00,-0.13231425514683104,221,True
1002685,221,2024-06-16 12:00:00,-0.13231425514683104,221,True
1002685,221,2024-06-16 13:00:00,-0.13231425514683104,221,True
1002685,221,2024-06-16 14:00:00,-0.13231425514683104,221,True
1002685,221,2024-06-16 15:00:00,-0.13231425514683104,221,True
1002685,221,2024-06-16 16:00:00,-0.13231425514683104,221,True
1002685,221,2024-06-16 17:00:00,-0.13231425514683104,221,True
1002685,221,2024-06-16 18:00:00,-0.13231425514683104,221,True
1002685,221,2024-06-16 19:00:00,-0.13231425514683104,221,True
1002685,221,2024-06-16 20:00:00,-0.13231425514683104,221,True
1002685,221,2024-06-16 21:00:00,-0.13231425514683104,221,True
1002685,221,2024-06-16 22:00:00,-0.13231425514683104,221,True
1002685,221,2024-06-16 23:00:00,-0.13231425514683104,221,True
1002685,221,2024-06-17 00:00:00,-0.13231425514683104,221,True
1002685,221,2024-06-17 01:00:00,-0.13231425514683104,221,True
1002685,221,2024-06-17 02:00:00,-0.13231425514683104,221,True
1002685,221,2024-06-17 03:00:00,-0.13231425514683104,221,True
1002685,221,2024-06-17 04:00:00,-0.13231425514683104,221,True
1002685,221,2024-06-17 05:00:00,-0.13231425514683104,221,True
1002685,221,2024-06-17 06:00:00,-0.13231425514683104,221,True
1002685,221,2024-06-17 07:00:00,-0.13231425514683104,221,True
1002685,221,2024-06-17 08:00:00,-0.13231425514683104,221,True
1002685,221,2024-06-17 09:00:00,-0.13231425514683104,221,True
1002685,221,2024-06-17 10:00:00,-0.13231425514683104,221,True
1002685,221,2024-06-17 11:00:00,-0.13231425514683104,221,True
1002685,221,2024-06-17 12:00:00,-0.13231425514683104,221,True
1002685,221,2024-06-17 13:00:00,-0.13231425514683104,221,True
1002685,221,2024-06-17 14:00:00,-0.13231425514683104,221,True
1002685,221,2024-06-17 15:00:00,-0.13231425514683104,221,True
1002685,221,2024-06-17 16:00:00,-0.13231425514683104,221,True
1002685,221,2024-06-17 17:00:00,-0.13231425514683104,221,True
1002685,221,2024-06-17 18:00:00,-0.13231425514683104,221,True
1002685,221,2024-06-17 19:00:00,-0.13231425514683104,221,True
1002685,221,2024-06-17 20:00:00,-0.13231425514683104,221,True
1002685,221,2024-06-17 21:00:00,-0.13231425514683104,221,True
1002685,221,2024-06-17 22:00:00,-0.13231425514683104,221,True
1002685,221,2024-06-17 23:00:00,-0.13231425514683104,221,True
1002685,221,2024-06-18 00:00:00,-0.13231425514683104,221,True
1002685,221,2024-06-18 01:00:00,-0.13231425514683104,221,True
1002685,221,2024-06-18 02:00:00,-0.13231425514683104,221,True
1002685,221,2024-06-18 03:00:00,-0.13231425514683104,221,True
1002685,221,2024-06-18 04:00:00,-0.13231425514683104,221,True
1002685,221,2024-06-18 05:00:00,-0.13231425514683104,221,True
1002685,221,2024-06-18 06:00:00,-0.13231425514683104,221,True
1002685,221,2024-06-18 07:00:00,-0.13231425514683104,221,True
1002685,221,2024-06-18 08:00:00,-0.13231425514683104,221,True
1002685,221,2024-06-18 09:00:00,-0.13231425514683104,221,True
1002685,221,2024-06-18 10:00:00,-0.13231425514683104,221,True
1002685,221,2024-06-18 11:00:00,-0.13231425514683104,221,True
1002685,221,2024-06-18 12:00:00,-0.13231425514683104,221,True
1002685,221,2024-06-18 13:00:00,-0.13231425514683104,221,True
1002685,221,2024-06-18 14:00:00,-0.13231425514683104,221,True
1002685,221,2024-06-18 15:00:00,-0.13231425514683104,221,True
1002685,221,2024-06-18 16:00:00,-0.13231425514683104,221,True
1002685,221,2024-06-18 17:00:00,-0.13231425514683104,221,True
1002685,221,2024-06-18 18:00:00,-0.13231425514683104,221,True
1002685,221,2024-06-18 19:00:00,-0.13231425514683104,221,True
1002685,221,2024-06-18 20:00:00,-0.13231425514683104,221,True
1002685,221,2024-06-18 21:00:00,-0.13231425514683104,221,True
1002685,221,2024-06-18 22:00:00,-0.13231425514683104,221,True
1002685,221,2024-06-18 23:00:00,-0.13231425514683104,221,True
1002685,221,2024-06-19 00:00:00,-0.13231425514683104,221,True
1002685,221,2024-06-19 01:00:00,-0.13231425514683104,221,True
1002685,221,2024-06-19 02:00:00,-0.13231425514683104,221,True
1002685,221,2024-06-19 03:00:00,-0.13231425514683104,221,True
1002685,221,2024-06-19 04:00:00,-0.13231425514683104,221,True
1002685,221,2024-06-19 05:00:00,-0.13231425514683104,221,True
1002685,221,2024-06-19 06:00:00,-0.13231425514683104,221,True
1002685,221,2024-06-19 07:00:00,-0.13231425514683104,221,True
1002685,221,2024-06-19 08:00:00,-0.13231425514683104,221,True
1002685,221,2024-06-19 09:00:00,-0.13231425514683104,221,True
1002685,221,2024-06-19 10:00:00,-0.13231425514683104,221,True
1002685,221,2024-06-19 11:00:00,-0.13231425514683104,221,True
1002685,221,2024-06-19 12:00:00,-0.13231425514683104,221,True
1002685,221,2024-06-19 13:00:00,-0.13231425514683104,221,True
1002685,221,2024-06-19 14:00:00,-0.13231425514683104,221,True
1002685,221,2024-06-19 15:00:00,-0.13231425514683104,221,True
1002685,221,2024-06-19 16:00:00,-0.13231425514683104,221,True
1002685,221,2024-06-19 17:00:00,-0.13231425514683104,221,True
1002685,221,2024-06-19 18:00:00,-0.13231425514683104,221,True
1002685,221,2024-06-19 19:00:00,-0.13231425514683104,221,True
1002685,221,2024-06-19 20:00:00,-0.13231425514683104,221,True
1002685,221,2024-06-19 21:00:00,-0.13231425514683104,221,True
1002685,221,2024-06-19 22:00:00,-0.13231425514683104,221,True
1002685,221,2024-06-19 23:00:00,-0.13231425514683104,221,True
1002685,221,2024-06-20 00:00:00,-5.875701699382876,221,True
1002685,221,2024-06-20 01:00:00,-0.13231425514683104,221,True
1002685,221,2024-06-20 02:00:00,-0.13231425514683104,221,True
1002685,221,2024-06-20 03:00:00,-0.13231425514683104,221,True
1002685,221,2024-06-20 04:00:00,-0.13231425514683104,221,True
1002685,221,2024-06-20 05:00:00,-0.13231425514683104,221,True
1002685,221,2024-06-20 06:00:00,-0.13231425514683104,221,True
1002685,221,2024-06-20 07:00:00,-0.13231425514683104,221,True
1002685,221,2024-06-20 08:00:00,-0.13231425514683104,221,True
1002685,221,2024-06-20 09:00:00,-0.13231425514683104,221,True
1002685,221,2024-06-20 10:00:00,-0.13231425514683104,221,True
1002685,221,2024-06-20 11:00:00,-0.13231425514683104,221,True
1002685,221,2024-06-20 12:00:00,-0.13231425514683104,221,True
1002685,221,2024-06-20 13:00:00,-0.13231425514683104,221,True
1002685,221,2024-06-20 14:00:00,-0.13231425514683104,221,True
1002685,221,2024-06-20 15:00:00,-0.13231425514683104,221,True
1002685,221,2024-06-20 16:00:00,-0.13231425514683104,221,True
1002685,221,2024-06-20 17:00:00,-0.13231425514683104,221,True
1002685,221,2024-06-20 18:00:00,-0.13231425514683104,221,True
1002685,221,2024-06-20 19:00:00,-0.13231425514683104,221,True
1002685,221,2024-06-20 20:00:00,-0.13231425514683104,221,True
1002685,221,2024-06-20 21:00:00,-0.13231425514683104,221,True
1002685,221,2024-06-20 22:00:00,-0.13231425514683104,221,True
1002685,221,2024-06-20 23:00:00,-0.13231425514683104,221,True
1002685,221,2024-06-21 00:00:00,-0.13231425514683104,221,True
1002685,221,2024-06-21 01:00:00,-0.13231425514683104,221,True
1002685,221,2024-06-21 02:00:00,-0.13231425514683104,221,True
1002685,221,2024-06-21 03:00:00,-0.13231425514683104,221,True
1002685,221,2024-06-21 04:00:00,-0.13231425514683104,221,True
1002685,221,2024-06-21 05:00:00,-0.13231425514683104,221,True
1002685,221,2024-06-21 06:00:00,-0.13231425514683104,221,True
1002685,221,2024-06-21 07:00:00,-0.13231425514683104,221,True
1002685,221,2024-06-21 08:00:00,-0.13231425514683104,221,True
1002685,221,2024-06-21 09:00:00,-0.13231425514683104,221,True
1002685,221,2024-06-21 10:00:00,-0.13231425514683104,221,True
1002685,221,2024-06-21 11:00:00,-0.13231425514683104,221,True
1002685,221,2024-06-21 12:00:00,-0.13231425514683104,221,True
1002685,221,2024-06-21 13:00:00,-0.13231425514683104,221,True
1002685,221,2024-06-21 14:00:00,-0.13231425514683104,221,True
1002685,221,2024-06-21 15:00:00,-0.13231425514683104,221,True
1002685,221,2024-06-21 16:00:00,-0.13231425514683104,221,True
1002685,221,2024-06-21 17:00:00,-0.13231425514683104,221,True
1002685,221,2024-06-21 18:00:00,-0.13231425514683104,221,True
1002685,221,2024-06-21 19:00:00,-0.13231425514683104,221,True
1002685,221,2024-06-21 20:00:00,-0.13231425514683104,221,True
1002685,221,2024-06-21 21:00:00,-0.13231425514683104,221,True
1002685,221,2024-06-21 22:00:00,-0.13231425514683104,221,True
1002685,221,2024-06-21 23:00:00,-0.13231425514683104,221,True
1002685,221,2024-06-22 00:00:00,-0.13231425514683104,221,True
1002685,221,2024-06-22 01:00:00,-0.13231425514683104,221,True
1002685,221,2024-06-22 02:00:00,-0.13231425514683104,221,True
1002685,221,2024-06-22 03:00:00,-0.13231425514683104,221,True
1002685,221,2024-06-22 04:00:00,-0.13231425514683104,221,True
1002685,221,2024-06-22 05:00:00,-0.13231425514683104,221,True
1002685,221,2024-06-22 06:00:00,-0.12651285368800674,221,True
1002685,221,2024-06-22 07:00:00,-0.12651285368800674,221,True
1002685,221,2024-06-22 08:00:00,-0.12651285368800674,221,True
1002685,221,2024-06-22 09:00:00,-0.12651285368800674,221,True
1002685,221,2024-06-22 10:00:00,-0.1091086493115339,221,True
1002685,221,2024-06-22 11:00:00,0.006919379864951879,221,True
1002685,221,2024-06-22 12:00:00,0.12294740904143768,221,True
1002685,221,2024-06-22 13:00:00,0.3375992630179363,221,True
1002685,221,2024-06-22 14:00:00,0.772704372429758,221,True
1002685,221,2024-06-22 15:00:00,1.5384893649945641,221,True
1002685,221,2024-06-22 16:00:00,2.4957206057005714,221,True
1002685,221,2024-06-22 17:00:00,3.1628817734653647,221,True
1002685,221,2024-06-22 18:00:00,3.847447145606631,221,True
1002685,221,2024-06-22 19:00:00,4.027290590830185,221,True
1002685,221,2024-06-22 20:00:00,4.06209899958313,221,True
1002685,221,2024-06-22 21:00:00,4.172325627300792,221,True
1002685,221,2024-06-22 22:00:00,4.201332634594913,221,True
1002685,221,2024-06-22 23:00:00,4.276750853559629,221,True
1002687,121,2024-06-15 00:00:00,-7.138624247385817,121,True
1002687,121,2024-06-15 01:00:00,-0.19133552433282006,121,True
1002687,121,2024-06-15 02:00:00,-0.19133552433282006,121,True
1002687,121,2024-06-15 03:00:00,-0.19133552433282006,121,True
1002687,121,2024-06-15 04:00:00,-0.19133552433282006,121,True
1002687,121,2024-06-15 05:00:00,-0.17730059761958167,121,True
1002687,121,2024-06-15 06:00:00,-0.17730059761958167,121,True
1002687,121,2024-06-15 07:00:00,-0.17730059761958167,121,True
1002687,121,2024-06-15 08:00:00,-0.17730059761958167,121,True
1002687,121,2024-06-15 09:00:00,-0.17730059761958167,121,True
1002687,121,2024-06-15 10:00:00,-0.12817835412324738,121,True
1002687,121,2024-06-15 11:00:00,-0.12116089076662817,121,True
1002687,121,2024-06-15 12:00:00,-0.12116089076662817,121,True
1002687,121,2024-06-15 13:00:00,-0.12116089076662817,121,True
1002687,121,2024-06-15 14:00:00,-0.12116089076662817,121,True
1002687,121,2024-06-15 15:00:00,0.18760749692461615,121,True
1002687,121,2024-06-15 16:00:00,0.25076466713418877,121,True
1002687,121,2024-06-15 17:00:00,0.29286944727390396,121,True
1002687,121,2024-06-15 18:00:00,0.29286944727390396,121,True
1002687,121,2024-06-15 19:00:00,0.29286944727390396,121,True
1002687,121,2024-06-15 20:00:00,0.6437426151048634,121,True
1002687,121,2024-06-15 21:00:00,0.6647950051747209,121,True
1002687,121,2024-06-15 22:00:00,0.6718124685313401,121,True
1002687,121,2024-06-15 23:00:00,0.6788299318879594,121,True
1002687,121,2024-06-16 00:00:00,0.6858473952445785,121,True
1002687,121,2024-06-16 01:00:00,-0.17730059761958167,121,True
1002687,121,2024-06-16 02:00:00,-0.17730059761958167,121,True
1002687,121,2024-06-16 03:00:00,-0.17730059761958167,121,True
1002687,121,2024-06-16 04:00:00,-0.17730059761958167,121,True
1002687,121,2024-06-16 05:00:00,-0.17730059761958167,121,True
1002687,121,2024-06-16 06:00:00,-0.17730059761958167,121,True
1002687,121,2024-06-16 07:00:00,-0.17730059761958167,121,True
1002687,121,2024-06-16 08:00:00,-0.17730059761958167,121,True
1002687,121,2024-06-16 09:00:00,-0.17730059761958167,121,True
1002687,121,2024-06-16 10:00:00,-0.17730059761958167,121,True
1002687,121,2024-06-16 11:00:00,-0.17730059761958167,121,True
1002687,121,2024-06-16 12:00:00,-0.17730059761958167,121,True
1002687,121,2024-06-16 13:00:00,-0.17730059761958167,121,True
1002687,121,2024-06-16 14:00:00,-0.17730059761958167,121,True
1002687,121,2024-06-16 15:00:00,-0.17730059761958167,121,True
1002687,121,2024-06-16 16:00:00,-0.17730059761958167,121,True
1002687,121,2024-06-16 17:00:00,-0.17730059761958167,121,True
1002687,121,2024-06-16 18:00:00,-0.17730059761958167,121,True
1002687,121,2024-06-16 19:00:00,-0.17730059761958167,121,True
1002687,121,2024-06-16 20:00:00,-0.17730059761958167,121,True
1002687,121,2024-06-16 21:00:00,-0.17730059761958167,121,True
1002687,121,2024-06-16 22:00:00,-0.17730059761958167,121,True
1002687,121,2024-06-16 23:00:00,-0.17730059761958167,121,True
1002687,121,2024-06-17 00:00:00,-0.17730059761958167,121,True
1002687,121,2024-06-17 01:00:00,-0.19133552433282006,121,True
1002687,121,2024-06-17 02:00:00,-0.19133552433282006,121,True
1002687,121,2024-06-17 03:00:00,-0.19133552433282006,121,True
1002687,121,2024-06-17 04:00:00,-0.19133552433282006,121,True
1002687,121,2024-06-17 05:00:00,-0.19133552433282006,121,True
1002687,121,2024-06-17 06:00:00,-0.19133552433282006,121,True
1002687,121,2024-06-17 07:00:00,-0.19133552433282006,121,True
1002687,121,2024-06-17 08:00:00,-0.19133552433282006,121,True
1002687,121,2024-06-17 09:00:00,-0.19133552433282006,121,True
1002687,121,2024-06-17 10:00:00,-0.19133552433282006,121,True
1002687,121,2024-06-17 11:00:00,-0.19133552433282006,121,True
1002687,121,2024-06-17 12:00:00,-0.19133552433282006,121,True
1002687,121,2024-06-17 13:00:00,-0.19133552433282006,121,True
1002687,121,2024-06-17 14:00:00,-0.19133552433282006,121,True
1002687,121,2024-06-17 15:00:00,-0.19133552433282006,121,True
1002687,121,2024-06-17 16:00:00,-0.19133552433282006,121,True
1002687,121,2024-06-17 17:00:00,-0.19133552433282006,121,True
1002687,121,2024-06-17 18:00:00,-0.19133552433282006,121,True
1002687,121,2024-06-17 19:00:00,-0.19133552433282006,121,True
1002687,121,2024-06-17 20:00:00,-0.19133552433282006,121,True
1002687,121,2024-06-17 21:00:00,-0.19133552433282006,121,True
1002687,121,2024-06-17 22:00:00,-0.19133552433282006,121,True
1002687,121,2024-06-17 23:00:00,-0.19133552433282006,121,True
1002687,121,2024-06-18 00:00:00,-0.19133552433282006,121,True
1002687,121,2024-06-18 01:00:00,-0.19133552433282006,121,True
1002687,121,2024-06-18 02:00:00,-0.19133552433282006,121,True
1002687,121,2024-06-18 03:00:00,-0.19133552433282006,121,True
1002687,121,2024-06-18 04:00:00,-0.19133552433282006,121,True
1002687,121,2024-06-18 05:00:00,-0.19133552433282006,121,True
1002687,121,2024-06-18 06:00:00,-0.19133552433282006,121,True
1002687,121,2024-06-18 07:00:00,-0.19133552433282006,121,True
1002687,121,2024-06-18 08:00:00,-0.19133552433282006,121,True
1002687,121,2024-06-18 09:00:00,-0.19133552433282006,121,True
1002687,121,2024-06-18 10:00:00,-0.19133552433282006,121,True
1002687,121,2024-06-18 11:00:00,-0.19133552433282006,121,True
1002687,121,2024-06-18 12:00:00,-0.19133552433282006,121,True
1002687,121,2024-06-18 13:00:00,-0.19133552433282006,121,True
1002687,121,2024-06-18 14:00:00,-0.19133552433282006,121,True
1002687,121,2024-06-18 15:00:00,-0.19133552433282006,121,True
1002687,121,2024-06-18 16:00:00,-0.19133552433282006,121,True
1002687,121,2024-06-18 17:00:00,-0.19133552433282006,121,True
1002687,121,2024-06-18 18:00:00,-0.19133552433282006,121,True
1002687,121,2024-06-18 19:00:00,-0.19133552433282006,121,True
1002687,121,2024-06-18 20:00:00,-0.19133552433282006,121,True
1002687,121,2024-06-18 21:00:00,-0.19133552433282006,121,True
1002687,121,2024-06-18 22:00:00,-0.19133552433282006,121,True
1002687,121,2024-06-18 23:00:00,-0.19133552433282006,121,True
1002687,121,2024-06-19 00:00:00,-0.19133552433282006,121,True
1002687,121,2024-06-19 01:00:00,-0.19133552433282006,121,True
1002687,121,2024-06-19 02:00:00,-0.19133552433282006,121,True
1002687,121,2024-06-19 03:00:00,-0.19133552433282006,121,True
1002687,121,2024-06-19 04:00:00,-0.19133552433282006,121,True
1002687,121,2024-06-19 05:00:00,-0.19133552433282006,121,True
1002687,121,2024-06-19 06:00:00,-0.19133552433282006,121,True
1002687,121,2024-06-19 07:00:00,-0.19133552433282006,121,True
1002687,121,2024-06-19 08:00:00,-0.19133552433282006,121,True
1002687,121,2024-06-19 09:00:00,-0.19133552433282006,121,True
1002687,121,2024-06-19 10:00:00,-0.19133552433282006,121,True
1002687,121,2024-06-19 11:00:00,-0.19133552433282006,121,True
1002687,121,2024-06-19 12:00:00,-0.19133552433282006,121,True
1002687,121,2024-06-19 13:00:00,-0.19133552433282006,121,True
1002687,121,2024-06-19 14:00:00,-0.19133552433282006,121,True
1002687,121,2024-06-19 15:00:00,-0.19133552433282006,121,True
1002687,121,2024-06-19 16:00:00,-0.19133552433282006,121,True
1002687,121,2024-06-19 17:00:00,-0.19133552433282006,121,True
1002687,121,2024-06-19 18:00:00,-0.19133552433282006,121,True
1002687,121,2024-06-19 19:00:00,-0.19133552433282006,121,True
1002687,121,2024-06-19 20:00:00,-0.19133552433282006,121,True
1002687,121,2024-06-19 21:00:00,-0.19133552433282006,121,True
1002687,121,2024-06-19 22:00:00,-0.19133552433282006,121,True
1002687,121,2024-06-19 23:00:00,-0.19133552433282006,121,True
1002687,121,2024-06-20 00:00:00,-0.19133552433282006,121,True
1002687,121,2024-06-20 01:00:00,-0.19133552433282006,121,True
1002687,121,2024-06-20 02:00:00,-0.19133552433282006,121,True
1002687,121,2024-06-20 03:00:00,-0.19133552433282006,121,True
1002687,121,2024-06-20 04:00:00,-0.19133552433282006,121,True
1002687,121,2024-06-20 05:00:00,-0.19133552433282006,121,True
1002687,121,2024-06-20 06:00:00,-0.19133552433282006,121,True
1002687,121,2024-06-20 07:00:00,-0.19133552433282006,121,True
1002687,121,2024-06-20 08:00:00,-0.19133552433282006,121,True
1002687,121,2024-06-20 09:00:00,-0.19133552433282006,121,True
1002687,121,2024-06-20 10:00:00,-0.19133552433282006,121,True
1002687,121,2024-06-20 11:00:00,-0.19133552433282006,121,True
1002687,121,2024-06-20 12:00:00,-0.19133552433282006,121,True
1002687,121,2024-06-20 13:00:00,-0.19133552433282006,121,True
1002687,121,2024-06-20 14:00:00,-0.19133552433282006,121,True
1002687,121,2024-06-20 15:00:00,-0.19133552433282006,121,True
1002687,121,2024-06-20 16:00:00,-0.19133552433282006,121,True
1002687,121,2024-06-20 17:00:00,-0.19133552433282006,121,True
1002687,121,2024-06-20 18:00:00,-0.19133552433282006,121,True
1002687,121,2024-06-20 19:00:00,-0.19133552433282006,121,True
1002687,121,2024-06-20 20:00:00,-0.19133552433282006,121,True
1002687,121,2024-06-20 21:00:00,-0.19133552433282006,121,True
1002687,121,2024-06-20 22:00:00,-0.19133552433282006,121,True
1002687,121,2024-06-20 23:00:00,-0.19133552433282006,121,True
1002687,121,2024-06-21 00:00:00,-0.19133552433282006,121,True
1002687,121,2024-06-21 01:00:00,-0.19133552433282006,121,True
1002687,121,2024-06-21 02:00:00,-0.19133552433282006,121,True
1002687,121,2024-06-21 03:00:00,-0.19133552433282006,121,True
1002687,121,2024-06-21 04:00:00,-0.19133552433282006,121,True
1002687,121,2024-06-21 05:00:00,-0.19133552433282006,121,True
1002687,121,2024-06-21 06:00:00,-0.19133552433282006,121,True
1002687,121,2024-06-21 07:00:00,-0.19133552433282006,121,True
1002687,121,2024-06-21 08:00:00,-0.19133552433282006,121,True
1002687,121,2024-06-21 09:00:00,-0.19133552433282006,121,True
1002687,121,2024-06-21 10:00:00,-0.19133552433282006,121,True
1002687,121,2024-06-21 11:00:00,-0.19133552433282006,121,True
1002687,121,2024-06-21 12:00:00,-0.19133552433282006,121,True
1002687,121,2024-06-21 13:00:00,-0.19133552433282006,121,True
1002687,121,2024-06-21 14:00:00,-0.19133552433282006,121,True
1002687,121,2024-06-21 15:00:00,-0.19133552433282006,121,True
1002687,121,2024-06-21 16:00:00,-0.19133552433282006,121,True
1002687,121,2024-06-21 17:00:00,-0.19133552433282006,121,True
1002687,121,2024-06-21 18:00:00,-0.19133552433282006,121,True
1002687,121,2024-06-21 19:00:00,-0.19133552433282006,121,True
1002687,121,2024-06-21 20:00:00,-0.19133552433282006,121,True
1002687,121,2024-06-21 21:00:00,-0.19133552433282006,121,True
1002687,121,2024-06-21 22:00:00,-0.19133552433282006,121,True
1002687,121,2024-06-21 23:00:00,-0.19133552433282006,121,True
1002687,121,2024-06-22 00:00:00,-0.19133552433282006,121,True
1002687,121,2024-06-22 01:00:00,-0.19133552433282006,121,True
1002687,121,2024-06-22 02:00:00,-0.19133552433282006,121,True
1002687,121,2024-06-22 03:00:00,-0.19133552433282006,121,True
1002687,121,2024-06-22 04:00:00,-0.19133552433282006,121,True
1002687,121,2024-06-22 05:00:00,-0.19133552433282006,121,True
1002687,121,2024-06-22 06:00:00,-0.19133552433282006,121,True
1002687,121,2024-06-22 07:00:00,-0.18431806097620085,121,True
1002687,121,2024-06-22 08:00:00,-0.18431806097620085,121,True
1002687,121,2024-06-22 09:00:00,-0.18431806097620085,121,True
1002687,121,2024-06-22 10:00:00,-0.17730059761958167,121,True
1002687,121,2024-06-22 11:00:00,-0.09309103734015142,121,True
1002687,121,2024-06-22 12:00:00,-0.05098625720043629,121,True
1002687,121,2024-06-22 13:00:00,0.08234554657532828,121,True
1002687,121,2024-06-22 14:00:00,0.6367251517482442,121,True
1002687,121,2024-06-22 15:00:00,1.4226810476895932,121,True
1002687,121,2024-06-22 16:00:00,2.594597428244998,121,True
1002687,121,2024-06-22 17:00:00,3.282308837193678,121,True
1002687,121,2024-06-22 18:00:00,3.8998456125761667,121,True
1002687,121,2024-06-22 19:00:00,4.271771170476984,121,True
1002687,121,2024-06-22 20:00:00,4.285806097190222,121,True
1002687,121,2024-06-22 21:00:00,4.419137900965987,121,True
1002687,121,2024-06-22 22:00:00,4.517382387958655,121,True
1002687,121,2024-06-22 23:00:00,4.56650463145499,121,True
1002691,121,2024-06-15 00:00:00,-7.138624247385817,121,True
1002691,121,2024-06-15 01:00:00,-0.19133552433282006,121,True
1002691,121,2024-06-15 02:00:00,-0.19133552433282006,121,True
1002691,121,2024-06-15 03:00:00,-0.19133552433282006,121,True
1002691,121,2024-06-15 04:00:00,-0.19133552433282006,121,True
1002691,121,2024-06-15 05:00:00,-0.17730059761958167,121,True
1002691,121,2024-06-15 06:00:00,-0.17730059761958167,121,True
1002691,121,2024-06-15 07:00:00,-0.17730059761958167,121,True
1002691,121,2024-06-15 08:00:00,-0.17730059761958167,121,True
1002691,121,2024-06-15 09:00:00,-0.17730059761958167,121,True
1002691,121,2024-06-15 10:00:00,-0.12817835412324738,121,True
1002691,121,2024-06-15 11:00:00,-0.12116089076662817,121,True
1002691,121,2024-06-15 12:00:00,-0.12116089076662817,121,True
1002691,121,2024-06-15 13:00:00,-0.12116089076662817,121,True
1002691,121,2024-06-15 14:00:00,-0.12116089076662817,121,True
1002691,121,2024-06-15 15:00:00,0.18760749692461615,121,True
1002691,121,2024-06-15 16:00:00,0.25076466713418877,121,True
1002691,121,2024-06-15 17:00:00,0.29286944727390396,121,True
1002691,121,2024-06-15 18:00:00,0.29286944727390396,121,True
1002691,121,2024-06-15 19:00:00,0.29286944727390396,121,True
1002691,121,2024-06-15 20:00:00,0.6437426151048634,121,True
1002691,121,2024-06-15 21:00:00,0.6647950051747209,121,True
1002691,121,2024-06-15 22:00:00,0.6718124685313401,121,True
1002691,121,2024-06-15 23:00:00,0.6788299318879594,121,True
1002691,121,2024-06-16 00:00:00,0.6858473952445785,121,True
1002691,121,2024-06-16 01:00:00,-0.17730059761958167,121,True
1002691,121,2024-06-16 02:00:00,-0.17730059761958167,121,True
1002691,121,2024-06-16 03:00:00,-0.17730059761958167,121,True
1002691,121,2024-06-16 04:00:00,-0.17730059761958167,121,True
1002691,121,2024-06-16 05:00:00,-0.17730059761958167,121,True
1002691,121,2024-06-16 06:00:00,-0.17730059761958167,121,True
1002691,121,2024-06-16 07:00:00,-0.17730059761958167,121,True
1002691,121,2024-06-16 08:00:00,-0.17730059761958167,121,True
1002691,121,2024-06-16 09:00:00,-0.17730059761958167,121,True
1002691,121,2024-06-16 10:00:00,-0.17730059761958167,121,True
1002691,121,2024-06-16 11:00:00,-0.17730059761958167,121,True
1002691,121,2024-06-16 12:00:00,-0.17730059761958167,121,True
1002691,121,2024-06-16 13:00:00,-0.17730059761958167,121,True
1002691,121,2024-06-16 14:00:00,-0.17730059761958167,121,True
1002691,121,2024-06-16 15:00:00,-0.17730059761958167,121,True
1002691,121,2024-06-16 16:00:00,-0.17730059761958167,121,True
1002691,121,2024-06-16 17:00:00,-0.17730059761958167,121,True
1002691,121,2024-06-16 18:00:00,-0.17730059761958167,121,True
1002691,121,2024-06-16 19:00:00,-0.17730059761958167,121,True
1002691,121,2024-06-16 20:00:00,-0.17730059761958167,121,True
1002691,121,2024-06-16 21:00:00,-0.17730059761958167,121,True
1002691,121,2024-06-16 22:00:00,-0.17730059761958167,121,True
1002691,121,2024-06-16 23:00:00,-0.17730059761958167,121,True
1002691,121,2024-06-17 00:00:00,-0.17730059761958167,121,True
1002691,121,2024-06-17 01:00:00,-0.19133552433282006,121,True
1002691,121,2024-06-17 02:00:00,-0.19133552433282006,121,True
1002691,121,2024-06-17 03:00:00,-0.19133552433282006,121,True
1002691,121,2024-06-17 04:00:00,-0.19133552433282006,121,True
1002691,121,2024-06-17 05:00:00,-0.19133552433282006,121,True
1002691,121,2024-06-17 06:00:00,-0.19133552433282006,121,True
1002691,121,2024-06-17 07:00:00,-0.19133552433282006,121,True
1002691,121,2024-06-17 08:00:00,-0.19133552433282006,121,True
1002691,121,2024-06-17 09:00:00,-0.19133552433282006,121,True
1002691,121,2024-06-17 10:00:00,-0.19133552433282006,121,True
1002691,121,2024-06-17 11:00:00,-0.19133552433282006,121,True
1002691,121,2024-06-17 12:00:00,-0.19133552433282006,121,True
1002691,121,2024-06-17 13:00:00,-0.19133552433282006,121,True
1002691,121,2024-06-17 14:00:00,-0.19133552433282006,121,True
1002691,121,2024-06-17 15:00:00,-0.19133552433282006,121,True
1002691,121,2024-06-17 16:00:00,-0.19133552433282006,121,True
1002691,121,2024-06-17 17:00:00,-0.19133552433282006,121,True
1002691,121,2024-06-17 18:00:00,-0.19133552433282006,121,True
1002691,121,2024-06-17 19:00:00,-0.19133552433282006,121,True
1002691,121,2024-06-17 20:00:00,-0.19133552433282006,121,True
1002691,121,2024-06-17 21:00:00,-0.19133552433282006,121,True
1002691,121,2024-06-17 22:00:00,-0.19133552433282006,121,True
1002691,121,2024-06-17 23:00:00,-0.19133552433282006,121,True
1002691,121,2024-06-18 00:00:00,-0.19133552433282006,121,True
1002691,121,2024-06-18 01:00:00,-0.19133552433282006,121,True
1002691,121,2024-06-18 02:00:00,-0.19133552433282006,121,True
1002691,121,2024-06-18 03:00:00,-0.19133552433282006,121,True
1002691,121,2024-06-18 04:00:00,-0.19133552433282006,121,True
1002691,121,2024-06-18 05:00:00,-0.19133552433282006,121,True
1002691,121,2024-06-18 06:00:00,-0.19133552433282006,121,True
1002691,121,2024-06-18 07:00:00,-0.19133552433282006,121,True
1002691,121,2024-06-18 08:00:00,-0.19133552433282006,121,True
1002691,121,2024-06-18 09:00:00,-0.19133552433282006,121,True
1002691,121,2024-06-18 10:00:00,-0.19133552433282006,121,True
1002691,121,2024-06-18 11:00:00,-0.19133552433282006,121,True
1002691,121,2024-06-18 12:00:00,-0.19133552433282006,121,True
1002691,121,2024-06-18 13:00:00,-0.19133552433282006,121,True
1002691,121,2024-06-18 14:00:00,-0.19133552433282006,121,True
1002691,121,2024-06-18 15:00:00,-0.19133552433282006,121,True
1002691,121,2024-06-18 16:00:00,-0.19133552433282006,121,True
1002691,121,2024-06-18 17:00:00,-0.19133552433282006,121,True
1002691,121,2024-06-18 18:00:00,-0.19133552433282006,121,True
1002691,121,2024-06-18 19:00:00,-0.19133552433282006,121,True
1002691,121,2024-06-18 20:00:00,-0.19133552433282006,121,True
1002691,121,2024-06-18 21:00:00,-0.19133552433282006,121,True
1002691,121,2024-06-18 22:00:00,-0.19133552433282006,121,True
1002691,121,2024-06-18 23:00:00,-0.19133552433282006,121,True
1002691,121,2024-06-19 00:00:00,-0.19133552433282006,121,True
1002691,121,2024-06-19 01:00:00,-0.19133552433282006,121,True
1002691,121,2024-06-19 02:00:00,-0.19133552433282006,121,True
1002691,121,2024-06-19 03:00:00,-0.19133552433282006,121,True
1002691,121,2024-06-19 04:00:00,-0.19133552433282006,121,True
1002691,121,2024-06-19 05:00:00,-0.19133552433282006,121,True
1002691,121,2024-06-19 06:00:00,-0.19133552433282006,121,True
1002691,121,2024-06-19 07:00:00,-0.19133552433282006,121,True
1002691,121,2024-06-19 08:00:00,-0.19133552433282006,121,True
1002691,121,2024-06-19 09:00:00,-0.19133552433282006,121,True
1002691,121,2024-06-19 10:00:00,-0.19133552433282006,121,True
1002691,121,2024-06-19 11:00:00,-0.19133552433282006,121,True
1002691,121,2024-06-19 12:00:00,-0.19133552433282006,121,True
1002691,121,2024-06-19 13:00:00,-0.19133552433282006,121,True
1002691,121,2024-06-19 14:00:00,-0.19133552433282006,121,True
1002691,121,2024-06-19 15:00:00,-0.19133552433282006,121,True
1002691,121,2024-06-19 16:00:00,-0.19133552433282006,121,True
1002691,121,2024-06-19 17:00:00,-0.19133552433282006,121,True
1002691,121,2024-06-19 18:00:00,-0.19133552433282006,121,True
1002691,121,2024-06-19 19:00:00,-0.19133552433282006,121,True
1002691,121,2024-06-19 20:00:00,-0.19133552433282006,121,True
1002691,121,2024-06-19 21:00:00,-0.19133552433282006,121,True
1002691,121,2024-06-19 22:00:00,-0.19133552433282006,121,True
1002691,121,2024-06-19 23:00:00,-0.19133552433282006,121,True
1002691,121,2024-06-20 00:00:00,-0.19133552433282006,121,True
1002691,121,2024-06-20 01:00:00,-0.19133552433282006,121,True
1002691,121,2024-06-20 02:00:00,-0.19133552433282006,121,True
1002691,121,2024-06-20 03:00:00,-0.19133552433282006,121,True
1002691,121,2024-06-20 04:00:00,-0.19133552433282006,121,True
1002691,121,2024-06-20 05:00:00,-0.19133552433282006,121,True
1002691,121,2024-06-20 06:00:00,-0.19133552433282006,121,True
1002691,121,2024-06-20 07:00:00,-0.19133552433282006,121,True
1002691,121,2024-06-20 08:00:00,-0.19133552433282006,121,True
1002691,121,2024-06-20 09:00:00,-0.19133552433282006,121,True
1002691,121,2024-06-20 10:00:00,-0.19133552433282006,121,True
1002691,121,2024-06-20 11:00:00,-0.19133552433282006,121,True
1002691,121,2024-06-20 12:00:00,-0.19133552433282006,121,True
1002691,121,2024-06-20 13:00:00,-0.19133552433282006,121,True
1002691,121,2024-06-20 14:00:00,-0.19133552433282006,121,True
1002691,121,2024-06-20 15:00:00,-0.19133552433282006,121,True
1002691,121,2024-06-20 16:00:00,-0.19133552433282006,121,True
1002691,121,2024-06-20 17:00:00,-0.19133552433282006,121,True
1002691,121,2024-06-20 18:00:00,-0.19133552433282006,121,True
1002691,121,2024-06-20 19:00:00,-0.19133552433282006,121,True
1002691,121,2024-06-20 20:00:00,-0.19133552433282006,121,True
1002691,121,2024-06-20 21:00:00,-0.19133552433282006,121,True
1002691,121,2024-06-20 22:00:00,-0.19133552433282006,121,True
1002691,121,2024-06-20 23:00:00,-0.19133552433282006,121,True
1002691,121,2024-06-21 00:00:00,-0.19133552433282006,121,True
1002691,121,2024-06-21 01:00:00,-0.19133552433282006,121,True
1002691,121,2024-06-21 02:00:00,-0.19133552433282006,121,True
1002691,121,2024-06-21 03:00:00,-0.19133552433282006,121,True
1002691,121,2024-06-21 04:00:00,-0.19133552433282006,121,True
1002691,121,2024-06-21 05:00:00,-0.19133552433282006,121,True
1002691,121,2024-06-21 06:00:00,-0.19133552433282006,121,True
1002691,121,2024-06-21 07:00:00,-0.19133552433282006,121,True
1002691,121,2024-06-21 08:00:00,-0.19133552433282006,121,True
1002691,121,2024-06-21 09:00:00,-0.19133552433282006,121,True
1002691,121,2024-06-21 10:00:00,-0.19133552433282006,121,True
1002691,121,2024-06-21 11:00:00,-0.19133552433282006,121,True
1002691,121,2024-06-21 12:00:00,-0.19133552433282006,121,True
1002691,121,2024-06-21 13:00:00,-0.19133552433282006,121,True
1002691,121,2024-06-21 14:00:00,-0.19133552433282006,121,True
1002691,121,2024-06-21 15:00:00,-0.19133552433282006,121,True
1002691,121,2024-06-21 16:00:00,-0.19133552433282006,121,True
1002691,121,2024-06-21 17:00:00,-0.19133552433282006,121,True
1002691,121,2024-06-21 18:00:00,-0.19133552433282006,121,True
1002691,121,2024-06-21 19:00:00,-0.19133552433282006,121,True
1002691,121,2024-06-21 20:00:00,-0.19133552433282006,121,True
1002691,121,2024-06-21 21:00:00,-0.19133552433282006,121,True
1002691,121,2024-06-21 22:00:00,-0.19133552433282006,121,True
1002691,121,2024-06-21 23:00:00,-0.19133552433282006,121,True
1002691,121,2024-06-22 00:00:00,-0.19133552433282006,121,True
1002691,121,2024-06-22 01:00:00,-0.19133552433282006,121,True
1002691,121,2024-06-22 02:00:00,-0.19133552433282006,121,True
1002691,121,2024-06-22 03:00:00,-0.19133552433282006,121,True
1002691,121,2024-06-22 04:00:00,-0.19133552433282006,121,True
1002691,121,2024-06-22 05:00:00,-0.19133552433282006,121,True
1002691,121,2024-06-22 06:00:00,-0.19133552433282006,121,True
1002691,121,2024-06-22 07:00:00,-0.18431806097620085,121,True
1002691,121,2024-06-22 08:00:00,-0.18431806097620085,121,True
1002691,121,2024-06-22 09:00:00,-0.18431806097620085,121,True
1002691,121,2024-06-22 10:00:00,-0.17730059761958167,121,True
1002691,121,2024-06-22 11:00:00,-0.09309103734015142,121,True
1002691,121,2024-06-22 12:00:00,-0.05098625720043629,121,True
1002691,121,2024-06-22 13:00:00,0.08234554657532828,121,True
1002691,121,2024-06-22 14:00:00,0.6367251517482442,121,True
1002691,121,2024-06-22 15:00:00,1.4226810476895932,121,True
1002691,121,2024-06-22 16:00:00,2.594597428244998,121,True
1002691,121,2024-06-22 17:00:00,3.282308837193678,121,True
1002691,121,2024-06-22 18:00:00,3.8998456125761667,121,True
1002691,121,2024-06-22 19:00:00,4.271771170476984,121,True
1002691,121,2024-06-22 20:00:00,4.285806097190222,121,True
1002691,121,2024-06-22 21:00:00,4.419137900965987,121,True
1002691,121,2024-06-22 22:00:00,4.517382387958655,121,True
1002691,121,2024-06-22 23:00:00,4.56650463145499,121,True
