obscd_wl,korObs_wl,region_wl,lat_wl,lon_wl,rank,stn_id_aws,stn_ko_aws,lat_aws,lon_aws,addr_aws,distance_km,weight_exp,reliability
1001602,평창군(송정교),한강,37.624167,128.551111,1,560,진부,37.64794,128.56447,(산지)강원특별자치도 평창군 진부면,2.89,0.749,A_매우신뢰
1001602,평창군(송정교),한강,37.624167,128.551111,2,318,평창용산,37.65328,128.68208,(산지)강원특별자치도 평창군 대관령면 용산리,11.98,0.3018,C_보통
1001602,평창군(송정교),한강,37.624167,128.551111,3,597,대화,37.54548,128.44108,강원특별자치도 평창군 대화면 신리,13.06,0.2709,C_보통
1001603,태백시(무사교),한강,37.315,128.994444,1,696,신기,37.34661,129.08614,(산지)강원특별자치도 삼척시 신기면 신기리,8.84,0.4131,B_신뢰
1001603,태백시(무사교),한강,37.315,128.994444,2,579,하장,37.36684,128.9133,(산지)강원특별자치도 삼척시 하장면 장전리,9.2,0.3985,B_신뢰
1001603,태백시(무사교),한강,37.315,128.994444,3,878,도계,37.22379,129.09609,(산지)강원특별자치도 삼척시 도계읍 황조리,13.56,0.2577,C_보통
1001605,송천1교,한강,37.668056,128.709722,1,100,대관령,37.67713,128.71834,(산지)강원특별자치도 평창군 대관령면 횡계리,1.26,0.8816,A_매우신뢰
1001605,송천1교,한강,37.668056,128.709722,2,318,평창용산,37.65328,128.68208,(산지)강원특별자치도 평창군 대관령면 용산리,2.94,0.7453,A_매우신뢰
1001605,송천1교,한강,37.668056,128.709722,3,679,강릉왕산,37.61045,128.77297,(산지)강원특별자치도 강릉시 왕산면 대기리,8.49,0.4278,B_신뢰
1001607,삼척시(번천교),한강,37.364444,128.996389,1,579,하장,37.36684,128.9133,(산지)강원특별자치도 삼척시 하장면 장전리,7.35,0.4795,B_신뢰
1001607,삼척시(번천교),한강,37.364444,128.996389,2,696,신기,37.34661,129.08614,(산지)강원특별자치도 삼척시 신기면 신기리,8.18,0.4413,B_신뢰
1001607,삼척시(번천교),한강,37.364444,128.996389,3,677,달방댐,37.51728,129.0213,(산지)강원특별자치도 동해시 신흥동,17.14,0.1801,D_주의
1001610,삼척시(광동댐),한강,37.343611,128.947222,1,579,하장,37.36684,128.9133,(산지)강원특별자치도 삼척시 하장면 장전리,3.96,0.673,A_매우신뢰
1001610,삼척시(광동댐),한강,37.343611,128.947222,2,696,신기,37.34661,129.08614,(산지)강원특별자치도 삼척시 신기면 신기리,12.28,0.2929,C_보통
1001610,삼척시(광동댐),한강,37.343611,128.947222,3,674,사북,37.21963,128.82141,(산지)강원특별자치도 정선군 사북읍 사북리,17.72,0.17,D_주의
1001613,삼척시(광동교),한강,37.358611,128.948889,1,579,하장,37.36684,128.9133,(산지)강원특별자치도 삼척시 하장면 장전리,3.28,0.7204,A_매우신뢰
1001613,삼척시(광동교),한강,37.358611,128.948889,2,696,신기,37.34661,129.08614,(산지)강원특별자치도 삼척시 신기면 신기리,12.2,0.2952,C_보통
1001613,삼척시(광동교),한강,37.358611,128.948889,3,537,임계,37.48323,128.84589,(산지)강원특별자치도 정선군 임계면 봉산리,16.58,0.1905,D_주의
1001615,삼척시(갈밭교),한강,37.371667,128.913889,1,579,하장,37.36684,128.9133,(산지)강원특별자치도 삼척시 하장면 장전리,0.54,0.9474,A_매우신뢰
1001615,삼척시(갈밭교),한강,37.371667,128.913889,2,537,임계,37.48323,128.84589,(산지)강원특별자치도 정선군 임계면 봉산리,13.78,0.2521,C_보통
1001615,삼척시(갈밭교),한강,37.371667,128.913889,3,696,신기,37.34661,129.08614,(산지)강원특별자치도 삼척시 신기면 신기리,15.48,0.2127,D_주의
1001620,정선군(송계교),한강,37.494167,128.849167,1,537,임계,37.48323,128.84589,(산지)강원특별자치도 정선군 임계면 봉산리,1.25,0.8825,A_매우신뢰
1001620,정선군(송계교),한강,37.494167,128.849167,2,497,삽당령,37.57516,128.85147,(산지)강원특별자치도 강릉시 왕산면 송현리,9.01,0.4062,B_신뢰
1001620,정선군(송계교),한강,37.494167,128.849167,3,679,강릉왕산,37.61045,128.77297,(산지)강원특별자치도 강릉시 왕산면 대기리,14.57,0.2329,C_보통
1001622,정선군(혈천교),한강,37.464722,128.846944,1,537,임계,37.48323,128.84589,(산지)강원특별자치도 정선군 임계면 봉산리,2.06,0.8138,A_매우신뢰
1001622,정선군(혈천교),한강,37.464722,128.846944,2,497,삽당령,37.57516,128.85147,(산지)강원특별자치도 강릉시 왕산면 송현리,12.29,0.2926,C_보통
1001622,정선군(혈천교),한강,37.464722,128.846944,3,579,하장,37.36684,128.9133,(산지)강원특별자치도 삼척시 하장면 장전리,12.36,0.2905,C_보통
1001623,정선군(오장2교),한강,37.531389,128.737778,1,563,북평,37.46356,128.6828,강원특별자치도 정선군 북평면 장열리,8.97,0.4078,B_신뢰
1001623,정선군(오장2교),한강,37.531389,128.737778,2,679,강릉왕산,37.61045,128.77297,(산지)강원특별자치도 강릉시 왕산면 대기리,9.32,0.3938,B_신뢰
1001623,정선군(오장2교),한강,37.531389,128.737778,3,537,임계,37.48323,128.84589,(산지)강원특별자치도 정선군 임계면 봉산리,10.94,0.3349,C_보통
1001625,정선군(송천교),한강,37.485556,128.718611,1,563,북평,37.46356,128.6828,강원특별자치도 정선군 북평면 장열리,4.0,0.6703,A_매우신뢰
1001625,정선군(송천교),한강,37.485556,128.718611,2,537,임계,37.48323,128.84589,(산지)강원특별자치도 정선군 임계면 봉산리,11.23,0.3253,C_보통
1001625,정선군(송천교),한강,37.485556,128.718611,3,217,정선군,37.37732,128.67348,강원특별자치도 정선군 정선읍 애산리,12.68,0.2814,C_보통
1001626,정선군(제1여량교),한강,37.473333,128.729167,1,563,북평,37.46356,128.6828,강원특별자치도 정선군 북평면 장열리,4.23,0.6551,A_매우신뢰
1001626,정선군(제1여량교),한강,37.473333,128.729167,2,537,임계,37.48323,128.84589,(산지)강원특별자치도 정선군 임계면 봉산리,10.36,0.3549,C_보통
1001626,정선군(제1여량교),한강,37.473333,128.729167,3,217,정선군,37.37732,128.67348,강원특별자치도 정선군 정선읍 애산리,11.75,0.3088,C_보통
1001629,정선군(남평대교),한강,37.438889,128.653056,1,563,북평,37.46356,128.6828,강원특별자치도 정선군 북평면 장열리,3.8,0.6839,A_매우신뢰
1001629,정선군(남평대교),한강,37.438889,128.653056,2,217,정선군,37.37732,128.67348,강원특별자치도 정선군 정선읍 애산리,7.08,0.4926,B_신뢰
1001629,정선군(남평대교),한강,37.438889,128.653056,3,537,임계,37.48323,128.84589,(산지)강원특별자치도 정선군 임계면 봉산리,17.72,0.17,D_주의
1001630,정선군(나전교),한강,37.438611,128.649722,1,563,북평,37.46356,128.6828,강원특별자치도 정선군 북평면 장열리,4.03,0.6683,A_매우신뢰
1001630,정선군(나전교),한강,37.438611,128.649722,2,217,정선군,37.37732,128.67348,강원특별자치도 정선군 정선읍 애산리,7.13,0.4902,B_신뢰
1001630,정선군(나전교),한강,37.438611,128.649722,3,537,임계,37.48323,128.84589,(산지)강원특별자치도 정선군 임계면 봉산리,18.01,0.1651,D_주의
1001640,정선3,한강,37.4,128.666667,1,217,정선군,37.37732,128.67348,강원특별자치도 정선군 정선읍 애산리,2.59,0.7718,A_매우신뢰
1001640,정선3,한강,37.4,128.666667,2,563,북평,37.46356,128.6828,강원특별자치도 정선군 북평면 장열리,7.21,0.4863,B_신뢰
1001640,정선3,한강,37.4,128.666667,3,537,임계,37.48323,128.84589,(산지)강원특별자치도 정선군 임계면 봉산리,18.33,0.1599,D_주의
1001641,정선군(각희교),한강,37.308333,128.814444,1,674,사북,37.21963,128.82141,(산지)강원특별자치도 정선군 사북읍 사북리,9.88,0.3723,B_신뢰
1001641,정선군(각희교),한강,37.308333,128.814444,2,579,하장,37.36684,128.9133,(산지)강원특별자치도 삼척시 하장면 장전리,10.9,0.3362,C_보통
1001641,정선군(각희교),한강,37.308333,128.814444,3,217,정선군,37.37732,128.67348,강원특별자치도 정선군 정선읍 애산리,14.63,0.2315,C_보통
1001645,정선군(와평교),한강,37.366111,128.684167,1,217,정선군,37.37732,128.67348,강원특별자치도 정선군 정선읍 애산리,1.56,0.8556,A_매우신뢰
1001645,정선군(와평교),한강,37.366111,128.684167,2,563,북평,37.46356,128.6828,강원특별자치도 정선군 북평면 장열리,10.84,0.3382,C_보통
1001645,정선군(와평교),한강,37.366111,128.684167,3,527,신동,37.21108,128.64126,강원특별자치도 정선군 신동읍 예미리,17.65,0.1712,D_주의
1001647,정선1,한강,37.366667,128.683333,1,217,정선군,37.37732,128.67348,강원특별자치도 정선군 정선읍 애산리,1.47,0.8633,A_매우신뢰
1001647,정선1,한강,37.366667,128.683333,2,563,북평,37.46356,128.6828,강원특별자치도 정선군 북평면 장열리,10.77,0.3406,C_보통
1001647,정선1,한강,37.366667,128.683333,3,527,신동,37.21108,128.64126,강원특별자치도 정선군 신동읍 예미리,17.7,0.1703,D_주의
1001649,정선군(애산교),한강,37.373333,128.670833,1,217,정선군,37.37732,128.67348,강원특별자치도 정선군 정선읍 애산리,0.5,0.9512,A_매우신뢰
1001649,정선군(애산교),한강,37.373333,128.670833,2,563,북평,37.46356,128.6828,강원특별자치도 정선군 북평면 장열리,10.09,0.3646,C_보통
1001649,정선군(애산교),한강,37.373333,128.670833,3,527,신동,37.21108,128.64126,강원특별자치도 정선군 신동읍 예미리,18.23,0.1615,D_주의
1001650,정선군(삼거리교),한강,37.253889,128.778333,1,674,사북,37.21963,128.82141,(산지)강원특별자치도 정선군 사북읍 사북리,5.39,0.5833,B_신뢰
1001650,정선군(삼거리교),한강,37.253889,128.778333,2,527,신동,37.21108,128.64126,강원특별자치도 정선군 신동읍 예미리,13.04,0.2714,C_보통
1001650,정선군(삼거리교),한강,37.253889,128.778333,3,581,상동,37.11663,128.77441,강원특별자치도 영월군 상동읍 내덕리,15.27,0.2172,D_주의
1001655,정선군(정선제1교),한강,37.378333,128.657222,1,217,정선군,37.37732,128.67348,강원특별자치도 정선군 정선읍 애산리,1.44,0.8659,A_매우신뢰
1001655,정선군(정선제1교),한강,37.378333,128.657222,2,563,북평,37.46356,128.6828,강원특별자치도 정선군 북평면 장열리,9.74,0.3776,B_신뢰
1001655,정선군(정선제1교),한강,37.378333,128.657222,3,527,신동,37.21108,128.64126,강원특별자치도 정선군 신동읍 예미리,18.65,0.1549,D_주의
1001658,정선군(광하교),한강,37.369722,128.618889,1,217,정선군,37.37732,128.67348,강원특별자치도 정선군 정선읍 애산리,4.9,0.6126,A_매우신뢰
1001658,정선군(광하교),한강,37.369722,128.618889,2,563,북평,37.46356,128.6828,강원특별자치도 정선군 북평면 장열리,11.86,0.3054,C_보통
1001658,정선군(광하교),한강,37.369722,128.618889,3,527,신동,37.21108,128.64126,강원특별자치도 정선군 신동읍 예미리,17.75,0.1695,D_주의
1001660,정선군(낙동교),한강,37.318889,128.693611,1,217,정선군,37.37732,128.67348,강원특별자치도 정선군 정선읍 애산리,6.74,0.5097,B_신뢰
1001660,정선군(낙동교),한강,37.318889,128.693611,2,527,신동,37.21108,128.64126,강원특별자치도 정선군 신동읍 예미리,12.85,0.2767,C_보통
1001660,정선군(낙동교),한강,37.318889,128.693611,3,674,사북,37.21963,128.82141,(산지)강원특별자치도 정선군 사북읍 사북리,15.8,0.206,D_주의
1001661,정선군(광탄교),한강,37.317778,128.665556,1,217,정선군,37.37732,128.67348,강원특별자치도 정선군 정선읍 애산리,6.66,0.5138,B_신뢰
1001661,정선군(광탄교),한강,37.317778,128.665556,2,527,신동,37.21108,128.64126,강원특별자치도 정선군 신동읍 예미리,12.06,0.2994,C_보통
1001661,정선군(광탄교),한강,37.317778,128.665556,3,563,북평,37.46356,128.6828,강원특별자치도 정선군 북평면 장열리,16.28,0.1963,D_주의
1001665,평창군(마하교),한강,37.293056,128.544722,1,527,신동,37.21108,128.64126,강원특별자치도 정선군 신동읍 예미리,12.49,0.2868,C_보통
1001665,평창군(마하교),한강,37.293056,128.544722,2,121,영월,37.18126,128.45743,강원특별자치도 영월군 영월읍 하송리,14.64,0.2313,C_보통
1001665,평창군(마하교),한강,37.293056,128.544722,3,217,정선군,37.37732,128.67348,강원특별자치도 정선군 정선읍 애산리,14.74,0.229,C_보통
1001670,영월군(거운교),한강,37.234722,128.512222,1,121,영월,37.18126,128.45743,강원특별자치도 영월군 영월읍 하송리,7.67,0.4644,B_신뢰
1001670,영월군(거운교),한강,37.234722,128.512222,2,527,신동,37.21108,128.64126,강원특별자치도 정선군 신동읍 예미리,11.72,0.3097,C_보통
1001670,영월군(거운교),한강,37.234722,128.512222,3,638,영춘,37.07778,128.49361,충청북도 단양군 영춘면 하리,17.53,0.1733,D_주의
1001680,영월2,한강,37.216667,128.510833,1,121,영월,37.18126,128.45743,강원특별자치도 영월군 영월읍 하송리,6.15,0.5406,B_신뢰
1001680,영월2,한강,37.216667,128.510833,2,527,신동,37.21108,128.64126,강원특별자치도 정선군 신동읍 예미리,11.57,0.3144,C_보통
1001680,영월2,한강,37.216667,128.510833,3,638,영춘,37.07778,128.49361,충청북도 단양군 영춘면 하리,15.52,0.2118,D_주의
1001683,영월군(삼옥교),한강,37.207222,128.510278,1,121,영월,37.18126,128.45743,강원특별자치도 영월군 영월읍 하송리,5.5,0.5769,B_신뢰
1001683,영월군(삼옥교),한강,37.207222,128.510278,2,527,신동,37.21108,128.64126,강원특별자치도 정선군 신동읍 예미리,11.61,0.3132,C_보통
1001683,영월군(삼옥교),한강,37.207222,128.510278,3,638,영춘,37.07778,128.49361,충청북도 단양군 영춘면 하리,14.47,0.2353,C_보통
1001690,영월군(영월대교),한강,37.181944,128.475278,1,121,영월,37.18126,128.45743,강원특별자치도 영월군 영월읍 하송리,1.58,0.8538,A_매우신뢰
1001690,영월군(영월대교),한강,37.181944,128.475278,2,638,영춘,37.07778,128.49361,충청북도 단양군 영춘면 하리,11.7,0.3104,C_보통
1001690,영월군(영월대교),한강,37.181944,128.475278,3,527,신동,37.21108,128.64126,강원특별자치도 정선군 신동읍 예미리,15.05,0.222,D_주의
1001695,영월군(신촌교),한강,37.182222,128.539444,1,121,영월,37.18126,128.45743,강원특별자치도 영월군 영월읍 하송리,7.27,0.4834,B_신뢰
1001695,영월군(신촌교),한강,37.182222,128.539444,2,527,신동,37.21108,128.64126,강원특별자치도 정선군 신동읍 예미리,9.57,0.384,B_신뢰
1001695,영월군(신촌교),한강,37.182222,128.539444,3,638,영춘,37.07778,128.49361,충청북도 단양군 영춘면 하리,12.3,0.2923,C_보통
1002605,평창군(이목정교),한강,37.621389,128.471944,1,525,봉평,37.61234,128.37725,강원특별자치도 평창군 봉평면 창동리,8.4,0.4317,B_신뢰
1002605,평창군(이목정교),한강,37.621389,128.471944,2,560,진부,37.64794,128.56447,(산지)강원특별자치도 평창군 진부면,8.67,0.4202,B_신뢰
1002605,평창군(이목정교),한강,37.621389,128.471944,3,597,대화,37.54548,128.44108,강원특별자치도 평창군 대화면 신리,8.87,0.4119,B_신뢰
1002610,평창군(장평교),한강,37.586389,128.412778,1,660,면온,37.56197,128.37762,강원특별자치도 평창군 봉평면 면온리,4.12,0.6623,A_매우신뢰
1002610,평창군(장평교),한강,37.586389,128.412778,2,525,봉평,37.61234,128.37725,강원특별자치도 평창군 봉평면 창동리,4.26,0.6531,A_매우신뢰
1002610,평창군(장평교),한강,37.586389,128.412778,3,597,대화,37.54548,128.44108,강원특별자치도 평창군 대화면 신리,5.19,0.5951,B_신뢰
1002615,평창군(진전교),한강,37.586111,128.391389,1,660,면온,37.56197,128.37762,강원특별자치도 평창군 봉평면 면온리,2.95,0.7445,A_매우신뢰
1002615,평창군(진전교),한강,37.586111,128.391389,2,525,봉평,37.61234,128.37725,강원특별자치도 평창군 봉평면 창동리,3.17,0.7283,A_매우신뢰
1002615,평창군(진전교),한강,37.586111,128.391389,3,597,대화,37.54548,128.44108,강원특별자치도 평창군 대화면 신리,6.29,0.5331,B_신뢰
1002625,평창군(선애교),한강,37.474444,128.41,1,597,대화,37.54548,128.44108,강원특별자치도 평창군 대화면 신리,8.36,0.4334,B_신뢰
1002625,평창군(선애교),한강,37.474444,128.41,2,660,면온,37.56197,128.37762,강원특별자치도 평창군 봉평면 면온리,10.14,0.3628,C_보통
1002625,평창군(선애교),한강,37.474444,128.41,3,526,평창,37.37748,128.39469,강원특별자치도 평창군 평창읍 여만리,10.87,0.3372,C_보통
1002626,평창군(바이오교),한강,37.529167,128.451389,1,597,대화,37.54548,128.44108,강원특별자치도 평창군 대화면 신리,2.03,0.8163,A_매우신뢰
1002626,평창군(바이오교),한강,37.529167,128.451389,2,660,면온,37.56197,128.37762,강원특별자치도 평창군 봉평면 면온리,7.46,0.4743,B_신뢰
1002626,평창군(바이오교),한강,37.529167,128.451389,3,525,봉평,37.61234,128.37725,강원특별자치도 평창군 봉평면 창동리,11.32,0.3224,C_보통
1002630,대화,한강,37.450833,128.420833,1,526,평창,37.37748,128.39469,강원특별자치도 평창군 평창읍 여만리,8.48,0.4283,B_신뢰
1002630,대화,한강,37.450833,128.420833,2,597,대화,37.54548,128.44108,강원특별자치도 평창군 대화면 신리,10.67,0.344,C_보통
1002630,대화,한강,37.450833,128.420833,3,660,면온,37.56197,128.37762,강원특별자치도 평창군 봉평면 면온리,12.93,0.2744,C_보통
1002635,평창군(사초교),한강,37.455278,128.439722,1,526,평창,37.37748,128.39469,강원특별자치도 평창군 평창읍 여만리,9.52,0.386,B_신뢰
1002635,평창군(사초교),한강,37.455278,128.439722,2,597,대화,37.54548,128.44108,강원특별자치도 평창군 대화면 신리,10.03,0.3668,C_보통
1002635,평창군(사초교),한강,37.455278,128.439722,3,660,면온,37.56197,128.37762,강원특별자치도 평창군 봉평면 면온리,13.07,0.2706,C_보통
1002636,평창군(하방림교),한강,37.430833,128.373611,1,526,평창,37.37748,128.39469,강원특별자치도 평창군 평창읍 여만리,6.22,0.5369,B_신뢰
1002636,평창군(하방림교),한강,37.430833,128.373611,2,597,대화,37.54548,128.44108,강원특별자치도 평창군 대화면 신리,14.07,0.2449,C_보통
1002636,평창군(하방림교),한강,37.430833,128.373611,3,660,면온,37.56197,128.37762,강원특별자치도 평창군 봉평면 면온리,14.59,0.2325,C_보통
1002640,평창군(상방림교),한강,37.431389,128.417222,1,526,평창,37.37748,128.39469,강원특별자치도 평창군 평창읍 여만리,6.32,0.5315,B_신뢰
1002640,평창군(상방림교),한강,37.431389,128.417222,2,597,대화,37.54548,128.44108,강원특별자치도 평창군 대화면 신리,12.86,0.2764,C_보통
1002640,평창군(상방림교),한강,37.431389,128.417222,3,660,면온,37.56197,128.37762,강원특별자치도 평창군 봉평면 면온리,14.93,0.2247,C_보통
1002650,평창군(평창교),한강,37.367778,128.406111,1,526,평창,37.37748,128.39469,강원특별자치도 평창군 평창읍 여만리,1.48,0.8624,A_매우신뢰
1002650,평창군(평창교),한강,37.367778,128.406111,2,597,대화,37.54548,128.44108,강원특별자치도 평창군 대화면 신리,20.0,0.1353,D_주의
1002650,평창군(평창교),한강,37.367778,128.406111,3,121,영월,37.18126,128.45743,강원특별자치도 영월군 영월읍 하송리,21.23,0.1197,E_부적합
1002655,영월군(판운교),한강,37.296667,128.343889,1,526,평창,37.37748,128.39469,강원특별자치도 평창군 평창읍 여만리,10.05,0.366,C_보통
1002655,영월군(판운교),한강,37.296667,128.343889,2,121,영월,37.18126,128.45743,강원특별자치도 영월군 영월읍 하송리,16.3,0.1959,D_주의
1002655,영월군(판운교),한강,37.296667,128.343889,3,221,제천,37.15928,128.19433,충청북도 제천시 신월동,20.22,0.1324,E_부적합
1002670,횡성군(둔방내리),한강,37.514722,128.215556,1,583,안흥,37.46463,128.1551,강원특별자치도 횡성군 안흥면 소사리,7.71,0.4626,B_신뢰
1002670,횡성군(둔방내리),한강,37.514722,128.215556,2,561,청일,37.58219,128.15275,강원특별자치도 횡성군 청일면 유동리,9.32,0.3938,B_신뢰
1002670,횡성군(둔방내리),한강,37.514722,128.215556,3,660,면온,37.56197,128.37762,강원특별자치도 평창군 봉평면 면온리,15.22,0.2183,D_주의
1002675,횡성군(안흥교),한강,37.412222,128.155,1,583,안흥,37.46463,128.1551,강원특별자치도 횡성군 안흥면 소사리,5.83,0.5582,B_신뢰
1002675,횡성군(안흥교),한강,37.412222,128.155,2,591,치악산,37.41554,128.05047,강원특별자치도 원주시 소초면 학곡리,9.24,0.3969,B_신뢰
1002675,횡성군(안흥교),한강,37.412222,128.155,3,536,횡성,37.4876,127.97242,강원특별자치도 횡성군 횡성읍 읍하리,18.17,0.1625,D_주의
1002680,영월군(두학교),한강,37.296389,128.1925,1,582,신림,37.23146,128.07993,강원특별자치도 원주시 신림면 신림리,12.3,0.2923,C_보통
1002680,영월군(두학교),한강,37.296389,128.1925,2,221,제천,37.15928,128.19433,충청북도 제천시 신월동,15.25,0.2176,D_주의
1002680,영월군(두학교),한강,37.296389,128.1925,3,591,치악산,37.41554,128.05047,강원특별자치도 원주시 소초면 학곡리,18.25,0.1612,D_주의
1002685,영월군(주천교),한강,37.2675,128.265833,1,221,제천,37.15928,128.19433,충청북도 제천시 신월동,13.6,0.2567,C_보통
1002685,영월군(주천교),한강,37.2675,128.265833,2,526,평창,37.37748,128.39469,강원특별자치도 평창군 평창읍 여만리,16.71,0.1881,D_주의
1002685,영월군(주천교),한강,37.2675,128.265833,3,582,신림,37.23146,128.07993,강원특별자치도 원주시 신림면 신림리,16.94,0.1838,D_주의
1002687,영월군(신천교),한강,37.229722,128.331667,1,121,영월,37.18126,128.45743,강원특별자치도 영월군 영월읍 하송리,12.37,0.2903,C_보통
1002687,영월군(신천교),한강,37.229722,128.331667,2,221,제천,37.15928,128.19433,충청북도 제천시 신월동,14.47,0.2353,C_보통
1002687,영월군(신천교),한강,37.229722,128.331667,3,526,평창,37.37748,128.39469,강원특별자치도 평창군 평창읍 여만리,17.35,0.1764,D_주의
1002690,후포,한강,37.216667,128.316667,1,221,제천,37.15928,128.19433,충청북도 제천시 신월동,12.58,0.2842,C_보통
1002690,후포,한강,37.216667,128.316667,2,121,영월,37.18126,128.45743,강원특별자치도 영월군 영월읍 하송리,13.07,0.2706,C_보통
1002690,후포,한강,37.216667,128.316667,3,526,평창,37.37748,128.39469,강원특별자치도 평창군 평창읍 여만리,19.17,0.147,D_주의
1002691,영월군(화병교),한강,37.215278,128.374722,1,121,영월,37.18126,128.45743,강원특별자치도 영월군 영월읍 하송리,8.24,0.4387,B_신뢰
1002691,영월군(화병교),한강,37.215278,128.374722,2,221,제천,37.15928,128.19433,충청북도 제천시 신월동,17.15,0.18,D_주의
1002691,영월군(화병교),한강,37.215278,128.374722,3,526,평창,37.37748,128.39469,강원특별자치도 평창군 평창읍 여만리,18.12,0.1633,D_주의
1002693,영월군(농공단지교),한강,37.224444,128.4225,1,121,영월,37.18126,128.45743,강원특별자치도 영월군 영월읍 하송리,5.71,0.565,B_신뢰
1002693,영월군(농공단지교),한강,37.224444,128.4225,2,526,평창,37.37748,128.39469,강원특별자치도 평창군 평창읍 여만리,17.19,0.1792,D_주의
1002693,영월군(농공단지교),한강,37.224444,128.4225,3,638,영춘,37.07778,128.49361,충청북도 단양군 영춘면 하리,17.48,0.1741,D_주의
1002694,영월군(연당교),한강,37.196667,128.4025,1,121,영월,37.18126,128.45743,강원특별자치도 영월군 영월읍 하송리,5.16,0.5969,B_신뢰
1002694,영월군(연당교),한강,37.196667,128.4025,2,638,영춘,37.07778,128.49361,충청북도 단양군 영춘면 하리,15.49,0.2125,D_주의
1002694,영월군(연당교),한강,37.196667,128.4025,3,221,제천,37.15928,128.19433,충청북도 제천시 신월동,18.91,0.1509,D_주의
1002695,영월군(북쌍리),한강,37.194167,128.409167,1,121,영월,37.18126,128.45743,강원특별자치도 영월군 영월읍 하송리,4.51,0.637,A_매우신뢰
1002695,영월군(북쌍리),한강,37.194167,128.409167,2,638,영춘,37.07778,128.49361,충청북도 단양군 영춘면 하리,14.95,0.2242,C_보통
1002695,영월군(북쌍리),한강,37.194167,128.409167,3,221,제천,37.15928,128.19433,충청북도 제천시 신월동,19.43,0.1433,D_주의
1002698,영월군(팔괴교),한강,37.171944,128.455278,1,121,영월,37.18126,128.45743,강원특별자치도 영월군 영월읍 하송리,1.05,0.9003,A_매우신뢰
1002698,영월군(팔괴교),한강,37.171944,128.455278,2,638,영춘,37.07778,128.49361,충청북도 단양군 영춘면 하리,11.01,0.3325,C_보통
1002698,영월군(팔괴교),한강,37.171944,128.455278,3,527,신동,37.21108,128.64126,강원특별자치도 정선군 신동읍 예미리,17.04,0.182,D_주의
1003601,영월군(주채교),한강,37.120556,128.784167,1,581,상동,37.11663,128.77441,강원특별자치도 영월군 상동읍 내덕리,0.97,0.9076,A_매우신뢰
1003601,영월군(주채교),한강,37.120556,128.784167,2,674,사북,37.21963,128.82141,(산지)강원특별자치도 정선군 사북읍 사북리,11.5,0.3166,C_보통
1003601,영월군(주채교),한강,37.120556,128.784167,3,527,신동,37.21108,128.64126,강원특별자치도 정선군 신동읍 예미리,16.18,0.1983,D_주의
1003603,영월군(내리2교),한강,37.106944,128.675278,1,581,상동,37.11663,128.77441,강원특별자치도 영월군 상동읍 내덕리,8.86,0.4123,B_신뢰
1003603,영월군(내리2교),한강,37.106944,128.675278,2,527,신동,37.21108,128.64126,강원특별자치도 정선군 신동읍 예미리,11.97,0.3021,C_보통
1003603,영월군(내리2교),한강,37.106944,128.675278,3,814,부석,36.97916,128.66103,경상북도 영주시 부석면 소천리,14.27,0.24,C_보통
1003605,영월군(충혼교),한강,37.142222,128.680833,1,527,신동,37.21108,128.64126,강원특별자치도 정선군 신동읍 예미리,8.42,0.4308,B_신뢰
1003605,영월군(충혼교),한강,37.142222,128.680833,2,581,상동,37.11663,128.77441,강원특별자치도 영월군 상동읍 내덕리,8.77,0.416,B_신뢰
1003605,영월군(충혼교),한강,37.142222,128.680833,3,674,사북,37.21963,128.82141,(산지)강원특별자치도 정선군 사북읍 사북리,15.14,0.22,D_주의
1003620,영월군(옥동교),한강,37.122222,128.564167,1,638,영춘,37.07778,128.49361,충청북도 단양군 영춘면 하리,7.97,0.4507,B_신뢰
1003620,영월군(옥동교),한강,37.122222,128.564167,2,121,영월,37.18126,128.45743,강원특별자치도 영월군 영월읍 하송리,11.51,0.3163,C_보통
1003620,영월군(옥동교),한강,37.122222,128.564167,3,527,신동,37.21108,128.64126,강원특별자치도 정선군 신동읍 예미리,12.01,0.3009,C_보통
1003625,영월군(각동교),한강,37.120556,128.540278,1,638,영춘,37.07778,128.49361,충청북도 단양군 영춘면 하리,6.31,0.5321,B_신뢰
1003625,영월군(각동교),한강,37.120556,128.540278,2,121,영월,37.18126,128.45743,강원특별자치도 영월군 영월읍 하송리,9.97,0.369,B_신뢰
1003625,영월군(각동교),한강,37.120556,128.540278,3,527,신동,37.21108,128.64126,강원특별자치도 정선군 신동읍 예미리,13.47,0.26,C_보통
1003626,단양군(들골교),한강,37.032778,128.296389,1,601,단양,37.00204,128.34687,충청북도 단양군 단양읍 도담리,5.64,0.5689,B_신뢰
1003626,단양군(들골교),한강,37.032778,128.296389,2,621,수산,36.97325,128.21421,충청북도 제천시 수산면 하천리,9.85,0.3734,B_신뢰
1003626,단양군(들골교),한강,37.032778,128.296389,3,221,제천,37.15928,128.19433,충청북도 제천시 신월동,16.73,0.1877,D_주의
1003630,단양군(오사리),한강,37.098611,128.510833,1,638,영춘,37.07778,128.49361,충청북도 단양군 영춘면 하리,2.77,0.7581,A_매우신뢰
1003630,단양군(오사리),한강,37.098611,128.510833,2,121,영월,37.18126,128.45743,강원특별자치도 영월군 영월읍 하송리,10.34,0.3556,C_보통
1003630,단양군(오사리),한강,37.098611,128.510833,3,527,신동,37.21108,128.64126,강원특별자치도 정선군 신동읍 예미리,17.03,0.1821,D_주의
1003632,단양군(북벽교),한강,37.085556,128.485278,1,638,영춘,37.07778,128.49361,충청북도 단양군 영춘면 하리,1.14,0.8923,A_매우신뢰
1003632,단양군(북벽교),한강,37.085556,128.485278,2,121,영월,37.18126,128.45743,강원특별자치도 영월군 영월읍 하송리,10.92,0.3355,C_보통
1003632,단양군(북벽교),한강,37.085556,128.485278,3,601,단양,37.00204,128.34687,충청북도 단양군 단양읍 도담리,15.4,0.2144,D_주의
1003635,가대교,한강,37.036111,128.408056,1,601,단양,37.00204,128.34687,충청북도 단양군 단양읍 도담리,6.62,0.5158,B_신뢰
1003635,가대교,한강,37.036111,128.408056,2,638,영춘,37.07778,128.49361,충청북도 단양군 영춘면 하리,8.89,0.4111,B_신뢰
1003635,가대교,한강,37.036111,128.408056,3,121,영월,37.18126,128.45743,강원특별자치도 영월군 영월읍 하송리,16.72,0.1879,D_주의
1003636,단양군(가대교),한강,37.040278,128.405556,1,601,단양,37.00204,128.34687,충청북도 단양군 단양읍 도담리,6.72,0.5107,B_신뢰
1003636,단양군(가대교),한강,37.040278,128.405556,2,638,영춘,37.07778,128.49361,충청북도 단양군 영춘면 하리,8.86,0.4123,B_신뢰
1003636,단양군(가대교),한강,37.040278,128.405556,3,121,영월,37.18126,128.45743,강원특별자치도 영월군 영월읍 하송리,16.34,0.1951,D_주의
1003640,단양2,한강,37.016667,128.383333,1,601,단양,37.00204,128.34687,충청북도 단양군 단양읍 도담리,3.62,0.6963,A_매우신뢰
1003640,단양2,한강,37.016667,128.383333,2,638,영춘,37.07778,128.49361,충청북도 단양군 영춘면 하리,11.91,0.3039,C_보통
1003640,단양2,한강,37.016667,128.383333,3,621,수산,36.97325,128.21421,충청북도 제천시 수산면 하천리,15.78,0.2064,D_주의
1003642,단양군(덕천교),한강,37.005556,128.389167,1,601,단양,37.00204,128.34687,충청북도 단양군 단양읍 도담리,3.78,0.6852,A_매우신뢰
1003642,단양군(덕천교),한강,37.005556,128.389167,2,638,영춘,37.07778,128.49361,충청북도 단양군 영춘면 하리,12.26,0.2935,C_보통
1003642,단양군(덕천교),한강,37.005556,128.389167,3,621,수산,36.97325,128.21421,충청북도 제천시 수산면 하천리,15.95,0.2029,D_주의
1003643,단양군(음지교),한강,36.905833,128.380278,1,601,단양,37.00204,128.34687,충청북도 단양군 단양읍 도담리,11.1,0.3296,C_보통
1003643,단양군(음지교),한강,36.905833,128.380278,2,272,영주,36.87183,128.51687,경상북도 영주시 풍기읍 성내리,12.72,0.2803,C_보통
1003643,단양군(음지교),한강,36.905833,128.380278,3,838,동로,36.79066,128.27046,경상북도 문경시 동로면 생달리,16.11,0.1997,D_주의
1003644,상진교,한강,36.977778,128.3475,1,601,단양,37.00204,128.34687,충청북도 단양군 단양읍 도담리,2.7,0.7634,A_매우신뢰
1003644,상진교,한강,36.977778,128.3475,2,621,수산,36.97325,128.21421,충청북도 제천시 수산면 하천리,11.85,0.3057,C_보통
1003644,상진교,한강,36.977778,128.3475,3,638,영춘,37.07778,128.49361,충청북도 단양군 영춘면 하리,17.08,0.1812,D_주의
1003645,단양군(단양1교),한강,36.931111,128.335556,1,601,단양,37.00204,128.34687,충청북도 단양군 단양읍 도담리,7.95,0.4516,B_신뢰
1003645,단양군(단양1교),한강,36.931111,128.335556,2,621,수산,36.97325,128.21421,충청북도 제천시 수산면 하천리,11.76,0.3085,C_보통
1003645,단양군(단양1교),한강,36.931111,128.335556,3,838,동로,36.79066,128.27046,경상북도 문경시 동로면 생달리,16.66,0.189,D_주의
1003646,우화교,한강,36.930556,128.321111,1,601,단양,37.00204,128.34687,충청북도 단양군 단양읍 도담리,8.27,0.4374,B_신뢰
1003646,우화교,한강,36.930556,128.321111,2,621,수산,36.97325,128.21421,충청북도 제천시 수산면 하천리,10.62,0.3458,C_보통
1003646,우화교,한강,36.930556,128.321111,3,639,덕산,36.90433,128.14564,충청북도 제천시 덕산면 도전리,15.87,0.2045,D_주의
1003650,단양1,한강,36.916667,128.283333,1,621,수산,36.97325,128.21421,충청북도 제천시 수산면 하천리,8.79,0.4152,B_신뢰
1003650,단양1,한강,36.916667,128.283333,2,601,단양,37.00204,128.34687,충청북도 단양군 단양읍 도담리,11.04,0.3315,C_보통
1003650,단양1,한강,36.916667,128.283333,3,639,덕산,36.90433,128.14564,충청북도 제천시 덕산면 도전리,12.32,0.2917,C_보통
1003652,제천시(덕동교),한강,37.188333,127.9925,1,325,백운,37.14449,128.02526,충청북도 제천시 백운면 평동리,5.67,0.5672,B_신뢰
1003652,제천시(덕동교),한강,37.188333,127.9925,2,582,신림,37.23146,128.07993,강원특별자치도 원주시 신림면 신림리,9.11,0.4021,B_신뢰
1003652,제천시(덕동교),한강,37.188333,127.9925,3,347,귀래,37.22755,127.85685,강원특별자치도 원주시 귀래면 귀래리,12.78,0.2786,C_보통
1003654,제천시(송계교),한강,36.882222,128.078333,1,324,송계,36.91019,128.07446,충청북도 제천시 한수면 탄지리,3.13,0.7312,A_매우신뢰
1003654,제천시(송계교),한강,36.882222,128.078333,2,639,덕산,36.90433,128.14564,충청북도 제천시 덕산면 도전리,6.47,0.5236,B_신뢰
1003654,제천시(송계교),한강,36.882222,128.078333,3,622,수안보,36.83909,128.00791,충청북도 충주시 수안보면 안보리,7.89,0.4543,B_신뢰
1003655,제천시(물태리),한강,36.993889,128.165833,1,621,수산,36.97325,128.21421,충청북도 제천시 수산면 하천리,4.87,0.6145,A_매우신뢰
1003655,제천시(물태리),한강,36.993889,128.165833,2,639,덕산,36.90433,128.14564,충청북도 제천시 덕산면 도전리,10.12,0.3635,C_보통
1003655,제천시(물태리),한강,36.993889,128.165833,3,324,송계,36.91019,128.07446,충청북도 제천시 한수면 탄지리,12.35,0.2908,C_보통
1003657,제천시(강저3교),한강,37.122778,128.203889,1,221,제천,37.15928,128.19433,충청북도 제천시 신월동,4.15,0.6603,A_매우신뢰
1003657,제천시(강저3교),한강,37.122778,128.203889,2,325,백운,37.14449,128.02526,충청북도 제천시 백운면 평동리,16.02,0.2015,D_주의
1003657,제천시(강저3교),한강,37.122778,128.203889,3,582,신림,37.23146,128.07993,강원특별자치도 원주시 신림면 신림리,16.33,0.1953,D_주의
1003658,제천시(부수동교),한강,37.148611,128.008889,1,325,백운,37.14449,128.02526,충청북도 제천시 백운면 평동리,1.52,0.859,A_매우신뢰
1003658,제천시(부수동교),한강,37.148611,128.008889,2,582,신림,37.23146,128.07993,강원특별자치도 원주시 신림면 신림리,11.16,0.3276,C_보통
1003658,제천시(부수동교),한강,37.148611,128.008889,3,620,엄정,37.07371,127.90353,충청북도 충주시 엄정면 율능리,12.52,0.2859,C_보통
1003660,제천시(팔송교),한강,37.147222,128.119722,1,221,제천,37.15928,128.19433,충청북도 제천시 신월동,6.75,0.5092,B_신뢰
1003660,제천시(팔송교),한강,37.147222,128.119722,2,325,백운,37.14449,128.02526,충청북도 제천시 백운면 평동리,8.38,0.4326,B_신뢰
1003660,제천시(팔송교),한강,37.147222,128.119722,3,582,신림,37.23146,128.07993,강원특별자치도 원주시 신림면 신림리,10.01,0.3675,C_보통
1003661,제천시(구곡교),한강,37.112222,128.106111,1,325,백운,37.14449,128.02526,충청북도 제천시 백운면 평동리,8.02,0.4484,B_신뢰
1003661,제천시(구곡교),한강,37.112222,128.106111,2,221,제천,37.15928,128.19433,충청북도 제천시 신월동,9.41,0.3902,B_신뢰
1003661,제천시(구곡교),한강,37.112222,128.106111,3,582,신림,37.23146,128.07993,강원특별자치도 원주시 신림면 신림리,13.46,0.2603,C_보통
1003662,명서교,한강,37.067778,128.0325,1,325,백운,37.14449,128.02526,충청북도 제천시 백운면 평동리,8.55,0.4253,B_신뢰
1003662,명서교,한강,37.067778,128.0325,2,620,엄정,37.07371,127.90353,충청북도 충주시 엄정면 율능리,11.46,0.3179,C_보통
1003662,명서교,한강,37.067778,128.0325,3,127,충주,36.97045,127.9525,충청북도 충주시 안림동,12.94,0.2742,C_보통
1003664,충주본댐우안,한강,37.003611,127.996389,1,127,충주,36.97045,127.9525,충청북도 충주시 안림동,5.37,0.5845,B_신뢰
1003664,충주본댐우안,한강,37.003611,127.996389,2,620,엄정,37.07371,127.90353,충청북도 충주시 엄정면 율능리,11.34,0.3217,C_보통
1003664,충주본댐우안,한강,37.003611,127.996389,3,324,송계,36.91019,128.07446,충청북도 제천시 한수면 탄지리,12.49,0.2868,C_보통
1003665,충주시(충주댐방수로),한강,37.008056,127.988889,1,127,충주,36.97045,127.9525,충청북도 충주시 안림동,5.29,0.5892,B_신뢰
1003665,충주시(충주댐방수로),한강,37.008056,127.988889,2,620,엄정,37.07371,127.90353,충청북도 충주시 엄정면 율능리,10.52,0.3492,C_보통
1003665,충주시(충주댐방수로),한강,37.008056,127.988889,3,324,송계,36.91019,128.07446,충청북도 제천시 한수면 탄지리,13.28,0.265,C_보통
1003666,충주시(충주댐),한강,37.005556,127.991944,1,127,충주,36.97045,127.9525,충청북도 충주시 안림동,5.25,0.5916,B_신뢰
1003666,충주시(충주댐),한강,37.005556,127.991944,2,620,엄정,37.07371,127.90353,충청북도 충주시 엄정면 율능리,10.91,0.3359,C_보통
1003666,충주시(충주댐),한강,37.005556,127.991944,3,324,송계,36.91019,128.07446,충청북도 제천시 한수면 탄지리,12.89,0.2755,C_보통
1003667,제천시(용암교),한강,36.928056,128.14,1,639,덕산,36.90433,128.14564,충청북도 제천시 덕산면 도전리,2.69,0.7641,A_매우신뢰
1003667,제천시(용암교),한강,36.928056,128.14,2,324,송계,36.91019,128.07446,충청북도 제천시 한수면 탄지리,6.16,0.5401,B_신뢰
1003667,제천시(용암교),한강,36.928056,128.14,3,621,수산,36.97325,128.21421,충청북도 제천시 수산면 하천리,8.29,0.4365,B_신뢰
1003668,월악,한강,36.911389,128.072778,1,324,송계,36.91019,128.07446,충청북도 제천시 한수면 탄지리,0.2,0.9802,A_매우신뢰
1003668,월악,한강,36.911389,128.072778,2,639,덕산,36.90433,128.14564,충청북도 제천시 덕산면 도전리,6.53,0.5205,B_신뢰
1003668,월악,한강,36.911389,128.072778,3,622,수안보,36.83909,128.00791,충청북도 충주시 수안보면 안보리,9.9,0.3716,B_신뢰
1003670,충주2,한강,37.0,127.966667,1,127,충주,36.97045,127.9525,충청북도 충주시 안림동,3.52,0.7033,A_매우신뢰
1003670,충주2,한강,37.0,127.966667,2,620,엄정,37.07371,127.90353,충청북도 충주시 엄정면 율능리,9.93,0.3705,B_신뢰
1003670,충주2,한강,37.0,127.966667,3,324,송계,36.91019,128.07446,충청북도 제천시 한수면 탄지리,13.84,0.2506,C_보통
1003680,충주1,한강,37.0,127.916667,1,127,충주,36.97045,127.9525,충청북도 충주시 안림동,4.57,0.6332,A_매우신뢰
1003680,충주1,한강,37.0,127.916667,2,620,엄정,37.07371,127.90353,충청북도 충주시 엄정면 율능리,8.28,0.4369,B_신뢰
1003680,충주1,한강,37.0,127.916667,3,630,노은,37.04566,127.79968,충청북도 충주시 노은면 수룡리,11.56,0.3147,C_보통
1004616,청주시(청석굴교),한강,36.611944,127.681667,1,624,상당,36.62436,127.6571,충청북도 청주시상당구 미원면 미원리,2.59,0.7718,A_매우신뢰
1004616,청주시(청석굴교),한강,36.611944,127.681667,2,226,보은,36.48761,127.73415,충청북도 보은군 보은읍 성주리,14.6,0.2322,C_보통
1004616,청주시(청석굴교),한강,36.611944,127.681667,3,327,청주금천,36.62611,127.51278,충청북도 청주시상당구 금천동,15.15,0.2198,D_주의
1004620,청주시(옥화1교),한강,36.615278,127.701667,1,624,상당,36.62436,127.6571,충청북도 청주시상당구 미원면 미원리,4.1,0.6637,A_매우신뢰
1004620,청주시(옥화1교),한강,36.615278,127.701667,2,226,보은,36.48761,127.73415,충청북도 보은군 보은읍 성주리,14.49,0.2348,C_보통
1004620,청주시(옥화1교),한강,36.615278,127.701667,3,625,속리산,36.51639,127.81556,충청북도 보은군 속리산면 상판리,14.98,0.2236,C_보통
1004630,고성교,한강,36.666111,127.763333,1,640,청천,36.67111,127.86527,충청북도 괴산군 청천면 송면리,9.11,0.4021,B_신뢰
1004630,고성교,한강,36.666111,127.763333,2,624,상당,36.62436,127.6571,충청북도 청주시상당구 미원면 미원리,10.55,0.3482,C_보통
1004630,고성교,한강,36.666111,127.763333,3,603,괴산,36.81612,127.77758,충청북도 괴산군 괴산읍 서부리,16.73,0.1877,D_주의
1004631,괴산군(월문교),한강,36.694167,127.745278,1,640,청천,36.67111,127.86527,충청북도 괴산군 청천면 송면리,11.0,0.3329,C_보통
1004631,괴산군(월문교),한강,36.694167,127.745278,2,624,상당,36.62436,127.6571,충청북도 청주시상당구 미원면 미원리,11.05,0.3312,C_보통
1004631,괴산군(월문교),한강,36.694167,127.745278,3,603,괴산,36.81612,127.77758,충청북도 괴산군 괴산읍 서부리,13.86,0.2501,C_보통
1004635,후영교,한강,36.701389,127.814444,1,640,청천,36.67111,127.86527,충청북도 괴산군 청천면 송면리,5.65,0.5684,B_신뢰
1004635,후영교,한강,36.701389,127.814444,2,603,괴산,36.81612,127.77758,충청북도 괴산군 괴산읍 서부리,13.17,0.2679,C_보통
1004635,후영교,한강,36.701389,127.814444,3,624,상당,36.62436,127.6571,충청북도 청주시상당구 미원면 미원리,16.44,0.1932,D_주의
1004640,괴산군(적석교),한강,36.763889,127.980278,1,622,수안보,36.83909,128.00791,충청북도 충주시 수안보면 안보리,8.72,0.4181,B_신뢰
1004640,괴산군(적석교),한강,36.763889,127.980278,2,640,청천,36.67111,127.86527,충청북도 괴산군 청천면 송면리,14.54,0.2336,C_보통
1004640,괴산군(적석교),한강,36.763889,127.980278,3,818,마성,36.70781,128.14792,경상북도 문경시 마성면 외어리,16.19,0.1981,D_주의
1004643,괴산댐,한강,36.758889,127.842778,1,603,괴산,36.81612,127.77758,충청북도 괴산군 괴산읍 서부리,8.61,0.4227,B_신뢰
1004643,괴산댐,한강,36.758889,127.842778,2,640,청천,36.67111,127.86527,충청북도 괴산군 청천면 송면리,9.96,0.3694,B_신뢰
1004643,괴산댐,한강,36.758889,127.842778,3,622,수안보,36.83909,128.00791,충청북도 충주시 수안보면 안보리,17.2,0.1791,D_주의
1004645,괴산군(수전교),한강,36.767222,127.8425,1,603,괴산,36.81612,127.77758,충청북도 괴산군 괴산읍 서부리,7.94,0.452,B_신뢰
1004645,괴산군(수전교),한강,36.767222,127.8425,2,640,청천,36.67111,127.86527,충청북도 괴산군 청천면 송면리,10.88,0.3369,C_보통
1004645,괴산군(수전교),한강,36.767222,127.8425,3,622,수안보,36.83909,128.00791,충청북도 충주시 수안보면 안보리,16.76,0.1871,D_주의
1004646,괴산군(비도교),한강,36.79,127.878056,1,603,괴산,36.81612,127.77758,충청북도 괴산군 괴산읍 서부리,9.41,0.3902,B_신뢰
1004646,괴산군(비도교),한강,36.79,127.878056,2,622,수안보,36.83909,128.00791,충청북도 충주시 수안보면 안보리,12.78,0.2786,C_보통
1004646,괴산군(비도교),한강,36.79,127.878056,3,640,청천,36.67111,127.86527,충청북도 괴산군 청천면 송면리,13.27,0.2653,C_보통
1004653,소수,한강,36.869722,127.718889,1,619,음성,36.92297,127.70241,충청북도 음성군 음성읍 평곡리,6.1,0.5434,B_신뢰
1004653,소수,한강,36.869722,127.718889,2,603,괴산,36.81612,127.77758,충청북도 괴산군 괴산읍 서부리,7.92,0.4529,B_신뢰
1004653,소수,한강,36.869722,127.718889,3,623,증평,36.7956,127.562,충청북도 증평군 증평읍 연탄리,16.21,0.1977,D_주의
1004661,괴산군(제2괴산교),한강,36.809167,127.798611,1,603,괴산,36.81612,127.77758,충청북도 괴산군 괴산읍 서부리,2.03,0.8163,A_매우신뢰
1004661,괴산군(제2괴산교),한강,36.809167,127.798611,2,619,음성,36.92297,127.70241,충청북도 음성군 음성읍 평곡리,15.28,0.217,D_주의
1004661,괴산군(제2괴산교),한강,36.809167,127.798611,3,640,청천,36.67111,127.86527,충청북도 괴산군 청천면 송면리,16.46,0.1928,D_주의
1004670,괴산군(추산교),한강,36.893611,127.814167,1,603,괴산,36.81612,127.77758,충청북도 괴산군 괴산읍 서부리,9.21,0.3981,B_신뢰
1004670,괴산군(추산교),한강,36.893611,127.814167,2,619,음성,36.92297,127.70241,충청북도 음성군 음성읍 평곡리,10.46,0.3513,C_보통
1004670,괴산군(추산교),한강,36.893611,127.814167,3,127,충주,36.97045,127.9525,충청북도 충주시 안림동,14.97,0.2238,C_보통
1004680,충주시(문강교),한강,36.887778,127.946111,1,622,수안보,36.83909,128.00791,충청북도 충주시 수안보면 안보리,7.72,0.4621,B_신뢰
1004680,충주시(문강교),한강,36.887778,127.946111,2,127,충주,36.97045,127.9525,충청북도 충주시 안림동,9.21,0.3981,B_신뢰
1004680,충주시(문강교),한강,36.887778,127.946111,3,324,송계,36.91019,128.07446,충청북도 제천시 한수면 탄지리,11.68,0.311,C_보통
1004685,팔봉교,한강,36.899167,127.921389,1,127,충주,36.97045,127.9525,충청북도 충주시 안림동,8.39,0.4321,B_신뢰
1004685,팔봉교,한강,36.899167,127.921389,2,622,수안보,36.83909,128.00791,충청북도 충주시 수안보면 안보리,10.19,0.361,C_보통
1004685,팔봉교,한강,36.899167,127.921389,3,324,송계,36.91019,128.07446,충청북도 제천시 한수면 탄지리,13.67,0.2549,C_보통
1004688,원남,한강,36.855,127.710556,1,603,괴산,36.81612,127.77758,충청북도 괴산군 괴산읍 서부리,7.37,0.4785,B_신뢰
1004688,원남,한강,36.855,127.710556,2,619,음성,36.92297,127.70241,충청북도 음성군 음성읍 평곡리,7.59,0.4681,B_신뢰
1004688,원남,한강,36.855,127.710556,3,623,증평,36.7956,127.562,충청북도 증평군 증평읍 연탄리,14.78,0.2281,C_보통
1004690,충주시(향산리),한강,36.925,127.924444,1,127,충주,36.97045,127.9525,충청북도 충주시 안림동,5.64,0.5689,B_신뢰
1004690,충주시(향산리),한강,36.925,127.924444,2,622,수안보,36.83909,128.00791,충청북도 충주시 수안보면 안보리,12.1,0.2982,C_보통
1004690,충주시(향산리),한강,36.925,127.924444,3,324,송계,36.91019,128.07446,충청북도 제천시 한수면 탄지리,13.44,0.2608,C_보통
1004692,용당,한강,37.006111,127.705,1,619,음성,36.92297,127.70241,충청북도 음성군 음성읍 평곡리,9.25,0.3965,B_신뢰
1004692,용당,한강,37.006111,127.705,2,630,노은,37.04566,127.79968,충청북도 충주시 노은면 수룡리,9.49,0.3871,B_신뢰
1004692,용당,한강,37.006111,127.705,3,600,금왕,36.97369,127.58973,충청북도 음성군 금왕읍 용계리,10.85,0.3379,C_보통
1004693,괴산군(목도교),한강,36.87,127.855278,1,603,괴산,36.81612,127.77758,충청북도 괴산군 괴산읍 서부리,9.15,0.4005,B_신뢰
1004693,괴산군(목도교),한강,36.87,127.855278,2,622,수안보,36.83909,128.00791,충청북도 충주시 수안보면 안보리,14.01,0.2464,C_보통
1004693,괴산군(목도교),한강,36.87,127.855278,3,127,충주,36.97045,127.9525,충청북도 충주시 안림동,14.12,0.2437,C_보통
1004694,충주시(주덕교),한강,36.983333,127.793889,1,630,노은,37.04566,127.79968,충청북도 충주시 노은면 수룡리,6.95,0.4991,B_신뢰
1004694,충주시(주덕교),한강,36.983333,127.793889,2,619,음성,36.92297,127.70241,충청북도 음성군 음성읍 평곡리,10.54,0.3485,C_보통
1004694,충주시(주덕교),한강,36.983333,127.793889,3,620,엄정,37.07371,127.90353,충청북도 충주시 엄정면 율능리,13.99,0.2468,C_보통
1004695,충주시(국원대교),한강,36.966111,127.871667,1,127,충주,36.97045,127.9525,충청북도 충주시 안림동,7.2,0.4868,B_신뢰
1004695,충주시(국원대교),한강,36.966111,127.871667,2,630,노은,37.04566,127.79968,충청북도 충주시 노은면 수룡리,10.91,0.3359,C_보통
1004695,충주시(국원대교),한강,36.966111,127.871667,3,620,엄정,37.07371,127.90353,충청북도 충주시 엄정면 율능리,12.29,0.2926,C_보통
1004696,충주시(봉계교),한강,36.976944,127.920278,1,127,충주,36.97045,127.9525,충청북도 충주시 안림동,2.95,0.7445,A_매우신뢰
1004696,충주시(봉계교),한강,36.976944,127.920278,2,620,엄정,37.07371,127.90353,충청북도 충주시 엄정면 율능리,10.86,0.3376,C_보통
1004696,충주시(봉계교),한강,36.976944,127.920278,3,630,노은,37.04566,127.79968,충청북도 충주시 노은면 수룡리,13.15,0.2685,C_보통
1005605,충주시(탄금교),한강,36.988611,127.89,1,127,충주,36.97045,127.9525,충청북도 충주시 안림동,5.91,0.5538,B_신뢰
1005605,충주시(탄금교),한강,36.988611,127.89,2,620,엄정,37.07371,127.90353,충청북도 충주시 엄정면 율능리,9.54,0.3852,B_신뢰
1005605,충주시(탄금교),한강,36.988611,127.89,3,630,노은,37.04566,127.79968,충청북도 충주시 노은면 수룡리,10.22,0.3599,C_보통
1005620,충주시(충주조정지댐방수로),한강,37.046111,127.865833,1,620,엄정,37.07371,127.90353,충청북도 충주시 엄정면 율능리,4.54,0.6351,A_매우신뢰
1005620,충주시(충주조정지댐방수로),한강,37.046111,127.865833,2,630,노은,37.04566,127.79968,충청북도 충주시 노은면 수룡리,5.87,0.556,B_신뢰
1005620,충주시(충주조정지댐방수로),한강,37.046111,127.865833,3,127,충주,36.97045,127.9525,충청북도 충주시 안림동,11.4,0.3198,C_보통
1005635,충주시(충주조정지댐),한강,37.044444,127.866389,1,620,엄정,37.07371,127.90353,충청북도 충주시 엄정면 율능리,4.63,0.6294,A_매우신뢰
1005635,충주시(충주조정지댐),한강,37.044444,127.866389,2,630,노은,37.04566,127.79968,충청북도 충주시 노은면 수룡리,5.92,0.5532,B_신뢰
1005635,충주시(충주조정지댐),한강,37.044444,127.866389,3,127,충주,36.97045,127.9525,충청북도 충주시 안림동,11.23,0.3253,C_보통
1005640,충주시(목계교),한강,37.076111,127.881111,1,620,엄정,37.07371,127.90353,충청북도 충주시 엄정면 율능리,2.01,0.8179,A_매우신뢰
1005640,충주시(목계교),한강,37.076111,127.881111,2,630,노은,37.04566,127.79968,충청북도 충주시 노은면 수룡리,7.98,0.4502,B_신뢰
1005640,충주시(목계교),한강,37.076111,127.881111,3,127,충주,36.97045,127.9525,충청북도 충주시 안림동,13.35,0.2632,C_보통
1005650,충주시(능암교),한강,37.091111,127.801389,1,630,노은,37.04566,127.79968,충청북도 충주시 노은면 수룡리,5.06,0.6029,B_신뢰
1005650,충주시(능암교),한강,37.091111,127.801389,2,620,엄정,37.07371,127.90353,충청북도 충주시 엄정면 율능리,9.27,0.3957,B_신뢰
1005650,충주시(능암교),한강,37.091111,127.801389,3,347,귀래,37.22755,127.85685,강원특별자치도 원주시 귀래면 귀래리,15.95,0.2029,D_주의
1005660,충주시(세포교),한강,37.148333,127.819167,1,347,귀래,37.22755,127.85685,강원특별자치도 원주시 귀래면 귀래리,9.42,0.3898,B_신뢰
1005660,충주시(세포교),한강,37.148333,127.819167,2,592,부론,37.23162,127.74866,강원특별자치도 원주시 부론면 흥호리,11.17,0.3273,C_보통
1005660,충주시(세포교),한강,37.148333,127.819167,3,620,엄정,37.07371,127.90353,충청북도 충주시 엄정면 율능리,11.17,0.3273,C_보통
1005695,원주시(법천교),한강,37.204444,127.754167,1,592,부론,37.23162,127.74866,강원특별자치도 원주시 부론면 흥호리,3.06,0.7364,A_매우신뢰
1005695,원주시(법천교),한강,37.204444,127.754167,2,464,점동,37.20611,127.66273,경기도 여주시 점동면 청안리,8.1,0.4449,B_신뢰
1005695,원주시(법천교),한강,37.204444,127.754167,3,347,귀래,37.22755,127.85685,강원특별자치도 원주시 귀래면 귀래리,9.45,0.3887,B_신뢰
1005697,원주시(남한강대교),한강,37.206111,127.747778,1,592,부론,37.23162,127.74866,강원특별자치도 원주시 부론면 흥호리,2.84,0.7528,A_매우신뢰
1005697,원주시(남한강대교),한강,37.206111,127.747778,2,464,점동,37.20611,127.66273,경기도 여주시 점동면 청안리,7.53,0.471,B_신뢰
1005697,원주시(남한강대교),한강,37.206111,127.747778,3,347,귀래,37.22755,127.85685,강원특별자치도 원주시 귀래면 귀래리,9.95,0.3697,B_신뢰
1006610,횡성군(율동리),한강,37.556944,128.108611,1,561,청일,37.58219,128.15275,강원특별자치도 횡성군 청일면 유동리,4.8,0.6188,A_매우신뢰
1006610,횡성군(율동리),한강,37.556944,128.108611,2,583,안흥,37.46463,128.1551,강원특별자치도 횡성군 안흥면 소사리,11.05,0.3312,C_보통
1006610,횡성군(율동리),한강,37.556944,128.108611,3,536,횡성,37.4876,127.97242,강원특별자치도 횡성군 횡성읍 읍하리,14.27,0.24,C_보통
1006612,횡성군(포동2교),한강,37.5525,128.098611,1,561,청일,37.58219,128.15275,강원특별자치도 횡성군 청일면 유동리,5.8,0.5599,B_신뢰
1006612,횡성군(포동2교),한강,37.5525,128.098611,2,583,안흥,37.46463,128.1551,강원특별자치도 횡성군 안흥면 소사리,10.97,0.3339,C_보통
1006612,횡성군(포동2교),한강,37.5525,128.098611,3,536,횡성,37.4876,127.97242,강원특별자치도 횡성군 횡성읍 읍하리,13.26,0.2655,C_보통
1006615,횡성군(횡성댐),한강,37.545278,128.030278,1,536,횡성,37.4876,127.97242,강원특별자치도 횡성군 횡성읍 읍하리,8.2,0.4404,B_신뢰
1006615,횡성군(횡성댐),한강,37.545278,128.030278,2,561,청일,37.58219,128.15275,강원특별자치도 횡성군 청일면 유동리,11.55,0.3151,C_보통
1006615,횡성군(횡성댐),한강,37.545278,128.030278,3,583,안흥,37.46463,128.1551,강원특별자치도 횡성군 안흥면 소사리,14.2,0.2417,C_보통
1006628,횡성군(청곡교),한강,37.5575,127.977222,1,536,횡성,37.4876,127.97242,강원특별자치도 횡성군 횡성읍 읍하리,7.78,0.4593,B_신뢰
1006628,횡성군(청곡교),한강,37.5575,127.977222,2,349,시동,37.59997,127.84308,강원특별자치도 홍천군 남면 시동리,12.73,0.28,C_보통
1006628,횡성군(청곡교),한강,37.5575,127.977222,3,561,청일,37.58219,128.15275,강원특별자치도 횡성군 청일면 유동리,15.71,0.2078,D_주의
1006630,횡성군(오산교),한강,37.520833,127.991389,1,536,횡성,37.4876,127.97242,강원특별자치도 횡성군 횡성읍 읍하리,4.06,0.6663,A_매우신뢰
1006630,횡성군(오산교),한강,37.520833,127.991389,2,591,치악산,37.41554,128.05047,강원특별자치도 원주시 소초면 학곡리,12.82,0.2775,C_보통
1006630,횡성군(오산교),한강,37.520833,127.991389,3,583,안흥,37.46463,128.1551,강원특별자치도 횡성군 안흥면 소사리,15.74,0.2072,D_주의
1006650,횡성군(횡성교),한강,37.495,127.980556,1,536,횡성,37.4876,127.97242,강원특별자치도 횡성군 횡성읍 읍하리,1.09,0.8967,A_매우신뢰
1006650,횡성군(횡성교),한강,37.495,127.980556,2,591,치악산,37.41554,128.05047,강원특별자치도 원주시 소초면 학곡리,10.78,0.3403,C_보통
1006650,횡성군(횡성교),한강,37.495,127.980556,3,583,안흥,37.46463,128.1551,강원특별자치도 횡성군 안흥면 소사리,15.77,0.2066,D_주의
1006660,횡성군(전천교),한강,37.482222,127.981389,1,536,횡성,37.4876,127.97242,강원특별자치도 횡성군 횡성읍 읍하리,0.99,0.9057,A_매우신뢰
1006660,횡성군(전천교),한강,37.482222,127.981389,2,591,치악산,37.41554,128.05047,강원특별자치도 원주시 소초면 학곡리,9.6,0.3829,B_신뢰
1006660,횡성군(전천교),한강,37.482222,127.981389,3,583,안흥,37.46463,128.1551,강원특별자치도 횡성군 안흥면 소사리,15.45,0.2133,D_주의
1006664,원주시(동부교),한강,37.318611,127.97,1,114,원주,37.33749,127.94659,강원특별자치도 원주시 명륜동,2.95,0.7445,A_매우신뢰
1006664,원주시(동부교),한강,37.318611,127.97,2,591,치악산,37.41554,128.05047,강원특별자치도 원주시 소초면 학곡리,12.91,0.275,C_보통
1006664,원주시(동부교),한강,37.318611,127.97,3,582,신림,37.23146,128.07993,강원특별자치도 원주시 신림면 신림리,13.73,0.2533,C_보통
1006665,원주시(원주교),한강,37.347778,127.955556,1,114,원주,37.33749,127.94659,강원특별자치도 원주시 명륜동,1.39,0.8702,A_매우신뢰
1006665,원주시(원주교),한강,37.347778,127.955556,2,591,치악산,37.41554,128.05047,강원특별자치도 원주시 소초면 학곡리,11.27,0.324,C_보통
1006665,원주시(원주교),한강,37.347778,127.955556,3,877,문막,37.31339,127.80486,강원특별자치도 원주시 문막읍 취병리,13.86,0.2501,C_보통
1006666,원주시(가현교),한강,37.394722,127.935556,1,114,원주,37.33749,127.94659,강원특별자치도 원주시 명륜동,6.44,0.5252,B_신뢰
1006666,원주시(가현교),한강,37.394722,127.935556,2,591,치악산,37.41554,128.05047,강원특별자치도 원주시 소초면 학곡리,10.41,0.3531,C_보통
1006666,원주시(가현교),한강,37.394722,127.935556,3,536,횡성,37.4876,127.97242,강원특별자치도 횡성군 횡성읍 읍하리,10.83,0.3386,C_보통
1006667,섬강교,한강,37.424722,127.963611,1,536,횡성,37.4876,127.97242,강원특별자치도 횡성군 횡성읍 읍하리,7.03,0.4951,B_신뢰
1006667,섬강교,한강,37.424722,127.963611,2,591,치악산,37.41554,128.05047,강원특별자치도 원주시 소초면 학곡리,7.74,0.4612,B_신뢰
1006667,섬강교,한강,37.424722,127.963611,3,114,원주,37.33749,127.94659,강원특별자치도 원주시 명륜동,9.82,0.3746,B_신뢰
1006670,원주시(옥산교),한강,37.428611,127.921667,1,536,횡성,37.4876,127.97242,강원특별자치도 횡성군 횡성읍 읍하리,7.94,0.452,B_신뢰
1006670,원주시(옥산교),한강,37.428611,127.921667,2,114,원주,37.33749,127.94659,강원특별자치도 원주시 명륜동,10.37,0.3545,C_보통
1006670,원주시(옥산교),한강,37.428611,127.921667,3,591,치악산,37.41554,128.05047,강원특별자치도 원주시 소초면 학곡리,11.47,0.3176,C_보통
1006672,원주시(장현교),한강,37.420278,127.898056,1,536,횡성,37.4876,127.97242,강원특별자치도 횡성군 횡성읍 읍하리,9.96,0.3694,B_신뢰
1006672,원주시(장현교),한강,37.420278,127.898056,2,114,원주,37.33749,127.94659,강원특별자치도 원주시 명륜동,10.16,0.362,C_보통
1006672,원주시(장현교),한강,37.420278,127.898056,3,547,양동,37.41593,127.75488,경기도 양평군 양동면 쌍학리,12.65,0.2822,C_보통
1006676,원주시(원주천댐좌측),한강,37.296111,127.973333,1,114,원주,37.33749,127.94659,강원특별자치도 원주시 명륜동,5.17,0.5963,B_신뢰
1006676,원주시(원주천댐좌측),한강,37.296111,127.973333,2,582,신림,37.23146,128.07993,강원특별자치도 원주시 신림면 신림리,11.86,0.3054,C_보통
1006676,원주시(원주천댐좌측),한강,37.296111,127.973333,3,347,귀래,37.22755,127.85685,강원특별자치도 원주시 귀래면 귀래리,12.82,0.2775,C_보통
1006677,원주시(판대2교),한강,37.384167,127.788889,1,547,양동,37.41593,127.75488,경기도 양평군 양동면 쌍학리,4.64,0.6288,A_매우신뢰
1006677,원주시(판대2교),한강,37.384167,127.788889,2,877,문막,37.31339,127.80486,강원특별자치도 원주시 문막읍 취병리,8.0,0.4493,B_신뢰
1006677,원주시(판대2교),한강,37.384167,127.788889,3,447,북내,37.32904,127.67911,경기도 여주시 북내면 당우리,11.48,0.3173,C_보통
1006680,원주시(지정대교),한강,37.361667,127.831667,1,877,문막,37.31339,127.80486,강원특별자치도 원주시 문막읍 취병리,5.87,0.556,B_신뢰
1006680,원주시(지정대교),한강,37.361667,127.831667,2,547,양동,37.41593,127.75488,경기도 양평군 양동면 쌍학리,9.08,0.4033,B_신뢰
1006680,원주시(지정대교),한강,37.361667,127.831667,3,114,원주,37.33749,127.94659,강원특별자치도 원주시 명륜동,10.51,0.3496,C_보통
1006685,원주시(봉미교),한강,37.335,127.894722,1,114,원주,37.33749,127.94659,강원특별자치도 원주시 명륜동,4.59,0.6319,A_매우신뢰
1006685,원주시(봉미교),한강,37.335,127.894722,2,877,문막,37.31339,127.80486,강원특별자치도 원주시 문막읍 취병리,8.3,0.436,B_신뢰
1006685,원주시(봉미교),한강,37.335,127.894722,3,347,귀래,37.22755,127.85685,강원특별자치도 원주시 귀래면 귀래리,12.41,0.2891,C_보통
1006690,원주시(문막교),한강,37.305,127.810278,1,877,문막,37.31339,127.80486,강원특별자치도 원주시 문막읍 취병리,1.05,0.9003,A_매우신뢰
1006690,원주시(문막교),한강,37.305,127.810278,2,347,귀래,37.22755,127.85685,강원특별자치도 원주시 귀래면 귀래리,9.55,0.3848,B_신뢰
1006690,원주시(문막교),한강,37.305,127.810278,3,592,부론,37.23162,127.74866,강원특별자치도 원주시 부론면 흥호리,9.81,0.3749,B_신뢰
1006693,궁촌,한강,37.226667,127.858056,1,347,귀래,37.22755,127.85685,강원특별자치도 원주시 귀래면 귀래리,0.15,0.9851,A_매우신뢰
1006693,궁촌,한강,37.226667,127.858056,2,592,부론,37.23162,127.74866,강원특별자치도 원주시 부론면 흥호리,9.7,0.3791,B_신뢰
1006693,궁촌,한강,37.226667,127.858056,3,877,문막,37.31339,127.80486,강원특별자치도 원주시 문막읍 취병리,10.73,0.342,C_보통
1006694,반계,한강,37.291667,127.777222,1,877,문막,37.31339,127.80486,강원특별자치도 원주시 문막읍 취병리,3.44,0.7089,A_매우신뢰
1006694,반계,한강,37.291667,127.777222,2,592,부론,37.23162,127.74866,강원특별자치도 원주시 부론면 흥호리,7.14,0.4897,B_신뢰
1006694,반계,한강,37.291667,127.777222,3,447,북내,37.32904,127.67911,경기도 여주시 북내면 당우리,9.62,0.3821,B_신뢰
1007604,안성시(한평교),한강,37.106389,127.433611,1,469,일죽,37.14071,127.43375,141 경기도 안성시 일죽면 방초리,3.82,0.6825,A_매우신뢰
1007604,안성시(한평교),한강,37.106389,127.433611,2,576,백암,37.12966,127.36632,경기도 용인시 처인구 백암면 용천리,6.5,0.522,B_신뢰
1007604,안성시(한평교),한강,37.106389,127.433611,3,462,모가,37.17172,127.48022,경기도 이천시 모가면 진가리,8.36,0.4334,B_신뢰
1007605,이천시(장호원교),한강,37.113611,127.634722,1,534,장호원,37.121,127.61058,경기도 이천시 장호원읍 진암리,2.29,0.7953,A_매우신뢰
1007605,이천시(장호원교),한강,37.113611,127.634722,2,464,점동,37.20611,127.66273,경기도 여주시 점동면 청안리,10.58,0.3471,C_보통
1007605,이천시(장호원교),한강,37.113611,127.634722,3,465,가남,37.20173,127.54506,경기도 여주시 가남읍 태평리,12.62,0.2831,C_보통
1007606,안성시(두현교),한강,37.071389,127.414167,1,576,백암,37.12966,127.36632,경기도 용인시 처인구 백암면 용천리,7.75,0.4607,B_신뢰
1007606,안성시(두현교),한강,37.071389,127.414167,2,469,일죽,37.14071,127.43375,141 경기도 안성시 일죽면 방초리,7.9,0.4538,B_신뢰
1007606,안성시(두현교),한강,37.071389,127.414167,3,676,위성센터,36.9906,127.42985,충청북도 진천군 광혜원면 광혜원리,9.09,0.4029,B_신뢰
1007608,이천시(고당교),한강,37.096944,127.539722,1,534,장호원,37.121,127.61058,경기도 이천시 장호원읍 진암리,6.83,0.5051,B_신뢰
1007608,이천시(고당교),한강,37.096944,127.539722,2,462,모가,37.17172,127.48022,경기도 이천시 모가면 진가리,9.85,0.3734,B_신뢰
1007608,이천시(고당교),한강,37.096944,127.539722,3,469,일죽,37.14071,127.43375,141 경기도 안성시 일죽면 방초리,10.58,0.3471,C_보통
1007609,음성군(병암교),한강,37.032222,127.604722,1,600,금왕,36.97369,127.58973,충청북도 음성군 금왕읍 용계리,6.64,0.5148,B_신뢰
1007609,음성군(병암교),한강,37.032222,127.604722,2,534,장호원,37.121,127.61058,경기도 이천시 장호원읍 진암리,9.89,0.3719,B_신뢰
1007609,음성군(병암교),한강,37.032222,127.604722,3,619,음성,36.92297,127.70241,충청북도 음성군 음성읍 평곡리,14.93,0.2247,C_보통
1007610,음성군(총천교),한강,37.070833,127.604444,1,534,장호원,37.121,127.61058,경기도 이천시 장호원읍 진암리,5.6,0.5712,B_신뢰
1007610,음성군(총천교),한강,37.070833,127.604444,2,600,금왕,36.97369,127.58973,충청북도 음성군 금왕읍 용계리,10.88,0.3369,C_보통
1007610,음성군(총천교),한강,37.070833,127.604444,3,465,가남,37.20173,127.54506,경기도 여주시 가남읍 태평리,15.48,0.2127,D_주의
1007613,음성군(상우교),한강,37.122222,127.659444,1,534,장호원,37.121,127.61058,경기도 이천시 장호원읍 진암리,4.33,0.6486,A_매우신뢰
1007613,음성군(상우교),한강,37.122222,127.659444,2,464,점동,37.20611,127.66273,경기도 여주시 점동면 청안리,9.33,0.3934,B_신뢰
1007613,음성군(상우교),한강,37.122222,127.659444,3,465,가남,37.20173,127.54506,경기도 여주시 가남읍 태평리,13.45,0.2605,C_보통
1007615,여주시(원부교),한강,37.162222,127.634444,1,534,장호원,37.121,127.61058,경기도 이천시 장호원읍 진암리,5.05,0.6035,B_신뢰
1007615,여주시(원부교),한강,37.162222,127.634444,2,464,점동,37.20611,127.66273,경기도 여주시 점동면 청안리,5.49,0.5775,B_신뢰
1007615,여주시(원부교),한강,37.162222,127.634444,3,465,가남,37.20173,127.54506,경기도 여주시 가남읍 태평리,9.06,0.4041,B_신뢰
1007617,여주시(삼합교),한강,37.202222,127.719167,1,592,부론,37.23162,127.74866,강원특별자치도 원주시 부론면 흥호리,4.18,0.6584,A_매우신뢰
1007617,여주시(삼합교),한강,37.202222,127.719167,2,464,점동,37.20611,127.66273,경기도 여주시 점동면 청안리,5.02,0.6053,B_신뢰
1007617,여주시(삼합교),한강,37.202222,127.719167,3,548,여주,37.26883,127.63956,경기도 여주시 점봉동,10.22,0.3599,C_보통
1007620,여주시(강천리),한강,37.231111,127.713889,1,592,부론,37.23162,127.74866,강원특별자치도 원주시 부론면 흥호리,3.08,0.7349,A_매우신뢰
1007620,여주시(강천리),한강,37.231111,127.713889,2,464,점동,37.20611,127.66273,경기도 여주시 점동면 청안리,5.32,0.5874,B_신뢰
1007620,여주시(강천리),한강,37.231111,127.713889,3,548,여주,37.26883,127.63956,경기도 여주시 점봉동,7.8,0.4584,B_신뢰
1007625,여주시(남한강교),한강,37.254444,127.681111,1,548,여주,37.26883,127.63956,경기도 여주시 점봉동,4.01,0.6697,A_매우신뢰
1007625,여주시(남한강교),한강,37.254444,127.681111,2,464,점동,37.20611,127.66273,경기도 여주시 점동면 청안리,5.62,0.5701,B_신뢰
1007625,여주시(남한강교),한강,37.254444,127.681111,3,592,부론,37.23162,127.74866,강원특별자치도 원주시 부론면 흥호리,6.5,0.522,B_신뢰
1007626,여주시(용은교),한강,37.275833,127.551111,1,203,이천,37.26399,127.48421,경기도 이천시 부발읍 신하리,6.06,0.5455,B_신뢰
1007626,여주시(용은교),한강,37.275833,127.551111,2,463,흥천,37.33268,127.54146,141 경기도 여주시 흥천면,6.38,0.5283,B_신뢰
1007626,여주시(용은교),한강,37.275833,127.551111,3,548,여주,37.26883,127.63956,경기도 여주시 점봉동,7.87,0.4552,B_신뢰
1007630,남한강,한강,37.183056,127.686667,1,464,점동,37.20611,127.66273,경기도 여주시 점동면 청안리,3.33,0.7168,A_매우신뢰
1007630,남한강,한강,37.183056,127.686667,2,592,부론,37.23162,127.74866,강원특별자치도 원주시 부론면 흥호리,7.7,0.463,B_신뢰
1007630,남한강,한강,37.183056,127.686667,3,534,장호원,37.121,127.61058,경기도 이천시 장호원읍 진암리,9.65,0.381,B_신뢰
1007633,강천보(상류),한강,37.273056,127.683333,1,548,여주,37.26883,127.63956,경기도 여주시 점봉동,3.9,0.6771,A_매우신뢰
1007633,강천보(상류),한강,37.273056,127.683333,2,447,북내,37.32904,127.67911,경기도 여주시 북내면 당우리,6.24,0.5358,B_신뢰
1007633,강천보(상류),한강,37.273056,127.683333,3,592,부론,37.23162,127.74866,강원특별자치도 원주시 부론면 흥호리,7.39,0.4776,B_신뢰
1007634,강천보(하류),한강,37.283889,127.684722,1,548,여주,37.26883,127.63956,경기도 여주시 점봉동,4.33,0.6486,A_매우신뢰
1007634,강천보(하류),한강,37.283889,127.684722,2,447,북내,37.32904,127.67911,경기도 여주시 북내면 당우리,5.05,0.6035,B_신뢰
1007634,강천보(하류),한강,37.283889,127.684722,3,592,부론,37.23162,127.74866,강원특별자치도 원주시 부론면 흥호리,8.11,0.4444,B_신뢰
1007635,여주시(여주대교),한강,37.296389,127.647778,1,548,여주,37.26883,127.63956,경기도 여주시 점봉동,3.15,0.7298,A_매우신뢰
1007635,여주시(여주대교),한강,37.296389,127.647778,2,447,북내,37.32904,127.67911,경기도 여주시 북내면 당우리,4.57,0.6332,A_매우신뢰
1007635,여주시(여주대교),한강,37.296389,127.647778,3,574,대신,37.3694,127.58711,경기도 여주시 대신면 초현리,9.73,0.3779,B_신뢰
1007637,여주시(당우교),한강,37.327222,127.682778,1,447,북내,37.32904,127.67911,경기도 여주시 북내면 당우리,0.38,0.9627,A_매우신뢰
1007637,여주시(당우교),한강,37.327222,127.682778,2,548,여주,37.26883,127.63956,경기도 여주시 점봉동,7.53,0.471,B_신뢰
1007637,여주시(당우교),한강,37.327222,127.682778,3,574,대신,37.3694,127.58711,경기도 여주시 대신면 초현리,9.67,0.3802,B_신뢰
1007639,여주보(상류),한강,37.326111,127.615556,1,574,대신,37.3694,127.58711,경기도 여주시 대신면 초현리,5.43,0.581,B_신뢰
1007639,여주보(상류),한강,37.326111,127.615556,2,447,북내,37.32904,127.67911,경기도 여주시 북내면 당우리,5.63,0.5695,B_신뢰
1007639,여주보(상류),한강,37.326111,127.615556,3,463,흥천,37.33268,127.54146,141 경기도 여주시 흥천면,6.59,0.5174,B_신뢰
1007640,여주시(율극교),한강,37.333889,127.573333,1,463,흥천,37.33268,127.54146,141 경기도 여주시 흥천면,2.82,0.7543,A_매우신뢰
1007640,여주시(율극교),한강,37.333889,127.573333,2,574,대신,37.3694,127.58711,경기도 여주시 대신면 초현리,4.13,0.6617,A_매우신뢰
1007640,여주시(율극교),한강,37.333889,127.573333,3,466,금사,37.39255,127.53332,141 경기도 여주시 금사면 이포리,7.42,0.4762,B_신뢰
1007641,여주보(하류),한강,37.328611,127.603333,1,574,대신,37.3694,127.58711,경기도 여주시 대신면 초현리,4.76,0.6213,A_매우신뢰
1007641,여주보(하류),한강,37.328611,127.603333,2,463,흥천,37.33268,127.54146,141 경기도 여주시 흥천면,5.49,0.5775,B_신뢰
1007641,여주보(하류),한강,37.328611,127.603333,3,447,북내,37.32904,127.67911,경기도 여주시 북내면 당우리,6.7,0.5117,B_신뢰
1007642,이천시(동산교),한강,37.216667,127.416111,1,461,마장,37.24896,127.35799,경기도 이천시 마장면 오천리,6.27,0.5342,B_신뢰
1007642,이천시(동산교),한강,37.216667,127.416111,2,440,설봉,37.27839,127.44063,경기도 이천시 중리동,7.2,0.4868,B_신뢰
1007642,이천시(동산교),한강,37.216667,127.416111,3,462,모가,37.17172,127.48022,경기도 이천시 모가면 진가리,7.56,0.4695,B_신뢰
1007645,이천시(복하교),한강,37.266944,127.460833,1,203,이천,37.26399,127.48421,경기도 이천시 부발읍 신하리,2.09,0.8114,A_매우신뢰
1007645,이천시(복하교),한강,37.266944,127.460833,2,440,설봉,37.27839,127.44063,경기도 이천시 중리동,2.19,0.8033,A_매우신뢰
1007645,이천시(복하교),한강,37.266944,127.460833,3,533,백사,37.32777,127.48073,경기도 이천시 백사면 조읍리,6.99,0.4971,B_신뢰
1007649,흑천,한강,37.464167,127.543056,1,202,양평,37.48863,127.49446,경기도 양평군 양평읍 양근리,5.08,0.6017,B_신뢰
1007649,흑천,한강,37.464167,127.543056,2,466,금사,37.39255,127.53332,141 경기도 여주시 금사면 이포리,8.01,0.4489,B_신뢰
1007649,흑천,한강,37.464167,127.543056,3,449,옥천,37.51002,127.44809,경기도 양평군 옥천면 옥천리,9.81,0.3749,B_신뢰
1007650,여주시(흥천대교),한강,37.333056,127.535278,1,463,흥천,37.33268,127.54146,141 경기도 여주시 흥천면,0.55,0.9465,A_매우신뢰
1007650,여주시(흥천대교),한강,37.333056,127.535278,2,533,백사,37.32777,127.48073,경기도 이천시 백사면 조읍리,4.86,0.6151,A_매우신뢰
1007650,여주시(흥천대교),한강,37.333056,127.535278,3,574,대신,37.3694,127.58711,경기도 여주시 대신면 초현리,6.11,0.5428,B_신뢰
1007653,대평,한강,37.4225,127.629722,1,574,대신,37.3694,127.58711,경기도 여주시 대신면 초현리,7.0,0.4966,B_신뢰
1007653,대평,한강,37.4225,127.629722,2,466,금사,37.39255,127.53332,141 경기도 여주시 금사면 이포리,9.14,0.4009,B_신뢰
1007653,대평,한강,37.4225,127.629722,3,547,양동,37.41593,127.75488,경기도 양평군 양동면 쌍학리,11.08,0.3302,C_보통
1007655,여주시(양촌교),한강,37.3825,127.562778,1,574,대신,37.3694,127.58711,경기도 여주시 대신면 초현리,2.6,0.7711,A_매우신뢰
1007655,여주시(양촌교),한강,37.3825,127.562778,2,466,금사,37.39255,127.53332,141 경기도 여주시 금사면 이포리,2.83,0.7535,A_매우신뢰
1007655,여주시(양촌교),한강,37.3825,127.562778,3,463,흥천,37.33268,127.54146,141 경기도 여주시 흥천면,5.85,0.5571,B_신뢰
1007656,여주저류지,한강,37.381111,127.549722,1,466,금사,37.39255,127.53332,141 경기도 여주시 금사면 이포리,1.93,0.8245,A_매우신뢰
1007656,여주저류지,한강,37.381111,127.549722,2,574,대신,37.3694,127.58711,경기도 여주시 대신면 초현리,3.55,0.7012,A_매우신뢰
1007656,여주저류지,한강,37.381111,127.549722,3,463,흥천,37.33268,127.54146,141 경기도 여주시 흥천면,5.43,0.581,B_신뢰
1007660,여주시(이포대교),한강,37.401111,127.5375,1,466,금사,37.39255,127.53332,141 경기도 여주시 금사면 이포리,1.02,0.903,A_매우신뢰
1007660,여주시(이포대교),한강,37.401111,127.5375,2,574,대신,37.3694,127.58711,경기도 여주시 대신면 초현리,5.63,0.5695,B_신뢰
1007660,여주시(이포대교),한강,37.401111,127.5375,3,463,흥천,37.33268,127.54146,141 경기도 여주시 흥천면,7.62,0.4667,B_신뢰
1007662,이포보(상류),한강,37.401111,127.537778,1,466,금사,37.39255,127.53332,141 경기도 여주시 금사면 이포리,1.03,0.9021,A_매우신뢰
1007662,이포보(상류),한강,37.401111,127.537778,2,574,대신,37.3694,127.58711,경기도 여주시 대신면 초현리,5.61,0.5706,B_신뢰
1007662,이포보(상류),한강,37.401111,127.537778,3,463,흥천,37.33268,127.54146,141 경기도 여주시 흥천면,7.62,0.4667,B_신뢰
1007664,이포보(하류),한강,37.408333,127.541389,1,466,금사,37.39255,127.53332,141 경기도 여주시 금사면 이포리,1.89,0.8278,A_매우신뢰
1007664,이포보(하류),한강,37.408333,127.541389,2,574,대신,37.3694,127.58711,경기도 여주시 대신면 초현리,5.92,0.5532,B_신뢰
1007664,이포보(하류),한강,37.408333,127.541389,3,463,흥천,37.33268,127.54146,141 경기도 여주시 흥천면,8.41,0.4313,B_신뢰
1007672,금사,한강,37.388611,127.488889,1,466,금사,37.39255,127.53332,141 경기도 여주시 금사면 이포리,3.95,0.6737,A_매우신뢰
1007672,금사,한강,37.388611,127.488889,2,448,산북,37.40188,127.44299,경기도 여주시 산북면 상품리,4.31,0.6499,A_매우신뢰
1007672,금사,한강,37.388611,127.488889,3,533,백사,37.32777,127.48073,경기도 이천시 백사면 조읍리,6.8,0.5066,B_신뢰
1007680,양평군(흑천교),한강,37.466111,127.5275,1,202,양평,37.48863,127.49446,경기도 양평군 양평읍 양근리,3.84,0.6811,A_매우신뢰
1007680,양평군(흑천교),한강,37.466111,127.5275,2,466,금사,37.39255,127.53332,141 경기도 여주시 금사면 이포리,8.2,0.4404,B_신뢰
1007680,양평군(흑천교),한강,37.466111,127.5275,3,449,옥천,37.51002,127.44809,경기도 양평군 옥천면 옥천리,8.54,0.4257,B_신뢰
1007685,양평군(양평교),한강,37.486389,127.49,1,202,양평,37.48863,127.49446,경기도 양평군 양평읍 양근리,0.47,0.9541,A_매우신뢰
1007685,양평군(양평교),한강,37.486389,127.49,2,449,옥천,37.51002,127.44809,경기도 양평군 옥천면 옥천리,4.54,0.6351,A_매우신뢰
1007685,양평군(양평교),한강,37.486389,127.49,3,448,산북,37.40188,127.44299,경기도 여주시 산북면 상품리,10.27,0.3581,C_보통
1007687,양평군(여물교),한강,37.555,127.708056,1,573,청운,37.55821,127.71352,경기도 양평군 청운면 용두리,0.6,0.9418,A_매우신뢰
1007687,양평군(여물교),한강,37.555,127.708056,2,326,용문산,37.54553,127.61126,경기도 양평군 용문면 중원리,8.6,0.4232,B_신뢰
1007687,양평군(여물교),한강,37.555,127.708056,3,349,시동,37.59997,127.84308,강원특별자치도 홍천군 남면 시동리,12.91,0.275,C_보통
1007688,양평군(보룡교),한강,37.536667,127.675556,1,573,청운,37.55821,127.71352,경기도 양평군 청운면 용두리,4.12,0.6623,A_매우신뢰
1007688,양평군(보룡교),한강,37.536667,127.675556,2,326,용문산,37.54553,127.61126,경기도 양평군 용문면 중원리,5.75,0.5627,B_신뢰
1007688,양평군(보룡교),한강,37.536667,127.675556,3,547,양동,37.41593,127.75488,경기도 양평군 양동면 쌍학리,15.14,0.22,D_주의
1007690,양평군(봉상교),한강,37.511667,127.651389,1,326,용문산,37.54553,127.61126,경기도 양평군 용문면 중원리,5.17,0.5963,B_신뢰
1007690,양평군(봉상교),한강,37.511667,127.651389,2,573,청운,37.55821,127.71352,경기도 양평군 청운면 용두리,7.54,0.4705,B_신뢰
1007690,양평군(봉상교),한강,37.511667,127.651389,3,547,양동,37.41593,127.75488,경기도 양평군 양동면 쌍학리,14.03,0.2459,C_보통
1007695,양평군(다문교),한강,37.480278,127.588333,1,326,용문산,37.54553,127.61126,경기도 양평군 용문면 중원리,7.53,0.471,B_신뢰
1007695,양평군(다문교),한강,37.480278,127.588333,2,202,양평,37.48863,127.49446,경기도 양평군 양평읍 양근리,8.33,0.4347,B_신뢰
1007695,양평군(다문교),한강,37.480278,127.588333,3,466,금사,37.39255,127.53332,141 경기도 여주시 금사면 이포리,10.9,0.3362,C_보통
1007697,양평군(신원리),한강,37.525,127.371389,1,449,옥천,37.51002,127.44809,경기도 양평군 옥천면 옥천리,6.97,0.4981,B_신뢰
1007697,양평군(신원리),한강,37.525,127.371389,2,458,퇴촌,37.4747,127.30579,141 경기도 광주시 퇴촌면 오리,8.05,0.4471,B_신뢰
1007697,양평군(신원리),한강,37.525,127.371389,3,202,양평,37.48863,127.49446,경기도 양평군 양평읍 양근리,11.58,0.3141,C_보통
1009650,화천군(평화의댐),한강,38.210278,127.844444,1,680,평화,38.21277,127.84468,강원특별자치도 화천군 화천읍 동촌리,0.28,0.9724,A_매우신뢰
1009650,화천군(평화의댐),한강,38.210278,127.844444,2,682,임남,38.2806,127.8647,강원특별자치도 철원군 임남면,8.02,0.4484,B_신뢰
1009650,화천군(평화의댐),한강,38.210278,127.844444,3,587,방산,38.22642,127.95329,강원특별자치도 양구군 방산면 송현리,9.68,0.3798,B_신뢰
1009652,화천군(평화나래교),한강,38.208056,127.849444,1,680,평화,38.21277,127.84468,강원특별자치도 화천군 화천읍 동촌리,0.67,0.9352,A_매우신뢰
1009652,화천군(평화나래교),한강,38.208056,127.849444,2,682,임남,38.2806,127.8647,강원특별자치도 철원군 임남면,8.18,0.4413,B_신뢰
1009652,화천군(평화나래교),한강,38.208056,127.849444,3,587,방산,38.22642,127.95329,강원특별자치도 양구군 방산면 송현리,9.3,0.3946,B_신뢰
1010630,약수교,한강,38.1675,128.043056,1,556,양구,38.09799,127.98527,강원특별자치도 양구군 양구읍 정림리,9.23,0.3973,B_신뢰
1010630,약수교,한강,38.1675,128.043056,2,587,방산,38.22642,127.95329,강원특별자치도 양구군 방산면 송현리,10.22,0.3599,C_보통
1010630,약수교,한강,38.1675,128.043056,3,518,해안,38.26958,128.1211,(산지)강원특별자치도 양구군 해안면 오유리,13.24,0.2661,C_보통
1010631,양구군(양지교),한강,38.135,128.045278,1,556,양구,38.09799,127.98527,강원특별자치도 양구군 양구읍 정림리,6.67,0.5132,B_신뢰
1010631,양구군(양지교),한강,38.135,128.045278,2,587,방산,38.22642,127.95329,강원특별자치도 양구군 방산면 송현리,12.96,0.2736,C_보통
1010631,양구군(양지교),한강,38.135,128.045278,3,321,원통,38.1147,128.1963,(산지)강원특별자치도 인제군 북면 원통리,13.4,0.2618,C_보통
1010633,양구군(송청제2교),한강,38.088611,127.996944,1,556,양구,38.09799,127.98527,강원특별자치도 양구군 양구읍 정림리,1.46,0.8642,A_매우신뢰
1010633,양구군(송청제2교),한강,38.088611,127.996944,2,586,북산,38.03209,127.87694,강원특별자치도 춘천시 북산면 추곡리,12.24,0.2941,C_보통
1010633,양구군(송청제2교),한강,38.088611,127.996944,3,211,인제,38.05986,128.16714,강원특별자치도 인제군 인제읍 남북리,15.24,0.2178,D_주의
1010635,하리교,한강,38.107778,127.984167,1,556,양구,38.09799,127.98527,강원특별자치도 양구군 양구읍 정림리,1.09,0.8967,A_매우신뢰
1010635,하리교,한강,38.107778,127.984167,2,586,북산,38.03209,127.87694,강원특별자치도 춘천시 북산면 추곡리,12.61,0.2834,C_보통
1010635,하리교,한강,38.107778,127.984167,3,587,방산,38.22642,127.95329,강원특별자치도 양구군 방산면 송현리,13.47,0.26,C_보통
1010640,양구군(각시교),한강,38.190278,127.925556,1,587,방산,38.22642,127.95329,강원특별자치도 양구군 방산면 송현리,4.69,0.6256,A_매우신뢰
1010640,양구군(각시교),한강,38.190278,127.925556,2,680,평화,38.21277,127.84468,강원특별자치도 화천군 화천읍 동촌리,7.5,0.4724,B_신뢰
1010640,양구군(각시교),한강,38.190278,127.925556,3,682,임남,38.2806,127.8647,강원특별자치도 철원군 임남면,11.36,0.3211,C_보통
1010642,남전교,한강,38.183056,127.901389,1,680,평화,38.21277,127.84468,강원특별자치도 화천군 화천읍 동촌리,5.96,0.551,B_신뢰
1010642,남전교,한강,38.183056,127.901389,2,587,방산,38.22642,127.95329,강원특별자치도 양구군 방산면 송현리,6.62,0.5158,B_신뢰
1010642,남전교,한강,38.183056,127.901389,3,682,임남,38.2806,127.8647,강원특별자치도 철원군 임남면,11.31,0.3227,C_보통
1010660,화천군(화천댐),한강,38.1175,127.777222,1,681,간동,38.0512,127.79064,강원특별자치도 화천군 간동면 유촌리,7.47,0.4738,B_신뢰
1010660,화천군(화천댐),한강,38.1175,127.777222,2,555,화천,38.08371,127.69062,강원특별자치도 화천군 하남면 거례리,8.46,0.4291,B_신뢰
1010660,화천군(화천댐),한강,38.1175,127.777222,3,680,평화,38.21277,127.84468,강원특별자치도 화천군 화천읍 동촌리,12.12,0.2976,C_보통
1010661,화천댐,한강,38.116667,127.783333,1,681,간동,38.0512,127.79064,강원특별자치도 화천군 간동면 유촌리,7.31,0.4814,B_신뢰
1010661,화천댐,한강,38.116667,127.783333,2,555,화천,38.08371,127.69062,강원특별자치도 화천군 하남면 거례리,8.9,0.4107,B_신뢰
1010661,화천댐,한강,38.116667,127.783333,3,680,평화,38.21277,127.84468,강원특별자치도 화천군 화천읍 동촌리,11.96,0.3024,C_보통
1010670,화천군(오작교),한강,38.285,127.811944,1,682,임남,38.2806,127.8647,강원특별자치도 철원군 임남면,4.63,0.6294,A_매우신뢰
1010670,화천군(오작교),한강,38.285,127.811944,2,680,평화,38.21277,127.84468,강원특별자치도 화천군 화천읍 동촌리,8.53,0.4261,B_신뢰
1010670,화천군(오작교),한강,38.285,127.811944,3,322,상서,38.23158,127.68573,강원특별자치도 화천군 상서면 산양리,12.52,0.2859,C_보통
1010673,화천군(신대교),한강,38.133611,127.676389,1,555,화천,38.08371,127.69062,강원특별자치도 화천군 하남면 거례리,5.69,0.5661,B_신뢰
1010673,화천군(신대교),한강,38.133611,127.676389,2,322,상서,38.23158,127.68573,강원특별자치도 화천군 상서면 산양리,10.92,0.3355,C_보통
1010673,화천군(신대교),한강,38.133611,127.676389,3,681,간동,38.0512,127.79064,강원특별자치도 화천군 간동면 유촌리,13.56,0.2577,C_보통
1010674,화천군(신읍교),한강,38.119444,127.697222,1,555,화천,38.08371,127.69062,강원특별자치도 화천군 하남면 거례리,4.02,0.669,A_매우신뢰
1010674,화천군(신읍교),한강,38.119444,127.697222,2,681,간동,38.0512,127.79064,강원특별자치도 화천군 간동면 유촌리,11.15,0.3279,C_보통
1010674,화천군(신읍교),한강,38.119444,127.697222,3,322,상서,38.23158,127.68573,강원특별자치도 화천군 상서면 산양리,12.51,0.2862,C_보통
1010675,화천,한강,38.1,127.716667,1,555,화천,38.08371,127.69062,강원특별자치도 화천군 하남면 거례리,2.91,0.7475,A_매우신뢰
1010675,화천,한강,38.1,127.716667,2,681,간동,38.0512,127.79064,강원특별자치도 화천군 간동면 유촌리,8.45,0.4296,B_신뢰
1010675,화천,한강,38.1,127.716667,3,322,상서,38.23158,127.68573,강원특별자치도 화천군 상서면 산양리,14.88,0.2258,C_보통
1010677,용신교,한강,38.108889,127.704444,1,555,화천,38.08371,127.69062,강원특별자치도 화천군 하남면 거례리,3.05,0.7371,A_매우신뢰
1010677,용신교,한강,38.108889,127.704444,2,681,간동,38.0512,127.79064,강원특별자치도 화천군 간동면 유촌리,9.9,0.3716,B_신뢰
1010677,용신교,한강,38.108889,127.704444,3,322,상서,38.23158,127.68573,강원특별자치도 화천군 상서면 산양리,13.74,0.2531,C_보통
1010680,화천군(화천대교),한강,38.098333,127.708056,1,555,화천,38.08371,127.69062,강원특별자치도 화천군 하남면 거례리,2.23,0.8001,A_매우신뢰
1010680,화천군(화천대교),한강,38.098333,127.708056,2,681,간동,38.0512,127.79064,강원특별자치도 화천군 간동면 유촌리,8.93,0.4094,B_신뢰
1010680,화천군(화천대교),한강,38.098333,127.708056,3,322,상서,38.23158,127.68573,강원특별자치도 화천군 상서면 산양리,14.94,0.2245,C_보통
1010684,오탄교,한강,38.108889,127.636944,1,555,화천,38.08371,127.69062,강원특별자치도 화천군 하남면 거례리,5.47,0.5787,B_신뢰
1010684,오탄교,한강,38.108889,127.636944,2,519,사내,38.07545,127.51941,강원특별자치도 화천군 사내면 사창리,10.94,0.3349,C_보통
1010684,오탄교,한강,38.108889,127.636944,3,322,상서,38.23158,127.68573,강원특별자치도 화천군 상서면 산양리,14.29,0.2395,C_보통
1010686,화천군(일광교),한강,38.060833,127.526389,1,519,사내,38.07545,127.51941,강원특별자치도 화천군 사내면 사창리,1.74,0.8403,A_매우신뢰
1010686,화천군(일광교),한강,38.060833,127.526389,2,695,광덕산,38.11619,127.43197,강원특별자치도 화천군 사내면 광덕리,10.3,0.357,C_보통
1010686,화천군(일광교),한강,38.060833,127.526389,3,555,화천,38.08371,127.69062,강원특별자치도 화천군 하남면 거례리,14.6,0.2322,C_보통
1010688,춘천댐,한강,37.966667,127.670833,1,93,북춘천,37.94738,127.75443,강원특별자치도 춘천시 신북읍 산천리,7.64,0.4658,B_신뢰
1010688,춘천댐,한강,37.966667,127.670833,2,101,춘천,37.90262,127.7357,강원특별자치도 춘천시 우두동,9.11,0.4021,B_신뢰
1010688,춘천댐,한강,37.966667,127.670833,3,978,춘천신북,37.95461,127.77626,강원특별자치도 춘천시 신북읍 유포리,9.34,0.393,B_신뢰
1010690,춘천시(춘천댐),한강,37.968611,127.668333,1,93,북춘천,37.94738,127.75443,강원특별자치도 춘천시 신북읍 산천리,7.91,0.4534,B_신뢰
1010690,춘천시(춘천댐),한강,37.968611,127.668333,2,101,춘천,37.90262,127.7357,강원특별자치도 춘천시 우두동,9.42,0.3898,B_신뢰
1010690,춘천시(춘천댐),한강,37.968611,127.668333,3,978,춘천신북,37.95461,127.77626,강원특별자치도 춘천시 신북읍 유포리,9.59,0.3833,B_신뢰
1010695,춘천시(춘천댐하류),한강,37.959444,127.675833,1,93,북춘천,37.94738,127.75443,강원특별자치도 춘천시 신북읍 산천리,7.02,0.4956,B_신뢰
1010695,춘천시(춘천댐하류),한강,37.959444,127.675833,2,101,춘천,37.90262,127.7357,강원특별자치도 춘천시 우두동,8.22,0.4396,B_신뢰
1010695,춘천시(춘천댐하류),한강,37.959444,127.675833,3,978,춘천신북,37.95461,127.77626,강원특별자치도 춘천시 신북읍 유포리,8.82,0.414,B_신뢰
1011620,인제군(반월촌교),한강,38.264444,128.203611,1,594,서화,38.2533,128.21,(산지)강원특별자치도 인제군 서화면 서화리,1.36,0.8728,A_매우신뢰
1011620,인제군(반월촌교),한강,38.264444,128.203611,2,518,해안,38.26958,128.1211,(산지)강원특별자치도 양구군 해안면 오유리,7.23,0.4853,B_신뢰
1011620,인제군(반월촌교),한강,38.264444,128.203611,3,320,향로봉,38.33104,128.31375,(산지)강원특별자치도 고성군 수동면 상원리,12.13,0.2973,C_보통
1011640,인제군(십이선녀교),한강,38.183889,128.301111,1,595,진부령,38.26414,128.37415,(산지)강원특별자치도 고성군 간성읍 흘리,10.97,0.3339,C_보통
1011640,인제군(십이선녀교),한강,38.183889,128.301111,2,594,서화,38.2533,128.21,(산지)강원특별자치도 인제군 서화면 서화리,11.09,0.3299,C_보통
1011640,인제군(십이선녀교),한강,38.183889,128.301111,3,321,원통,38.1147,128.1963,(산지)강원특별자치도 인제군 북면 원통리,11.97,0.3021,C_보통
1011650,인제군(어두원교),한강,38.135556,128.233333,1,321,원통,38.1147,128.1963,(산지)강원특별자치도 인제군 북면 원통리,3.98,0.6717,A_매우신뢰
1011650,인제군(어두원교),한강,38.135556,128.233333,2,211,인제,38.05986,128.16714,강원특별자치도 인제군 인제읍 남북리,10.22,0.3599,C_보통
1011650,인제군(어두원교),한강,38.135556,128.233333,3,594,서화,38.2533,128.21,(산지)강원특별자치도 인제군 서화면 서화리,13.25,0.2658,C_보통
1011690,인제군(원통리),한강,38.120833,128.209444,1,321,원통,38.1147,128.1963,(산지)강원특별자치도 인제군 북면 원통리,1.34,0.8746,A_매우신뢰
1011690,인제군(원통리),한강,38.120833,128.209444,2,211,인제,38.05986,128.16714,강원특별자치도 인제군 인제읍 남북리,7.72,0.4621,B_신뢰
1011690,인제군(원통리),한강,38.120833,128.209444,3,594,서화,38.2533,128.21,(산지)강원특별자치도 인제군 서화면 서화리,14.73,0.2292,C_보통
1011693,인제군(도리촌교),한강,38.0975,128.206944,1,321,원통,38.1147,128.1963,(산지)강원특별자치도 인제군 북면 원통리,2.13,0.8082,A_매우신뢰
1011693,인제군(도리촌교),한강,38.0975,128.206944,2,211,인제,38.05986,128.16714,강원특별자치도 인제군 인제읍 남북리,5.45,0.5798,B_신뢰
1011693,인제군(도리촌교),한강,38.0975,128.206944,3,594,서화,38.2533,128.21,(산지)강원특별자치도 인제군 서화면 서화리,17.33,0.1768,D_주의
1011695,인제군(리빙스턴교),한강,38.088333,128.183333,1,321,원통,38.1147,128.1963,(산지)강원특별자치도 인제군 북면 원통리,3.14,0.7305,A_매우신뢰
1011695,인제군(리빙스턴교),한강,38.088333,128.183333,2,211,인제,38.05986,128.16714,강원특별자치도 인제군 인제읍 남북리,3.47,0.7068,A_매우신뢰
1011695,인제군(리빙스턴교),한강,38.088333,128.183333,3,585,신남,37.95996,128.0742,강원특별자치도 인제군 남면 신풍리,17.18,0.1794,D_주의
1012625,홍천군(가덕교),한강,37.834167,128.408056,1,559,내면,37.77805,128.39728,(산지)강원특별자치도 홍천군 내면 창촌리,6.31,0.5321,B_신뢰
1012625,홍천군(가덕교),한강,37.834167,128.408056,2,498,구룡령,37.87925,128.51447,(산지)강원특별자치도 홍천군 내면 명개리,10.6,0.3465,C_보통
1012625,홍천군(가덕교),한강,37.834167,128.408056,3,557,기린,37.9537,128.31388,(산지)강원특별자치도 인제군 기린면 현리,15.65,0.2091,D_주의
1012630,인제군(왕성동교),한강,37.871944,128.322778,1,557,기린,37.9537,128.31388,(산지)강원특별자치도 인제군 기린면 현리,9.12,0.4017,B_신뢰
1012630,인제군(왕성동교),한강,37.871944,128.322778,2,559,내면,37.77805,128.39728,(산지)강원특별자치도 홍천군 내면 창촌리,12.32,0.2917,C_보통
1012630,인제군(왕성동교),한강,37.871944,128.322778,3,498,구룡령,37.87925,128.51447,(산지)강원특별자치도 홍천군 내면 명개리,16.84,0.1856,D_주의
1012635,인제군(양지교),한강,37.876667,128.288333,1,557,기린,37.9537,128.31388,(산지)강원특별자치도 인제군 기린면 현리,8.85,0.4127,B_신뢰
1012635,인제군(양지교),한강,37.876667,128.288333,2,559,내면,37.77805,128.39728,(산지)강원특별자치도 홍천군 내면 창촌리,14.55,0.2334,C_보통
1012635,인제군(양지교),한강,37.876667,128.288333,3,498,구룡령,37.87925,128.51447,(산지)강원특별자치도 홍천군 내면 명개리,19.85,0.1374,D_주의
1012638,인제군(진동2교),한강,37.963056,128.403333,1,557,기린,37.9537,128.31388,(산지)강원특별자치도 인제군 기린면 현리,7.91,0.4534,B_신뢰
1012638,인제군(진동2교),한강,37.963056,128.403333,2,350,조침령,37.99534,128.49556,(산지)강원특별자치도 인제군 기린면 진동리,8.84,0.4131,B_신뢰
1012638,인제군(진동2교),한강,37.963056,128.403333,3,593,양양영덕,38.00731,128.54069,(산지)강원특별자치도 양양군 서면 영덕리,13.0,0.2725,C_보통
1012639,인제군(서호교),한강,37.943056,128.312778,1,557,기린,37.9537,128.31388,(산지)강원특별자치도 인제군 기린면 현리,1.19,0.8878,A_매우신뢰
1012639,인제군(서호교),한강,37.943056,128.312778,2,350,조침령,37.99534,128.49556,(산지)강원특별자치도 인제군 기린면 진동리,17.04,0.182,D_주의
1012639,인제군(서호교),한강,37.943056,128.312778,3,211,인제,38.05986,128.16714,강원특별자치도 인제군 인제읍 남북리,18.21,0.1619,D_주의
1012640,인제군(현리교),한강,37.948056,128.317222,1,557,기린,37.9537,128.31388,(산지)강원특별자치도 인제군 기린면 현리,0.69,0.9333,A_매우신뢰
1012640,인제군(현리교),한강,37.948056,128.317222,2,350,조침령,37.99534,128.49556,(산지)강원특별자치도 인제군 기린면 진동리,16.49,0.1922,D_주의
1012640,인제군(현리교),한강,37.948056,128.317222,3,211,인제,38.05986,128.16714,강원특별자치도 인제군 인제읍 남북리,18.1,0.1637,D_주의
1012645,인제군(하죽천교),한강,37.976944,128.308056,1,557,기린,37.9537,128.31388,(산지)강원특별자치도 인제군 기린면 현리,2.63,0.7687,A_매우신뢰
1012645,인제군(하죽천교),한강,37.976944,128.308056,2,211,인제,38.05986,128.16714,강원특별자치도 인제군 인제읍 남북리,15.41,0.2142,D_주의
1012645,인제군(하죽천교),한강,37.976944,128.308056,3,350,조침령,37.99534,128.49556,(산지)강원특별자치도 인제군 기린면 진동리,16.56,0.1909,D_주의
1012650,인제군(원대교),한강,38.008056,128.240833,1,211,인제,38.05986,128.16714,강원특별자치도 인제군 인제읍 남북리,8.65,0.4211,B_신뢰
1012650,인제군(원대교),한강,38.008056,128.240833,2,557,기린,37.9537,128.31388,(산지)강원특별자치도 인제군 기린면 현리,8.8,0.4148,B_신뢰
1012650,인제군(원대교),한강,38.008056,128.240833,3,321,원통,38.1147,128.1963,(산지)강원특별자치도 인제군 북면 원통리,12.48,0.2871,C_보통
1012657,인제군(살구미교),한강,38.055278,128.168333,1,211,인제,38.05986,128.16714,강원특별자치도 인제군 인제읍 남북리,0.52,0.9493,A_매우신뢰
1012657,인제군(살구미교),한강,38.055278,128.168333,2,321,원통,38.1147,128.1963,(산지)강원특별자치도 인제군 북면 원통리,7.05,0.4941,B_신뢰
1012657,인제군(살구미교),한강,38.055278,128.168333,3,585,신남,37.95996,128.0742,강원특별자치도 인제군 남면 신풍리,13.43,0.2611,C_보통
1012660,인제1,한강,38.016667,128.133333,1,211,인제,38.05986,128.16714,강원특별자치도 인제군 인제읍 남북리,5.64,0.5689,B_신뢰
1012660,인제1,한강,38.016667,128.133333,2,585,신남,37.95996,128.0742,강원특별자치도 인제군 남면 신풍리,8.16,0.4422,B_신뢰
1012660,인제1,한강,38.016667,128.133333,3,321,원통,38.1147,128.1963,(산지)강원특별자치도 인제군 북면 원통리,12.22,0.2946,C_보통
1012665,인제2,한강,38.033333,128.15,1,211,인제,38.05986,128.16714,강원특별자치도 인제군 인제읍 남북리,3.31,0.7182,A_매우신뢰
1012665,인제2,한강,38.033333,128.15,2,321,원통,38.1147,128.1963,(산지)강원특별자치도 인제군 북면 원통리,9.91,0.3712,B_신뢰
1012665,인제2,한강,38.033333,128.15,3,585,신남,37.95996,128.0742,강원특별자치도 인제군 남면 신풍리,10.52,0.3492,C_보통
1012670,인제군(양구교),한강,37.993889,128.056667,1,585,신남,37.95996,128.0742,강원특별자치도 인제군 남면 신풍리,4.07,0.6656,A_매우신뢰
1012670,인제군(양구교),한강,37.993889,128.056667,2,211,인제,38.05986,128.16714,강원특별자치도 인제군 인제읍 남북리,12.14,0.297,C_보통
1012670,인제군(양구교),한강,37.993889,128.056667,3,556,양구,38.09799,127.98527,강원특별자치도 양구군 양구읍 정림리,13.16,0.2682,C_보통
1012680,춘천시(소양강댐),한강,37.949167,127.815278,1,978,춘천신북,37.95461,127.77626,강원특별자치도 춘천시 신북읍 유포리,3.47,0.7068,A_매우신뢰
1012680,춘천시(소양강댐),한강,37.949167,127.815278,2,93,북춘천,37.94738,127.75443,강원특별자치도 춘천시 신북읍 산천리,5.34,0.5863,B_신뢰
1012680,춘천시(소양강댐),한강,37.949167,127.815278,3,101,춘천,37.90262,127.7357,강원특별자치도 춘천시 우두동,8.69,0.4194,B_신뢰
1012682,춘천시(소양강댐방수로),한강,37.944167,127.810833,1,978,춘천신북,37.95461,127.77626,강원특별자치도 춘천시 신북읍 유포리,3.25,0.7225,A_매우신뢰
1012682,춘천시(소양강댐방수로),한강,37.944167,127.810833,2,93,북춘천,37.94738,127.75443,강원특별자치도 춘천시 신북읍 산천리,4.96,0.609,A_매우신뢰
1012682,춘천시(소양강댐방수로),한강,37.944167,127.810833,3,101,춘천,37.90262,127.7357,강원특별자치도 춘천시 우두동,8.05,0.4471,B_신뢰
1012685,춘천시(천전리),한강,37.930278,127.789722,1,978,춘천신북,37.95461,127.77626,강원특별자치도 춘천시 신북읍 유포리,2.95,0.7445,A_매우신뢰
1012685,춘천시(천전리),한강,37.930278,127.789722,2,93,북춘천,37.94738,127.75443,강원특별자치도 춘천시 신북읍 산천리,3.63,0.6956,A_매우신뢰
1012685,춘천시(천전리),한강,37.930278,127.789722,3,101,춘천,37.90262,127.7357,강원특별자치도 춘천시 우두동,5.65,0.5684,B_신뢰
1012688,춘천시(소양6교),한강,37.925833,127.778889,1,978,춘천신북,37.95461,127.77626,강원특별자치도 춘천시 신북읍 유포리,3.21,0.7254,A_매우신뢰
1012688,춘천시(소양6교),한강,37.925833,127.778889,2,93,북춘천,37.94738,127.75443,강원특별자치도 춘천시 신북읍 산천리,3.22,0.7247,A_매우신뢰
1012688,춘천시(소양6교),한강,37.925833,127.778889,3,101,춘천,37.90262,127.7357,강원특별자치도 춘천시 우두동,4.58,0.6325,A_매우신뢰
1012690,소양강,한강,37.917778,127.784167,1,978,춘천신북,37.95461,127.77626,강원특별자치도 춘천시 신북읍 유포리,4.15,0.6603,A_매우신뢰
1012690,소양강,한강,37.917778,127.784167,2,93,북춘천,37.94738,127.75443,강원특별자치도 춘천시 신북읍 산천리,4.2,0.657,A_매우신뢰
1012690,소양강,한강,37.917778,127.784167,3,101,춘천,37.90262,127.7357,강원특별자치도 춘천시 우두동,4.57,0.6332,A_매우신뢰
1012695,춘천2,한강,37.890278,127.724722,1,101,춘천,37.90262,127.7357,강원특별자치도 춘천시 우두동,1.68,0.8454,A_매우신뢰
1012695,춘천2,한강,37.890278,127.724722,2,93,북춘천,37.94738,127.75443,강원특별자치도 춘천시 신북읍 산천리,6.86,0.5036,B_신뢰
1012695,춘천2,한강,37.890278,127.724722,3,978,춘천신북,37.95461,127.77626,강원특별자치도 춘천시 신북읍 유포리,8.46,0.4291,B_신뢰
1013610,춘천시(효자교),한강,37.8675,127.7275,1,101,춘천,37.90262,127.7357,강원특별자치도 춘천시 우두동,3.97,0.6723,A_매우신뢰
1013610,춘천시(효자교),한강,37.8675,127.7275,2,93,북춘천,37.94738,127.75443,강원특별자치도 춘천시 신북읍 산천리,9.19,0.3989,B_신뢰
1013610,춘천시(효자교),한강,37.8675,127.7275,3,978,춘천신북,37.95461,127.77626,강원특별자치도 춘천시 신북읍 유포리,10.59,0.3468,C_보통
1013620,목동교,한강,37.883056,127.548333,1,531,가평북면,37.89807,127.55219,경기도 가평군 북면 소법리,1.7,0.8437,A_매우신뢰
1013620,목동교,한강,37.883056,127.548333,2,455,경기가평,37.84598,127.50083,경기도 가평군 가평읍 읍내리,5.86,0.5565,B_신뢰
1013620,목동교,한강,37.883056,127.548333,3,675,남이섬,37.78978,127.52769,강원특별자치도 춘천시 남산면 방하리,10.53,0.3489,C_보통
1013635,의암댐,한강,37.838056,127.673611,1,588,남산,37.79066,127.64289,강원특별자치도 춘천시 남산면 방곡리,5.92,0.5532,B_신뢰
1013635,의암댐,한강,37.838056,127.673611,2,101,춘천,37.90262,127.7357,강원특별자치도 춘천시 우두동,9.01,0.4062,B_신뢰
1013635,의암댐,한강,37.838056,127.673611,3,531,가평북면,37.89807,127.55219,경기도 가평군 북면 소법리,12.58,0.2842,C_보통
1013637,춘천시(소양2교),한강,37.893056,127.7225,1,101,춘천,37.90262,127.7357,강원특별자치도 춘천시 우두동,1.57,0.8547,A_매우신뢰
1013637,춘천시(소양2교),한강,37.893056,127.7225,2,93,북춘천,37.94738,127.75443,강원특별자치도 춘천시 신북읍 산천리,6.66,0.5138,B_신뢰
1013637,춘천시(소양2교),한강,37.893056,127.7225,3,978,춘천신북,37.95461,127.77626,강원특별자치도 춘천시 신북읍 유포리,8.31,0.4356,B_신뢰
1013643,춘천시(팔미3교),한강,37.82,127.701389,1,588,남산,37.79066,127.64289,강원특별자치도 춘천시 남산면 방곡리,6.09,0.5439,B_신뢰
1013643,춘천시(팔미3교),한강,37.82,127.701389,2,101,춘천,37.90262,127.7357,강원특별자치도 춘천시 우두동,9.67,0.3802,B_신뢰
1013643,춘천시(팔미3교),한강,37.82,127.701389,3,558,팔봉,37.68614,127.70066,강원특별자치도 홍천군 서면 팔봉리,14.88,0.2258,C_보통
1013645,춘천시(강촌교),한강,37.8175,127.633611,1,588,남산,37.79066,127.64289,강원특별자치도 춘천시 남산면 방곡리,3.09,0.7342,A_매우신뢰
1013645,춘천시(강촌교),한강,37.8175,127.633611,2,675,남이섬,37.78978,127.52769,강원특별자치도 춘천시 남산면 방하리,9.8,0.3753,B_신뢰
1013645,춘천시(강촌교),한강,37.8175,127.633611,3,531,가평북면,37.89807,127.55219,경기도 가평군 북면 소법리,11.46,0.3179,C_보통
1013650,가평군(제령교),한강,37.895278,127.530278,1,531,가평북면,37.89807,127.55219,경기도 가평군 북면 소법리,1.95,0.8228,A_매우신뢰
1013650,가평군(제령교),한강,37.895278,127.530278,2,455,경기가평,37.84598,127.50083,경기도 가평군 가평읍 읍내리,6.06,0.5455,B_신뢰
1013650,가평군(제령교),한강,37.895278,127.530278,3,675,남이섬,37.78978,127.52769,강원특별자치도 춘천시 남산면 방하리,11.73,0.3094,C_보통
1013651,가평군(화악교),한강,37.921111,127.566389,1,531,가평북면,37.89807,127.55219,경기도 가평군 북면 소법리,2.85,0.752,A_매우신뢰
1013651,가평군(화악교),한강,37.921111,127.566389,2,455,경기가평,37.84598,127.50083,경기도 가평군 가평읍 읍내리,10.14,0.3628,C_보통
1013651,가평군(화악교),한강,37.921111,127.566389,3,675,남이섬,37.78978,127.52769,강원특별자치도 춘천시 남산면 방하리,14.99,0.2234,C_보통
1013652,가평천,한강,37.874722,127.527778,1,531,가평북면,37.89807,127.55219,경기도 가평군 북면 소법리,3.37,0.7139,A_매우신뢰
1013652,가평천,한강,37.874722,127.527778,2,455,경기가평,37.84598,127.50083,경기도 가평군 가평읍 읍내리,3.98,0.6717,A_매우신뢰
1013652,가평천,한강,37.874722,127.527778,3,675,남이섬,37.78978,127.52769,강원특별자치도 춘천시 남산면 방하리,9.45,0.3887,B_신뢰
1013655,가평군(가평교),한강,37.831389,127.518056,1,455,경기가평,37.84598,127.50083,경기도 가평군 가평읍 읍내리,2.22,0.8009,A_매우신뢰
1013655,가평군(가평교),한강,37.831389,127.518056,2,675,남이섬,37.78978,127.52769,강원특별자치도 춘천시 남산면 방하리,4.7,0.625,A_매우신뢰
1013655,가평군(가평교),한강,37.831389,127.518056,3,531,가평북면,37.89807,127.55219,경기도 가평군 북면 소법리,8.0,0.4493,B_신뢰
1014618,홍천군(용호대교),한강,37.77,128.153333,1,535,서석,37.71701,128.18265,강원특별자치도 홍천군 서석면 풍암리,6.43,0.5257,B_신뢰
1014618,홍천군(용호대교),한강,37.77,128.153333,2,522,화촌,37.78712,127.9838,강원특별자치도 홍천군 화촌면 주음치리,15.02,0.2227,D_주의
1014618,홍천군(용호대교),한강,37.77,128.153333,3,561,청일,37.58219,128.15275,강원특별자치도 횡성군 청일면 유동리,20.88,0.1239,E_부적합
1014620,홍천군(용선교),한강,37.813333,128.065278,1,522,화촌,37.78712,127.9838,강원특별자치도 홍천군 화촌면 주음치리,7.73,0.4616,B_신뢰
1014620,홍천군(용선교),한강,37.813333,128.065278,2,535,서석,37.71701,128.18265,강원특별자치도 홍천군 서석면 풍암리,14.87,0.226,C_보통
1014620,홍천군(용선교),한강,37.813333,128.065278,3,585,신남,37.95996,128.0742,강원특별자치도 인제군 남면 신풍리,16.32,0.1955,D_주의
1014622,홍천군(지다치교),한강,37.819722,128.005,1,522,화촌,37.78712,127.9838,강원특별자치도 홍천군 화촌면 주음치리,4.08,0.665,A_매우신뢰
1014622,홍천군(지다치교),한강,37.819722,128.005,2,585,신남,37.95996,128.0742,강원특별자치도 인제군 남면 신풍리,16.73,0.1877,D_주의
1014622,홍천군(지다치교),한강,37.819722,128.005,3,212,홍천,37.6836,127.88043,강원특별자치도 홍천군 홍천읍 연봉리,18.68,0.1544,D_주의
1014630,홍천군(주음치교),한강,37.784444,127.983333,1,522,화촌,37.78712,127.9838,강원특별자치도 홍천군 화촌면 주음치리,0.3,0.9704,A_매우신뢰
1014630,홍천군(주음치교),한강,37.784444,127.983333,2,212,홍천,37.6836,127.88043,강원특별자치도 홍천군 홍천읍 연봉리,14.41,0.2367,C_보통
1014630,홍천군(주음치교),한강,37.784444,127.983333,3,535,서석,37.71701,128.18265,강원특별자치도 홍천군 서석면 풍암리,19.06,0.1487,D_주의
1014635,홍천강(성포교),한강,37.763333,127.974167,1,522,화촌,37.78712,127.9838,강원특별자치도 홍천군 화촌면 주음치리,2.78,0.7573,A_매우신뢰
1014635,홍천강(성포교),한강,37.763333,127.974167,2,212,홍천,37.6836,127.88043,강원특별자치도 홍천군 홍천읍 연봉리,12.11,0.2979,C_보통
1014635,홍천강(성포교),한강,37.763333,127.974167,3,535,서석,37.71701,128.18265,강원특별자치도 홍천군 서석면 풍암리,19.04,0.149,D_주의
1014637,홍천군(군업1교),한강,37.753333,128.001944,1,522,화촌,37.78712,127.9838,강원특별자치도 홍천군 화촌면 주음치리,4.08,0.665,A_매우신뢰
1014637,홍천군(군업1교),한강,37.753333,128.001944,2,212,홍천,37.6836,127.88043,강원특별자치도 홍천군 홍천읍 연봉리,13.2,0.2671,C_보통
1014637,홍천군(군업1교),한강,37.753333,128.001944,3,535,서석,37.71701,128.18265,강원특별자치도 홍천군 서석면 풍암리,16.4,0.194,D_주의
1014640,홍천군(굴운교),한강,37.738611,127.941389,1,522,화촌,37.78712,127.9838,강원특별자치도 홍천군 화촌면 주음치리,6.56,0.5189,B_신뢰
1014640,홍천군(굴운교),한강,37.738611,127.941389,2,212,홍천,37.6836,127.88043,강원특별자치도 홍천군 홍천읍 연봉리,8.13,0.4435,B_신뢰
1014640,홍천군(굴운교),한강,37.738611,127.941389,3,349,시동,37.59997,127.84308,강원특별자치도 홍천군 남면 시동리,17.68,0.1707,D_주의
1014645,홍천군(귀미뜰교),한강,37.696389,127.9425,1,212,홍천,37.6836,127.88043,강원특별자치도 홍천군 홍천읍 연봉리,5.64,0.5689,B_신뢰
1014645,홍천군(귀미뜰교),한강,37.696389,127.9425,2,522,화촌,37.78712,127.9838,강원특별자치도 홍천군 화촌면 주음치리,10.72,0.3423,C_보통
1014645,홍천군(귀미뜰교),한강,37.696389,127.9425,3,349,시동,37.59997,127.84308,강원특별자치도 홍천군 남면 시동리,13.84,0.2506,C_보통
1014648,홍천강(남산교),한강,37.686111,127.889722,1,212,홍천,37.6836,127.88043,강원특별자치도 홍천군 홍천읍 연봉리,0.86,0.9176,A_매우신뢰
1014648,홍천강(남산교),한강,37.686111,127.889722,2,349,시동,37.59997,127.84308,강원특별자치도 홍천군 남면 시동리,10.42,0.3527,C_보통
1014648,홍천강(남산교),한강,37.686111,127.889722,3,522,화촌,37.78712,127.9838,강원특별자치도 홍천군 화촌면 주음치리,13.95,0.2478,C_보통
1014650,홍천군(홍천교),한강,37.687222,127.878889,1,212,홍천,37.6836,127.88043,강원특별자치도 홍천군 홍천읍 연봉리,0.42,0.9589,A_매우신뢰
1014650,홍천군(홍천교),한강,37.687222,127.878889,2,349,시동,37.59997,127.84308,강원특별자치도 홍천군 남면 시동리,10.2,0.3606,C_보통
1014650,홍천군(홍천교),한강,37.687222,127.878889,3,522,화촌,37.78712,127.9838,강원특별자치도 홍천군 화촌면 주음치리,14.44,0.236,C_보통
1014652,홍천군(화계교),한강,37.704722,127.855556,1,212,홍천,37.6836,127.88043,강원특별자치도 홍천군 홍천읍 연봉리,3.21,0.7254,A_매우신뢰
1014652,홍천군(화계교),한강,37.704722,127.855556,2,349,시동,37.59997,127.84308,강원특별자치도 홍천군 남면 시동리,11.7,0.3104,C_보통
1014652,홍천군(화계교),한강,37.704722,127.855556,3,558,팔봉,37.68614,127.70066,강원특별자치도 홍천군 서면 팔봉리,13.78,0.2521,C_보통
1014664,홍천군(용수교),한강,37.659722,127.765833,1,558,팔봉,37.68614,127.70066,강원특별자치도 홍천군 서면 팔봉리,6.44,0.5252,B_신뢰
1014664,홍천군(용수교),한강,37.659722,127.765833,2,349,시동,37.59997,127.84308,강원특별자치도 홍천군 남면 시동리,9.51,0.3864,B_신뢰
1014664,홍천군(용수교),한강,37.659722,127.765833,3,212,홍천,37.6836,127.88043,강원특별자치도 홍천군 홍천읍 연봉리,10.43,0.3524,C_보통
1014665,홍천군(남노일대교),한강,37.675278,127.770556,1,558,팔봉,37.68614,127.70066,강원특별자치도 홍천군 서면 팔봉리,6.27,0.5342,B_신뢰
1014665,홍천군(남노일대교),한강,37.675278,127.770556,2,212,홍천,37.6836,127.88043,강원특별자치도 홍천군 홍천읍 연봉리,9.71,0.3787,B_신뢰
1014665,홍천군(남노일대교),한강,37.675278,127.770556,3,349,시동,37.59997,127.84308,강원특별자치도 홍천군 남면 시동리,10.53,0.3489,C_보통
1014680,홍천군(반곡교),한강,37.693611,127.670556,1,558,팔봉,37.68614,127.70066,강원특별자치도 홍천군 서면 팔봉리,2.78,0.7573,A_매우신뢰
1014680,홍천군(반곡교),한강,37.693611,127.670556,2,588,남산,37.79066,127.64289,강원특별자치도 춘천시 남산면 방곡리,11.06,0.3309,C_보통
1014680,홍천군(반곡교),한강,37.693611,127.670556,3,573,청운,37.55821,127.71352,경기도 양평군 청운면 용두리,15.52,0.2118,D_주의
1014690,춘천시(충의대교),한강,37.725833,127.588889,1,588,남산,37.79066,127.64289,강원특별자치도 춘천시 남산면 방곡리,8.63,0.4219,B_신뢰
1014690,춘천시(충의대교),한강,37.725833,127.588889,2,675,남이섬,37.78978,127.52769,강원특별자치도 춘천시 남산면 방하리,8.92,0.4098,B_신뢰
1014690,춘천시(충의대교),한강,37.725833,127.588889,3,485,신천,37.67617,127.49483,141 경기도 가평군 설악면 신천리,9.95,0.3697,B_신뢰
1014695,한덕교,한강,37.672222,127.613333,1,558,팔봉,37.68614,127.70066,강원특별자치도 홍천군 서면 팔봉리,7.84,0.4566,B_신뢰
1014695,한덕교,한강,37.672222,127.613333,2,485,신천,37.67617,127.49483,141 경기도 가평군 설악면 신천리,10.44,0.352,C_보통
1014695,한덕교,한강,37.672222,127.613333,3,588,남산,37.79066,127.64289,강원특별자치도 춘천시 남산면 방곡리,13.42,0.2613,C_보통
1014696,홍천군(모곡교),한강,37.671944,127.605,1,558,팔봉,37.68614,127.70066,강원특별자치도 홍천군 서면 팔봉리,8.57,0.4244,B_신뢰
1014696,홍천군(모곡교),한강,37.671944,127.605,2,485,신천,37.67617,127.49483,141 경기도 가평군 설악면 신천리,9.71,0.3787,B_신뢰
1014696,홍천군(모곡교),한강,37.671944,127.605,3,588,남산,37.79066,127.64289,강원특별자치도 춘천시 남산면 방곡리,13.61,0.2564,C_보통
1015611,가평군(신상교),한강,37.845278,127.355556,1,505,가평조종,37.82439,127.34543,경기도 가평군 조종면 현리,2.49,0.7796,A_매우신뢰
1015611,가평군(신상교),한강,37.845278,127.355556,2,476,화현,37.90132,127.28831,경기도 포천시 화현면 화현리,8.58,0.424,B_신뢰
1015611,가평군(신상교),한강,37.845278,127.355556,3,455,경기가평,37.84598,127.50083,경기도 가평군 가평읍 읍내리,12.76,0.2792,C_보통
1015620,가평군(대보교),한강,37.796111,127.370833,1,505,가평조종,37.82439,127.34543,경기도 가평군 조종면 현리,3.86,0.6798,A_매우신뢰
1015620,가평군(대보교),한강,37.796111,127.370833,2,486,외서,37.73474,127.41448,경기도 가평군 청평면 청평리,7.83,0.457,B_신뢰
1015620,가평군(대보교),한강,37.796111,127.370833,3,542,청평,37.68414,127.38017,경기도 가평군 청평면 대성리,12.48,0.2871,C_보통
1015630,산장제1교,한강,37.755,127.410278,1,486,외서,37.73474,127.41448,경기도 가평군 청평면 청평리,2.28,0.7961,A_매우신뢰
1015630,산장제1교,한강,37.755,127.410278,2,542,청평,37.68414,127.38017,경기도 가평군 청평면 대성리,8.31,0.4356,B_신뢰
1015630,산장제1교,한강,37.755,127.410278,3,505,가평조종,37.82439,127.34543,경기도 가평군 조종면 현리,9.59,0.3833,B_신뢰
1015636,가평군(선촌2교),한강,37.681667,127.485833,1,485,신천,37.67617,127.49483,141 경기도 가평군 설악면 신천리,1.0,0.9048,A_매우신뢰
1015636,가평군(선촌2교),한강,37.681667,127.485833,2,486,외서,37.73474,127.41448,경기도 가평군 청평면 청평리,8.62,0.4223,B_신뢰
1015636,가평군(선촌2교),한강,37.681667,127.485833,3,542,청평,37.68414,127.38017,경기도 가평군 청평면 대성리,9.3,0.3946,B_신뢰
1015639,청평댐,한강,37.720833,127.424444,1,486,외서,37.73474,127.41448,경기도 가평군 청평면 청평리,1.78,0.8369,A_매우신뢰
1015639,청평댐,한강,37.720833,127.424444,2,542,청평,37.68414,127.38017,경기도 가평군 청평면 대성리,5.64,0.5689,B_신뢰
1015639,청평댐,한강,37.720833,127.424444,3,485,신천,37.67617,127.49483,141 경기도 가평군 설악면 신천리,7.94,0.452,B_신뢰
1015640,가평군(청평댐),한강,37.723333,127.423056,1,486,외서,37.73474,127.41448,경기도 가평군 청평면 청평리,1.48,0.8624,A_매우신뢰
1015640,가평군(청평댐),한강,37.723333,127.423056,2,542,청평,37.68414,127.38017,경기도 가평군 청평면 대성리,5.76,0.5621,B_신뢰
1015640,가평군(청평댐),한강,37.723333,127.423056,3,485,신천,37.67617,127.49483,141 경기도 가평군 설악면 신천리,8.21,0.44,B_신뢰
1015644,가평군(청평교),한강,37.734167,127.414444,1,486,외서,37.73474,127.41448,경기도 가평군 청평면 청평리,0.06,0.994,A_매우신뢰
1015644,가평군(청평교),한강,37.734167,127.414444,2,542,청평,37.68414,127.38017,경기도 가평군 청평면 대성리,6.33,0.531,B_신뢰
1015644,가평군(청평교),한강,37.734167,127.414444,3,485,신천,37.67617,127.49483,141 경기도 가평군 설악면 신천리,9.57,0.384,B_신뢰
1015645,가평군(신청평대교),한강,37.718056,127.410278,1,486,외서,37.73474,127.41448,경기도 가평군 청평면 청평리,1.89,0.8278,A_매우신뢰
1015645,가평군(신청평대교),한강,37.718056,127.410278,2,542,청평,37.68414,127.38017,경기도 가평군 청평면 대성리,4.61,0.6307,A_매우신뢰
1015645,가평군(신청평대교),한강,37.718056,127.410278,3,485,신천,37.67617,127.49483,141 경기도 가평군 설악면 신천리,8.78,0.4156,B_신뢰
1015655,가평군(오류동교),한강,37.693056,127.365556,1,542,청평,37.68414,127.38017,경기도 가평군 청평면 대성리,1.62,0.8504,A_매우신뢰
1015655,가평군(오류동교),한강,37.693056,127.365556,2,486,외서,37.73474,127.41448,경기도 가평군 청평면 청평리,6.32,0.5315,B_신뢰
1015655,가평군(오류동교),한강,37.693056,127.365556,3,484,창현,37.64656,127.31645,경기도 남양주시 화도읍 창현리,6.74,0.5097,B_신뢰
1015680,남양주시(삼봉리),한강,37.595278,127.339167,1,484,창현,37.64656,127.31645,경기도 남양주시 화도읍 창현리,6.04,0.5466,B_신뢰
1015680,남양주시(삼봉리),한강,37.595278,127.339167,2,542,청평,37.68414,127.38017,경기도 가평군 청평면 대성리,10.52,0.3492,C_보통
1015680,남양주시(삼봉리),한강,37.595278,127.339167,3,428,하남덕풍,37.55124,127.21278,경기도 하남시 덕풍동,12.17,0.2961,C_보통
1016601,용인시(마전교),한강,37.2325,127.2375,1,436,처인역삼,37.23444,127.18839,경기도 용인시 처인구 역북동,4.35,0.6473,A_매우신뢰
1016601,용인시(마전교),한강,37.2325,127.2375,2,549,용인,37.27011,127.22178,경기도 용인시 처인구 포곡읍 둔전리,4.41,0.6434,A_매우신뢰
1016601,용인시(마전교),한강,37.2325,127.2375,3,370,이동묵리,37.1789,127.25,경기도 용인시 처인구 이동읍 묵리,6.06,0.5455,B_신뢰
1016606,광주시(동림3교),한강,37.341944,127.198611,1,459,오포,37.34545,127.19675,경기도 광주시 오포읍,0.42,0.9589,A_매우신뢰
1016606,광주시(동림3교),한강,37.341944,127.198611,2,549,용인,37.27011,127.22178,경기도 용인시 처인구 포곡읍 둔전리,8.25,0.4382,B_신뢰
1016606,광주시(동림3교),한강,37.341944,127.198611,3,364,분당구,37.38276,127.11901,경기도 성남시분당구 수내동,8.37,0.433,B_신뢰
1016607,용인시(월촌교),한강,37.3325,127.239444,1,459,오포,37.34545,127.19675,경기도 광주시 오포읍,4.04,0.6676,A_매우신뢰
1016607,용인시(월촌교),한강,37.3325,127.239444,2,549,용인,37.27011,127.22178,경기도 용인시 처인구 포곡읍 둔전리,7.11,0.4912,B_신뢰
1016607,용인시(월촌교),한강,37.3325,127.239444,3,546,경기광주,37.43529,127.2592,경기도 광주시 송정동,11.56,0.3147,C_보통
1016645,광주시(오포대교),한강,37.370556,127.239722,1,459,오포,37.34545,127.19675,경기도 광주시 오포읍,4.71,0.6244,A_매우신뢰
1016645,광주시(오포대교),한강,37.370556,127.239722,2,546,경기광주,37.43529,127.2592,경기도 광주시 송정동,7.4,0.4771,B_신뢰
1016645,광주시(오포대교),한강,37.370556,127.239722,3,442,지월,37.43277,127.28566,경기도 광주시 초월읍 지월리,8.02,0.4484,B_신뢰
1016650,광주시(경안교),한강,37.406667,127.263056,1,546,경기광주,37.43529,127.2592,경기도 광주시 송정동,3.2,0.7261,A_매우신뢰
1016650,광주시(경안교),한강,37.406667,127.263056,2,442,지월,37.43277,127.28566,경기도 광주시 초월읍 지월리,3.52,0.7033,A_매우신뢰
1016650,광주시(경안교),한강,37.406667,127.263056,3,458,퇴촌,37.4747,127.30579,141 경기도 광주시 퇴촌면 오리,8.45,0.4296,B_신뢰
1016651,광주시(파발교),한강,37.414167,127.256944,1,546,경기광주,37.43529,127.2592,경기도 광주시 송정동,2.36,0.7898,A_매우신뢰
1016651,광주시(파발교),한강,37.414167,127.256944,2,442,지월,37.43277,127.28566,경기도 광주시 초월읍 지월리,3.27,0.7211,A_매우신뢰
1016651,광주시(파발교),한강,37.414167,127.256944,3,458,퇴촌,37.4747,127.30579,141 경기도 광주시 퇴촌면 오리,7.99,0.4498,B_신뢰
1016655,경안교,한강,37.3925,127.251667,1,546,경기광주,37.43529,127.2592,경기도 광주시 송정동,4.8,0.6188,A_매우신뢰
1016655,경안교,한강,37.3925,127.251667,2,442,지월,37.43277,127.28566,경기도 광주시 초월읍 지월리,5.39,0.5833,B_신뢰
1016655,경안교,한강,37.3925,127.251667,3,459,오포,37.34545,127.19675,경기도 광주시 오포읍,7.14,0.4897,B_신뢰
1016657,광주시(부항교),한강,37.355833,127.386111,1,460,실촌,37.36887,127.40541,141 경기도 광주시 곤지암읍 만선리,2.24,0.7993,A_매우신뢰
1016657,광주시(부항교),한강,37.355833,127.386111,2,448,산북,37.40188,127.44299,경기도 여주시 산북면 상품리,7.17,0.4882,B_신뢰
1016657,광주시(부항교),한강,37.355833,127.386111,3,533,백사,37.32777,127.48073,경기도 이천시 백사면 조읍리,8.93,0.4094,B_신뢰
1016660,광주시(섬뜰교),한강,37.399167,127.292778,1,442,지월,37.43277,127.28566,경기도 광주시 초월읍 지월리,3.79,0.6845,A_매우신뢰
1016660,광주시(섬뜰교),한강,37.399167,127.292778,2,546,경기광주,37.43529,127.2592,경기도 광주시 송정동,4.99,0.6071,A_매우신뢰
1016660,광주시(섬뜰교),한강,37.399167,127.292778,3,458,퇴촌,37.4747,127.30579,141 경기도 광주시 퇴촌면 오리,8.48,0.4283,B_신뢰
1016670,광주시(서하교),한강,37.428889,127.308333,1,442,지월,37.43277,127.28566,경기도 광주시 초월읍 지월리,2.05,0.8146,A_매우신뢰
1016670,광주시(서하교),한강,37.428889,127.308333,2,546,경기광주,37.43529,127.2592,경기도 광주시 송정동,4.4,0.644,A_매우신뢰
1016670,광주시(서하교),한강,37.428889,127.308333,3,458,퇴촌,37.4747,127.30579,141 경기도 광주시 퇴촌면 오리,5.1,0.6005,B_신뢰
1016695,광주시(광동교),한강,37.471111,127.294167,1,458,퇴촌,37.4747,127.30579,141 경기도 광주시 퇴촌면 오리,1.1,0.8958,A_매우신뢰
1016695,광주시(광동교),한강,37.471111,127.294167,2,442,지월,37.43277,127.28566,경기도 광주시 초월읍 지월리,4.33,0.6486,A_매우신뢰
1016695,광주시(광동교),한강,37.471111,127.294167,3,546,경기광주,37.43529,127.2592,경기도 광주시 송정동,5.04,0.6041,B_신뢰
1017678,팔당댐,한강,37.525,127.284722,1,458,퇴촌,37.4747,127.30579,141 경기도 광주시 퇴촌면 오리,5.89,0.5549,B_신뢰
1017678,팔당댐,한강,37.525,127.284722,2,444,하남,37.53794,127.21367,경기도 하남시 신장동,6.43,0.5257,B_신뢰
1017678,팔당댐,한강,37.525,127.284722,3,428,하남덕풍,37.55124,127.21278,경기도 하남시 덕풍동,6.98,0.4976,B_신뢰
1017690,남양주시(팔당댐),한강,37.527222,127.283333,1,458,퇴촌,37.4747,127.30579,141 경기도 광주시 퇴촌면 오리,6.17,0.5396,B_신뢰
1017690,남양주시(팔당댐),한강,37.527222,127.283333,2,444,하남,37.53794,127.21367,경기도 하남시 신장동,6.26,0.5347,B_신뢰
1017690,남양주시(팔당댐),한강,37.527222,127.283333,3,428,하남덕풍,37.55124,127.21278,경기도 하남시 덕풍동,6.77,0.5081,B_신뢰
1018605,고안(등록문화재),한강,37.541667,127.25,1,444,하남,37.53794,127.21367,경기도 하남시 신장동,3.23,0.724,A_매우신뢰
1018605,고안(등록문화재),한강,37.541667,127.25,2,428,하남덕풍,37.55124,127.21278,경기도 하남시 덕풍동,3.45,0.7082,A_매우신뢰
1018605,고안(등록문화재),한강,37.541667,127.25,3,457,춘궁,37.522,127.19412,141 경기도 하남시 춘궁동,5.39,0.5833,B_신뢰
1018610,남양주시(팔당대교),한강,37.547778,127.239444,1,428,하남덕풍,37.55124,127.21278,경기도 하남시 덕풍동,2.38,0.7882,A_매우신뢰
1018610,남양주시(팔당대교),한강,37.547778,127.239444,2,444,하남,37.53794,127.21367,경기도 하남시 신장동,2.52,0.7772,A_매우신뢰
1018610,남양주시(팔당대교),한강,37.547778,127.239444,3,457,춘궁,37.522,127.19412,141 경기도 하남시 춘궁동,4.92,0.6114,A_매우신뢰
1018611,팔당대교,한강,37.544444,127.241389,1,444,하남,37.53794,127.21367,경기도 하남시 신장동,2.55,0.7749,A_매우신뢰
1018611,팔당대교,한강,37.544444,127.241389,2,428,하남덕풍,37.55124,127.21278,경기도 하남시 덕풍동,2.63,0.7687,A_매우신뢰
1018611,팔당대교,한강,37.544444,127.241389,3,457,춘궁,37.522,127.19412,141 경기도 하남시 춘궁동,4.86,0.6151,A_매우신뢰
1018619,포천시(마명1교),한강,37.781111,127.206667,1,360,내촌면,37.7861,127.2283,경기도 포천시 내촌면 내리,1.98,0.8204,A_매우신뢰
1018619,포천시(마명1교),한강,37.781111,127.206667,2,599,광릉,37.76172,127.16977,경기도 포천시 소흘읍 직동리,3.89,0.6777,A_매우신뢰
1018619,포천시(마명1교),한강,37.781111,127.206667,3,473,가산,37.84864,127.18636,경기도 포천시 가산면 마산리,7.72,0.4621,B_신뢰
1018620,남양주시(부평교),한강,37.740278,127.196667,1,599,광릉,37.76172,127.16977,경기도 포천시 소흘읍 직동리,3.36,0.7146,A_매우신뢰
1018620,남양주시(부평교),한강,37.740278,127.196667,2,451,오남,37.69851,127.20483,경기도 남양주시 오남읍 양지리,4.7,0.625,A_매우신뢰
1018620,남양주시(부평교),한강,37.740278,127.196667,3,360,내촌면,37.7861,127.2283,경기도 포천시 내촌면 내리,5.8,0.5599,B_신뢰
1018623,남양주시(연평대교),한강,37.71,127.182222,1,451,오남,37.69851,127.20483,경기도 남양주시 오남읍 양지리,2.36,0.7898,A_매우신뢰
1018623,남양주시(연평대교),한강,37.71,127.182222,2,599,광릉,37.76172,127.16977,경기도 포천시 소흘읍 직동리,5.85,0.5571,B_신뢰
1018623,남양주시(연평대교),한강,37.71,127.182222,3,541,남양주,37.63405,127.15055,경기도 남양주시 진건읍 배양리,8.89,0.4111,B_신뢰
1018625,남양주시(내곡교),한강,37.691667,127.164722,1,451,오남,37.69851,127.20483,경기도 남양주시 오남읍 양지리,3.61,0.697,A_매우신뢰
1018625,남양주시(내곡교),한강,37.691667,127.164722,2,541,남양주,37.63405,127.15055,경기도 남양주시 진건읍 배양리,6.53,0.5205,B_신뢰
1018625,남양주시(내곡교),한강,37.691667,127.164722,3,599,광릉,37.76172,127.16977,경기도 포천시 소흘읍 직동리,7.8,0.4584,B_신뢰
1018628,행주(등록문화재),한강,37.598611,126.810556,1,404,강서,37.5739,126.82953,서울특별시 강서구 화곡동,3.22,0.7247,A_매우신뢰
1018628,행주(등록문화재),한강,37.598611,126.810556,2,450,주교,37.59834,126.84896,경기도 고양시덕양구 현천동,3.38,0.7132,A_매우신뢰
1018628,행주(등록문화재),한강,37.598611,126.810556,3,441,김포,37.60758,126.76244,경기도 김포시 고촌읍 풍곡리,4.35,0.6473,A_매우신뢰
1018630,남양주시(진관교),한강,37.65,127.151944,1,541,남양주,37.63405,127.15055,경기도 남양주시 진건읍 배양리,1.78,0.8369,A_매우신뢰
1018630,남양주시(진관교),한강,37.65,127.151944,2,368,수택동,37.59924,127.15029,경기도 구리시 수택동,5.65,0.5684,B_신뢰
1018630,남양주시(진관교),한강,37.65,127.151944,3,407,노원,37.62186,127.09192,서울특별시 노원구 공릉동,6.14,0.5412,B_신뢰
1018635,남양주시(퇴계원리),한강,37.645,127.138056,1,541,남양주,37.63405,127.15055,경기도 남양주시 진건읍 배양리,1.64,0.8487,A_매우신뢰
1018635,남양주시(퇴계원리),한강,37.645,127.138056,2,407,노원,37.62186,127.09192,서울특별시 노원구 공릉동,4.81,0.6182,A_매우신뢰
1018635,남양주시(퇴계원리),한강,37.645,127.138056,3,368,수택동,37.59924,127.15029,경기도 구리시 수택동,5.2,0.5945,B_신뢰
1018638,남양주시(왕숙교),한강,37.603611,127.148056,1,368,수택동,37.59924,127.15029,경기도 구리시 수택동,0.52,0.9493,A_매우신뢰
1018638,남양주시(왕숙교),한강,37.603611,127.148056,2,569,구리,37.58224,127.15698,경기도 구리시 토평동,2.5,0.7788,A_매우신뢰
1018638,남양주시(왕숙교),한강,37.603611,127.148056,3,541,남양주,37.63405,127.15055,경기도 남양주시 진건읍 배양리,3.39,0.7125,A_매우신뢰
1018640,서울시(광진교),한강,37.545556,127.110278,1,413,광진,37.53344,127.08601,서울특별시 광진구 자양동,2.53,0.7765,A_매우신뢰
1018640,서울시(광진교),한강,37.545556,127.110278,2,402,강동,37.55556,127.14498,서울특별시 강동구 고덕동,3.26,0.7218,A_매우신뢰
1018640,서울시(광진교),한강,37.545556,127.110278,3,403,송파,37.51151,127.0967,101 서울특별시 송파구 잠실동,3.97,0.6723,A_매우신뢰
1018645,자양,한강,37.524167,127.078056,1,413,광진,37.53344,127.08601,서울특별시 광진구 자양동,1.25,0.8825,A_매우신뢰
1018645,자양,한강,37.524167,127.078056,2,403,송파,37.51151,127.0967,101 서울특별시 송파구 잠실동,2.16,0.8057,A_매우신뢰
1018645,자양,한강,37.524167,127.078056,3,400,강남,37.4982,127.08162,서울특별시 강남구 일원동,2.9,0.7483,A_매우신뢰
1018650,성남시(궁내교),한강,37.37,127.108333,1,364,분당구,37.38276,127.11901,경기도 성남시분당구 수내동,1.7,0.8437,A_매우신뢰
1018650,성남시(궁내교),한강,37.37,127.108333,2,572,성남,37.42093,127.12476,경기도 성남시중원구 여수동,5.85,0.5571,B_신뢰
1018650,성남시(궁내교),한강,37.37,127.108333,3,459,오포,37.34545,127.19675,경기도 광주시 오포읍,8.28,0.4369,B_신뢰
1018653,성남시(둔전교),한강,37.428056,127.117222,1,572,성남,37.42093,127.12476,경기도 성남시중원구 여수동,1.03,0.9021,A_매우신뢰
1018653,성남시(둔전교),한강,37.428056,127.117222,2,364,분당구,37.38276,127.11901,경기도 성남시분당구 수내동,5.04,0.6041,B_신뢰
1018653,성남시(둔전교),한강,37.428056,127.117222,3,400,강남,37.4982,127.08162,서울특별시 강남구 일원동,8.41,0.4313,B_신뢰
1018655,서울시(대곡교),한강,37.468889,127.1225,1,400,강남,37.4982,127.08162,서울특별시 강남구 일원동,4.86,0.6151,A_매우신뢰
1018655,서울시(대곡교),한강,37.468889,127.1225,2,403,송파,37.51151,127.0967,101 서울특별시 송파구 잠실동,5.26,0.591,B_신뢰
1018655,서울시(대곡교),한강,37.468889,127.1225,3,572,성남,37.42093,127.12476,경기도 성남시중원구 여수동,5.34,0.5863,B_신뢰
1018658,서울시(대치교),한강,37.498333,127.074444,1,400,강남,37.4982,127.08162,서울특별시 강남구 일원동,0.63,0.9389,A_매우신뢰
1018658,서울시(대치교),한강,37.498333,127.074444,2,403,송파,37.51151,127.0967,101 서울특별시 송파구 잠실동,2.45,0.7827,A_매우신뢰
1018658,서울시(대치교),한강,37.498333,127.074444,3,413,광진,37.53344,127.08601,서울특별시 광진구 자양동,4.03,0.6683,A_매우신뢰
1018660,청담,한강,37.519444,127.063889,1,413,광진,37.53344,127.08601,서울특별시 광진구 자양동,2.5,0.7788,A_매우신뢰
1018660,청담,한강,37.519444,127.063889,2,400,강남,37.4982,127.08162,서울특별시 강남구 일원동,2.83,0.7535,A_매우신뢰
1018660,청담,한강,37.519444,127.063889,3,403,송파,37.51151,127.0967,101 서울특별시 송파구 잠실동,3.03,0.7386,A_매우신뢰
1018661,양주시(마전3교),한강,37.778611,127.048611,1,373,남방,37.7706,127.0458,경기도 양주시 남방동,0.92,0.9121,A_매우신뢰
1018661,양주시(마전3교),한강,37.778611,127.048611,2,431,신곡,37.74874,127.07179,경기도 의정부시 신곡동,3.9,0.6771,A_매우신뢰
1018661,양주시(마전3교),한강,37.778611,127.048611,3,532,의정부,37.73476,127.07349,경기도 의정부시 용현동,5.34,0.5863,B_신뢰
1018662,서울시(청담대교),한강,37.523056,127.062778,1,413,광진,37.53344,127.08601,서울특별시 광진구 자양동,2.35,0.7906,A_매우신뢰
1018662,서울시(청담대교),한강,37.523056,127.062778,2,400,강남,37.4982,127.08162,서울특별시 강남구 일원동,3.23,0.724,A_매우신뢰
1018662,서울시(청담대교),한강,37.523056,127.062778,3,403,송파,37.51151,127.0967,101 서울특별시 송파구 잠실동,3.26,0.7218,A_매우신뢰
1018664,뚝도,한강,37.533333,127.05,1,421,성동,37.54721,127.03885,서울특별시 성동구 성수동1가,1.83,0.8328,A_매우신뢰
1018664,뚝도,한강,37.533333,127.05,2,413,광진,37.53344,127.08601,서울특별시 광진구 자양동,3.18,0.7276,A_매우신뢰
1018664,뚝도,한강,37.533333,127.05,3,403,송파,37.51151,127.0967,101 서울특별시 송파구 잠실동,4.78,0.62,A_매우신뢰
1018665,의정부시(신곡교),한강,37.735278,127.053333,1,532,의정부,37.73476,127.07349,경기도 의정부시 용현동,1.77,0.8378,A_매우신뢰
1018665,의정부시(신곡교),한강,37.735278,127.053333,2,431,신곡,37.74874,127.07179,경기도 의정부시 신곡동,2.21,0.8017,A_매우신뢰
1018665,의정부시(신곡교),한강,37.735278,127.053333,3,373,남방,37.7706,127.0458,경기도 양주시 남방동,3.98,0.6717,A_매우신뢰
1018666,의정부시(금신교),한강,37.747222,127.059167,1,431,신곡,37.74874,127.07179,경기도 의정부시 신곡동,1.12,0.894,A_매우신뢰
1018666,의정부시(금신교),한강,37.747222,127.059167,2,532,의정부,37.73476,127.07349,경기도 의정부시 용현동,1.87,0.8294,A_매우신뢰
1018666,의정부시(금신교),한강,37.747222,127.059167,3,373,남방,37.7706,127.0458,경기도 양주시 남방동,2.85,0.752,A_매우신뢰
1018669,서울시(창동교),한강,37.652778,127.054167,1,406,도봉,37.66557,127.03042,서울특별시 도봉구 방학동,2.53,0.7765,A_매우신뢰
1018669,서울시(창동교),한강,37.652778,127.054167,2,424,강북,37.63801,127.00981,101 서울특별시 강북구 수유동,4.24,0.6544,A_매우신뢰
1018669,서울시(창동교),한강,37.652778,127.054167,3,407,노원,37.62186,127.09192,서울특별시 노원구 공릉동,4.78,0.62,A_매우신뢰
1018670,서울시(월계2교),한강,37.624167,127.05,1,407,노원,37.62186,127.09192,서울특별시 노원구 공릉동,3.7,0.6907,A_매우신뢰
1018670,서울시(월계2교),한강,37.624167,127.05,2,424,강북,37.63801,127.00981,101 서울특별시 강북구 수유동,3.86,0.6798,A_매우신뢰
1018670,서울시(월계2교),한강,37.624167,127.05,3,408,동대문,37.58463,127.06036,서울특별시 동대문구 전농동,4.49,0.6383,A_매우신뢰
1018675,서울시(중랑교),한강,37.5925,127.070556,1,408,동대문,37.58463,127.06036,서울특별시 동대문구 전농동,1.25,0.8825,A_매우신뢰
1018675,서울시(중랑교),한강,37.5925,127.070556,2,409,중랑,37.58551,127.08682,서울특별시 중랑구 면목동,1.63,0.8496,A_매우신뢰
1018675,서울시(중랑교),한강,37.5925,127.070556,3,407,노원,37.62186,127.09192,서울특별시 노원구 공릉동,3.77,0.6859,A_매우신뢰
1018680,서울시(잠수교),한강,37.517222,126.995278,1,415,용산,37.52038,126.97611,서울특별시 용산구 이촌동,1.73,0.8411,A_매우신뢰
1018680,서울시(잠수교),한강,37.517222,126.995278,2,889,현충원,37.50036,126.97652,서울특별시 동작구 사당동,2.5,0.7788,A_매우신뢰
1018680,서울시(잠수교),한강,37.517222,126.995278,3,419,중구,37.55236,126.98736,서울특별시 중구 예장동,3.97,0.6723,A_매우신뢰
1018683,서울시(한강대교),한강,37.514444,126.956667,1,415,용산,37.52038,126.97611,서울특별시 용산구 이촌동,1.84,0.8319,A_매우신뢰
1018683,서울시(한강대교),한강,37.514444,126.956667,2,418,한강,37.52489,126.93904,서울특별시 영등포구 여의도동,1.94,0.8237,A_매우신뢰
1018683,서울시(한강대교),한강,37.514444,126.956667,3,889,현충원,37.50036,126.97652,서울특별시 동작구 사당동,2.35,0.7906,A_매우신뢰
1018685,구용산,한강,37.516667,126.95,1,418,한강,37.52489,126.93904,서울특별시 영등포구 여의도동,1.33,0.8755,A_매우신뢰
1018685,구용산,한강,37.516667,126.95,2,415,용산,37.52038,126.97611,서울특별시 용산구 이촌동,2.34,0.7914,A_매우신뢰
1018685,구용산,한강,37.516667,126.95,3,889,현충원,37.50036,126.97652,서울특별시 동작구 사당동,2.96,0.7438,A_매우신뢰
1018686,서울시(홍남교),한강,37.575278,126.926389,1,412,서대문,37.57047,126.94078,서울특별시 서대문구 신촌동,1.38,0.8711,A_매우신뢰
1018686,서울시(홍남교),한강,37.575278,126.926389,2,411,마포,37.55165,126.92915,서울특별시 마포구 망원동,2.64,0.768,A_매우신뢰
1018686,서울시(홍남교),한강,37.575278,126.926389,3,108,서울,37.57142,126.9658,서울특별시 종로구 송월동,3.5,0.7047,A_매우신뢰
1018690,안양시(충훈1교),한강,37.404722,126.903056,1,365,석수동,37.40925,126.89514,경기도 안양시만안구 석수동,0.86,0.9176,A_매우신뢰
1018690,안양시(충훈1교),한강,37.404722,126.903056,2,377,안양만안,37.39523,126.89194,경기도 안양시 만안구 박달동,1.44,0.8659,A_매우신뢰
1018690,안양시(충훈1교),한강,37.404722,126.903056,3,453,소하,37.44205,126.89644,경기도 광명시 소하동,4.19,0.6577,A_매우신뢰
1018692,서울시(신림5교),한강,37.467222,126.9475,1,509,관악,37.45284,126.95015,서울특별시 관악구 신림동,1.62,0.8504,A_매우신뢰
1018692,서울시(신림5교),한강,37.467222,126.9475,2,116,관악(레),37.44526,126.96402,경기도 과천시 중앙동,2.84,0.7528,A_매우신뢰
1018692,서울시(신림5교),한강,37.467222,126.9475,3,425,남현,37.46347,126.98154,서울특별시 관악구 남현동,3.03,0.7386,A_매우신뢰
1018693,광명시(시흥대교),한강,37.452222,126.893333,1,453,소하,37.44205,126.89644,경기도 광명시 소하동,1.16,0.8905,A_매우신뢰
1018693,광명시(시흥대교),한강,37.452222,126.893333,2,417,금천,37.46551,126.90016,서울특별시 금천구 독산동,1.6,0.8521,A_매우신뢰
1018693,광명시(시흥대교),한강,37.452222,126.893333,3,376,광명노온,37.44738,126.85895,경기도 광명시 노온사동,3.08,0.7349,A_매우신뢰
1018695,서울시(너부대교),한강,37.478889,126.845556,1,437,광명,37.47867,126.86531,경기도 광명시 철산동,1.74,0.8403,A_매우신뢰
1018695,서울시(너부대교),한강,37.478889,126.845556,2,423,구로,37.49328,126.82629,서울특별시 구로구 온수동,2.33,0.7922,A_매우신뢰
1018695,서울시(너부대교),한강,37.478889,126.845556,3,376,광명노온,37.44738,126.85895,경기도 광명시 노온사동,3.7,0.6907,A_매우신뢰
1018697,서울시(오금교),한강,37.508333,126.874167,1,405,양천,37.52823,126.87937,101 서울특별시 양천구 목동,2.26,0.7977,A_매우신뢰
1018697,서울시(오금교),한강,37.508333,126.874167,2,437,광명,37.47867,126.86531,경기도 광명시 철산동,3.39,0.7125,A_매우신뢰
1018697,서울시(오금교),한강,37.508333,126.874167,3,510,영등포,37.52706,126.90705,101 서울특별시 영등포구 당산동,3.57,0.6998,A_매우신뢰
1018698,서울시(신대방1교),한강,37.488056,126.914444,1,410,기상청,37.4933,126.91746,서울특별시 동작구 신대방동,0.64,0.938,A_매우신뢰
1018698,서울시(신대방1교),한강,37.488056,126.914444,2,417,금천,37.46551,126.90016,서울특별시 금천구 독산동,2.81,0.755,A_매우신뢰
1018698,서울시(신대방1교),한강,37.488056,126.914444,3,510,영등포,37.52706,126.90705,101 서울특별시 영등포구 당산동,4.39,0.6447,A_매우신뢰
1019606,고양시(은덕교),한강,37.645833,126.921389,1,416,은평,37.64647,126.94273,서울특별시 은평구 진관동,1.88,0.8286,A_매우신뢰
1019606,고양시(은덕교),한강,37.645833,126.921389,2,540,고양,37.6373,126.892,경기도 고양시덕양구 용두동,2.76,0.7588,A_매우신뢰
1019606,고양시(은덕교),한강,37.645833,126.921389,3,424,강북,37.63801,127.00981,101 서울특별시 강북구 수유동,7.83,0.457,B_신뢰
1019612,인천시(굴포1교),한강,37.508889,126.722778,1,433,부천,37.50059,126.7636,경기도 부천시 원미구 중동,3.72,0.6894,A_매우신뢰
1019612,인천시(굴포1교),한강,37.508889,126.722778,2,429,부천원미,37.50059,126.7636,경기도 부천시 중동,3.72,0.6894,A_매우신뢰
1019612,인천시(굴포1교),한강,37.508889,126.722778,3,649,부평,37.47223,126.75072,인천광역시 부평구 구산동,4.76,0.6213,A_매우신뢰
1019620,부천시(도두리2교),한강,37.532222,126.760556,1,433,부천,37.50059,126.7636,경기도 부천시 원미구 중동,3.53,0.7026,A_매우신뢰
1019620,부천시(도두리2교),한강,37.532222,126.760556,2,429,부천원미,37.50059,126.7636,경기도 부천시 중동,3.53,0.7026,A_매우신뢰
1019620,부천시(도두리2교),한강,37.532222,126.760556,3,110,김포(공),37.55891,126.79451,서울특별시 강서구 공항동,4.22,0.6557,A_매우신뢰
1019630,서울시(행주대교),한강,37.603056,126.814722,1,450,주교,37.59834,126.84896,경기도 고양시덕양구 현천동,3.06,0.7364,A_매우신뢰
1019630,서울시(행주대교),한강,37.603056,126.814722,2,404,강서,37.5739,126.82953,서울특별시 강서구 화곡동,3.49,0.7054,A_매우신뢰
1019630,서울시(행주대교),한강,37.603056,126.814722,3,441,김포,37.60758,126.76244,경기도 김포시 고촌읍 풍곡리,4.63,0.6294,A_매우신뢰
1019635,아라한강갑문(내),한강,37.602222,126.793333,1,441,김포,37.60758,126.76244,경기도 김포시 고촌읍 풍곡리,2.79,0.7565,A_매우신뢰
1019635,아라한강갑문(내),한강,37.602222,126.793333,2,404,강서,37.5739,126.82953,서울특별시 강서구 화곡동,4.48,0.6389,A_매우신뢰
1019635,아라한강갑문(내),한강,37.602222,126.793333,3,110,김포(공),37.55891,126.79451,서울특별시 강서구 공항동,4.82,0.6175,A_매우신뢰
1019636,아라한강갑실,한강,37.602222,126.793333,1,441,김포,37.60758,126.76244,경기도 김포시 고촌읍 풍곡리,2.79,0.7565,A_매우신뢰
1019636,아라한강갑실,한강,37.602222,126.793333,2,404,강서,37.5739,126.82953,서울특별시 강서구 화곡동,4.48,0.6389,A_매우신뢰
1019636,아라한강갑실,한강,37.602222,126.793333,3,110,김포(공),37.55891,126.79451,서울특별시 강서구 공항동,4.82,0.6175,A_매우신뢰
1019637,아라한강갑문(외),한강,37.602222,126.793333,1,441,김포,37.60758,126.76244,경기도 김포시 고촌읍 풍곡리,2.79,0.7565,A_매우신뢰
1019637,아라한강갑문(외),한강,37.602222,126.793333,2,404,강서,37.5739,126.82953,서울특별시 강서구 화곡동,4.48,0.6389,A_매우신뢰
1019637,아라한강갑문(외),한강,37.602222,126.793333,3,110,김포(공),37.55891,126.79451,서울특별시 강서구 공항동,4.82,0.6175,A_매우신뢰
1019640,굴포천(내),한강,37.523056,126.759722,1,429,부천원미,37.50059,126.7636,경기도 부천시 중동,2.52,0.7772,A_매우신뢰
1019640,굴포천(내),한강,37.523056,126.759722,2,433,부천,37.50059,126.7636,경기도 부천시 원미구 중동,2.52,0.7772,A_매우신뢰
1019640,굴포천(내),한강,37.523056,126.759722,3,110,김포(공),37.55891,126.79451,서울특별시 강서구 공항동,5.03,0.6047,B_신뢰
1019645,굴현보(상),한강,37.568056,126.745556,1,110,김포(공),37.55891,126.79451,서울특별시 강서구 공항동,4.43,0.6421,A_매우신뢰
1019645,굴현보(상),한강,37.568056,126.745556,2,441,김포,37.60758,126.76244,경기도 김포시 고촌읍 풍곡리,4.64,0.6288,A_매우신뢰
1019645,굴현보(상),한강,37.568056,126.745556,3,404,강서,37.5739,126.82953,서울특별시 강서구 화곡동,7.43,0.4757,B_신뢰
1019647,박촌1교,한강,37.541667,126.761389,1,110,김포(공),37.55891,126.79451,서울특별시 강서구 공항동,3.49,0.7054,A_매우신뢰
1019647,박촌1교,한강,37.541667,126.761389,2,429,부천원미,37.50059,126.7636,경기도 부천시 중동,4.57,0.6332,A_매우신뢰
1019647,박촌1교,한강,37.541667,126.761389,3,433,부천,37.50059,126.7636,경기도 부천시 원미구 중동,4.57,0.6332,A_매우신뢰
1019648,계양대교,한강,37.573333,126.746389,1,441,김포,37.60758,126.76244,경기도 김포시 고촌읍 풍곡리,4.06,0.6663,A_매우신뢰
1019648,계양대교,한강,37.573333,126.746389,2,110,김포(공),37.55891,126.79451,서울특별시 강서구 공항동,4.53,0.6357,A_매우신뢰
1019648,계양대교,한강,37.573333,126.746389,3,404,강서,37.5739,126.82953,서울특별시 강서구 화곡동,7.33,0.4805,B_신뢰
1019650,굴현교,한강,37.566111,126.752222,1,110,김포(공),37.55891,126.79451,서울특별시 강서구 공항동,3.81,0.6832,A_매우신뢰
1019650,굴현교,한강,37.566111,126.752222,2,441,김포,37.60758,126.76244,경기도 김포시 고촌읍 풍곡리,4.7,0.625,A_매우신뢰
1019650,굴현교,한강,37.566111,126.752222,3,404,강서,37.5739,126.82953,서울특별시 강서구 화곡동,6.87,0.5031,B_신뢰
1019651,귤현보(상),한강,37.574444,126.758889,1,110,김포(공),37.55891,126.79451,서울특별시 강서구 공항동,3.58,0.6991,A_매우신뢰
1019651,귤현보(상),한강,37.574444,126.758889,2,441,김포,37.60758,126.76244,경기도 김포시 고촌읍 풍곡리,3.7,0.6907,A_매우신뢰
1019651,귤현보(상),한강,37.574444,126.758889,3,404,강서,37.5739,126.82953,서울특별시 강서구 화곡동,6.23,0.5363,B_신뢰
1019652,귤현보(하),한강,37.574444,126.759444,1,110,김포(공),37.55891,126.79451,서울특별시 강서구 공항동,3.54,0.7019,A_매우신뢰
1019652,귤현보(하),한강,37.574444,126.759444,2,441,김포,37.60758,126.76244,경기도 김포시 고촌읍 풍곡리,3.69,0.6914,A_매우신뢰
1019652,귤현보(하),한강,37.574444,126.759444,3,404,강서,37.5739,126.82953,서울특별시 강서구 화곡동,6.18,0.539,B_신뢰
1019653,벌말교,한강,37.583333,126.772222,1,441,김포,37.60758,126.76244,경기도 김포시 고촌읍 풍곡리,2.83,0.7535,A_매우신뢰
1019653,벌말교,한강,37.583333,126.772222,2,110,김포(공),37.55891,126.79451,서울특별시 강서구 공항동,3.35,0.7153,A_매우신뢰
1019653,벌말교,한강,37.583333,126.772222,3,404,강서,37.5739,126.82953,서울특별시 강서구 화곡동,5.16,0.5969,B_신뢰
1019655,굴현보(하),한강,37.566111,126.7525,1,110,김포(공),37.55891,126.79451,서울특별시 강서구 공항동,3.79,0.6845,A_매우신뢰
1019655,굴현보(하),한강,37.566111,126.7525,2,441,김포,37.60758,126.76244,경기도 김포시 고촌읍 풍곡리,4.69,0.6256,A_매우신뢰
1019655,굴현보(하),한강,37.566111,126.7525,3,404,강서,37.5739,126.82953,서울특별시 강서구 화곡동,6.84,0.5046,B_신뢰
1019657,인천시(상야교),한강,37.579167,126.775833,1,110,김포(공),37.55891,126.79451,서울특별시 강서구 공항동,2.79,0.7565,A_매우신뢰
1019657,인천시(상야교),한강,37.579167,126.775833,2,441,김포,37.60758,126.76244,경기도 김포시 고촌읍 풍곡리,3.37,0.7139,A_매우신뢰
1019657,인천시(상야교),한강,37.579167,126.775833,3,404,강서,37.5739,126.82953,서울특별시 강서구 화곡동,4.77,0.6206,A_매우신뢰
1019660,굴포천(한강),한강,37.589722,126.782778,1,441,김포,37.60758,126.76244,경기도 김포시 고촌읍 풍곡리,2.67,0.7657,A_매우신뢰
1019660,굴포천(한강),한강,37.589722,126.782778,2,110,김포(공),37.55891,126.79451,서울특별시 강서구 공항동,3.58,0.6991,A_매우신뢰
1019660,굴포천(한강),한강,37.589722,126.782778,3,404,강서,37.5739,126.82953,서울특별시 강서구 화곡동,4.48,0.6389,A_매우신뢰
1019661,김포시(사우교),한강,37.625,126.727222,1,441,김포,37.60758,126.76244,경기도 김포시 고촌읍 풍곡리,3.66,0.6935,A_매우신뢰
1019661,김포시(사우교),한강,37.625,126.727222,2,427,김포장기,37.64279,126.67343,경기도 김포시 장기동,5.13,0.5987,B_신뢰
1019661,김포시(사우교),한강,37.625,126.727222,3,570,금곡,37.6232,126.64233,인천광역시 서구 금곡동,7.48,0.4733,B_신뢰
1019663,양주시(제궁교),한강,37.692778,126.9275,1,352,장흥면,37.7156,126.9436,경기도 양주시 장흥면 일영리,2.91,0.7475,A_매우신뢰
1019663,양주시(제궁교),한강,37.692778,126.9275,2,416,은평,37.64647,126.94273,서울특별시 은평구 진관동,5.32,0.5874,B_신뢰
1019663,양주시(제궁교),한강,37.692778,126.9275,3,540,고양,37.6373,126.892,경기도 고양시덕양구 용두동,6.92,0.5006,B_신뢰
1019667,고양시(원당교),한강,37.685,126.865833,1,540,고양,37.6373,126.892,경기도 고양시덕양구 용두동,5.78,0.561,B_신뢰
1019667,고양시(원당교),한강,37.685,126.865833,2,589,고양고봉,37.70236,126.79026,경기도 고양시 일산동구 성석동,6.92,0.5006,B_신뢰
1019667,고양시(원당교),한강,37.685,126.865833,3,352,장흥면,37.7156,126.9436,경기도 양주시 장흥면 일영리,7.64,0.4658,B_신뢰
1019675,김포시(전류리),한강,37.695833,126.664444,1,427,김포장기,37.64279,126.67343,경기도 김포시 장기동,5.95,0.5516,B_신뢰
1019675,김포시(전류리),한강,37.695833,126.664444,2,570,금곡,37.6232,126.64233,인천광역시 서구 금곡동,8.31,0.4356,B_신뢰
1019675,김포시(전류리),한강,37.695833,126.664444,3,589,고양고봉,37.70236,126.79026,경기도 고양시 일산동구 성석동,11.09,0.3299,C_보통
1019680,파주시(교하교),한강,37.760278,126.761389,1,506,파주금촌,37.74823,126.77693,경기도 파주시 금촌동,1.91,0.8261,A_매우신뢰
1019680,파주시(교하교),한강,37.760278,126.761389,2,481,탄현,37.80246,126.71624,경기도 파주시 탄현면 축현리,6.14,0.5412,B_신뢰
1019680,파주시(교하교),한강,37.760278,126.761389,3,589,고양고봉,37.70236,126.79026,경기도 고양시 일산동구 성석동,6.92,0.5006,B_신뢰
1021628,철원군(백마교),한강,38.268889,127.160556,1,651,외촌,38.27717,127.2057,강원특별자치도 철원군 철원읍 외촌리,4.05,0.667,A_매우신뢰
1021628,철원군(백마교),한강,38.268889,127.160556,2,650,양지,38.25091,127.27141,강원특별자치도 철원군 동송읍 양지리,9.88,0.3723,B_신뢰
1021628,철원군(백마교),한강,38.268889,127.160556,3,970,철원장흥,38.2016,127.25024,강원특별자치도 철원군 동송읍 장흥리,10.83,0.3386,C_보통
1021630,철원군(대마리),한강,38.268333,127.166111,1,651,외촌,38.27717,127.2057,강원특별자치도 철원군 철원읍 외촌리,3.59,0.6984,A_매우신뢰
1021630,철원군(대마리),한강,38.268333,127.166111,2,650,양지,38.25091,127.27141,강원특별자치도 철원군 동송읍 양지리,9.4,0.3906,B_신뢰
1021630,철원군(대마리),한강,38.268333,127.166111,3,970,철원장흥,38.2016,127.25024,강원특별자치도 철원군 동송읍 장흥리,10.44,0.352,C_보통
1021650,연천군(필승교),한강,38.111111,126.960833,1,499,중면,38.13608,127.02354,경기도 연천군 중면 삼곶리,6.15,0.5406,B_신뢰
1021650,연천군(필승교),한강,38.111111,126.960833,2,491,군남,38.0822222,127.0208333,경기도 연천군 군남면 삼거리,6.16,0.5401,B_신뢰
1021650,연천군(필승교),한강,38.111111,126.960833,3,478,왕징,38.05857,127.01279,경기도 연천군 왕징면 무등리,7.4,0.4771,B_신뢰
1021660,연천군(군남댐),한강,38.105,127.015833,1,491,군남,38.0822222,127.0208333,경기도 연천군 군남면 삼거리,2.57,0.7734,A_매우신뢰
1021660,연천군(군남댐),한강,38.105,127.015833,2,499,중면,38.13608,127.02354,경기도 연천군 중면 삼곶리,3.52,0.7033,A_매우신뢰
1021660,연천군(군남댐),한강,38.105,127.015833,3,478,왕징,38.05857,127.01279,경기도 연천군 왕징면 무등리,5.17,0.5963,B_신뢰
1021670,북삼,한강,38.089722,127.007778,1,491,군남,38.0822222,127.0208333,경기도 연천군 군남면 삼거리,1.41,0.8685,A_매우신뢰
1021670,북삼,한강,38.089722,127.007778,2,478,왕징,38.05857,127.01279,경기도 연천군 왕징면 무등리,3.49,0.7054,A_매우신뢰
1021670,북삼,한강,38.089722,127.007778,3,480,미산,38.04743,126.99289,경기도 연천군 미산면 유촌리,4.88,0.6139,A_매우신뢰
1021680,연천군(임진교),한강,38.056389,127.0175,1,478,왕징,38.05857,127.01279,경기도 연천군 왕징면 무등리,0.48,0.9531,A_매우신뢰
1021680,연천군(임진교),한강,38.056389,127.0175,2,480,미산,38.04743,126.99289,경기도 연천군 미산면 유촌리,2.37,0.789,A_매우신뢰
1021680,연천군(임진교),한강,38.056389,127.0175,3,491,군남,38.0822222,127.0208333,경기도 연천군 군남면 삼거리,2.89,0.749,A_매우신뢰
1022620,철원군(암정교),한강,38.286667,127.464722,1,323,마현,38.27268,127.52551,강원특별자치도 철원군 근남면 마현리,5.53,0.5752,B_신뢰
1022620,철원군(암정교),한강,38.286667,127.464722,2,552,김화,38.23145,127.3896,강원특별자치도 철원군 김화읍 청양리,8.98,0.4074,B_신뢰
1022620,철원군(암정교),한강,38.286667,127.464722,3,650,양지,38.25091,127.27141,강원특별자치도 철원군 동송읍 양지리,17.34,0.1766,D_주의
1022626,철원군(장수대교),한강,38.246111,127.374444,1,552,김화,38.23145,127.3896,강원특별자치도 철원군 김화읍 청양리,2.1,0.8106,A_매우신뢰
1022626,철원군(장수대교),한강,38.246111,127.374444,2,650,양지,38.25091,127.27141,강원특별자치도 철원군 동송읍 양지리,9.01,0.4062,B_신뢰
1022626,철원군(장수대교),한강,38.246111,127.374444,3,970,철원장흥,38.2016,127.25024,강원특별자치도 철원군 동송읍 장흥리,11.93,0.3033,C_보통
1022630,철원군(삼합교),한강,38.293889,127.349167,1,552,김화,38.23145,127.3896,강원특별자치도 철원군 김화읍 청양리,7.79,0.4589,B_신뢰
1022630,철원군(삼합교),한강,38.293889,127.349167,2,650,양지,38.25091,127.27141,강원특별자치도 철원군 동송읍 양지리,8.3,0.436,B_신뢰
1022630,철원군(삼합교),한강,38.293889,127.349167,3,651,외촌,38.27717,127.2057,강원특별자치도 철원군 철원읍 외촌리,12.66,0.282,C_보통
1022631,토교,한강,38.272222,127.288889,1,650,양지,38.25091,127.27141,강원특별자치도 철원군 동송읍 양지리,2.82,0.7543,A_매우신뢰
1022631,토교,한강,38.272222,127.288889,2,651,외촌,38.27717,127.2057,강원특별자치도 철원군 철원읍 외촌리,7.28,0.4829,B_신뢰
1022631,토교,한강,38.272222,127.288889,3,970,철원장흥,38.2016,127.25024,강원특별자치도 철원군 동송읍 장흥리,8.55,0.4253,B_신뢰
1022635,철원군(한탄대교),한강,38.186944,127.299167,1,95,철원,38.14787,127.3042,강원특별자치도 철원군 갈말읍 군탄리,4.37,0.646,A_매우신뢰
1022635,철원군(한탄대교),한강,38.186944,127.299167,2,970,철원장흥,38.2016,127.25024,강원특별자치도 철원군 동송읍 장흥리,4.58,0.6325,A_매우신뢰
1022635,철원군(한탄대교),한강,38.186944,127.299167,3,475,관인,38.15774,127.2512,경기도 포천시 관인면 탄동리,5.3,0.5886,B_신뢰
1022638,철원군(군탄교),한강,38.140278,127.28,1,95,철원,38.14787,127.3042,강원특별자치도 철원군 갈말읍 군탄리,2.28,0.7961,A_매우신뢰
1022638,철원군(군탄교),한강,38.140278,127.28,2,475,관인,38.15774,127.2512,경기도 포천시 관인면 탄동리,3.18,0.7276,A_매우신뢰
1022638,철원군(군탄교),한강,38.140278,127.28,3,874,동송,38.14163,127.21965,강원특별자치도 철원군 동송읍 상노리,5.28,0.5898,B_신뢰
1022640,포천시(용담교),한강,38.123889,127.271944,1,95,철원,38.14787,127.3042,강원특별자치도 철원군 갈말읍 군탄리,3.88,0.6784,A_매우신뢰
1022640,포천시(용담교),한강,38.123889,127.271944,2,474,영북,38.08909,127.2755,경기도 포천시 영북면 운천리,3.88,0.6784,A_매우신뢰
1022640,포천시(용담교),한강,38.123889,127.271944,3,475,관인,38.15774,127.2512,경기도 포천시 관인면 탄동리,4.18,0.6584,A_매우신뢰
1022641,포천시(제1도평교),한강,38.050833,127.381944,1,539,포천이동,38.02415,127.36571,경기도 포천시 이동면 장암리,3.29,0.7196,A_매우신뢰
1022641,포천시(제1도평교),한강,38.050833,127.381944,2,695,광덕산,38.11619,127.43197,강원특별자치도 화천군 사내면 광덕리,8.48,0.4283,B_신뢰
1022641,포천시(제1도평교),한강,38.050833,127.381944,3,474,영북,38.08909,127.2755,경기도 포천시 영북면 운천리,10.24,0.3592,C_보통
1022642,포천시(대회산교),한강,38.09,127.220556,1,474,영북,38.08909,127.2755,경기도 포천시 영북면 운천리,4.81,0.6182,A_매우신뢰
1022642,포천시(대회산교),한강,38.09,127.220556,2,874,동송,38.14163,127.21965,강원특별자치도 철원군 동송읍 상노리,5.74,0.5633,B_신뢰
1022642,포천시(대회산교),한강,38.09,127.220556,3,475,관인,38.15774,127.2512,경기도 포천시 관인면 탄동리,8.0,0.4493,B_신뢰
1022643,포천시(영로대교),한강,38.065278,127.205833,1,474,영북,38.08909,127.2755,경기도 포천시 영북면 운천리,6.65,0.5143,B_신뢰
1022643,포천시(영로대교),한강,38.065278,127.205833,2,507,창수,38.02479,127.14358,경기도 포천시 창수면 고소성리,7.07,0.4931,B_신뢰
1022643,포천시(영로대교),한강,38.065278,127.205833,3,361,영중면,38.0053,127.2447,경기도 포천시 영중면 양문리,7.49,0.4728,B_신뢰
1022644,연천군(한탄강댐),한강,38.0625,127.130833,1,507,창수,38.02479,127.14358,경기도 포천시 창수면 고소성리,4.34,0.6479,A_매우신뢰
1022644,연천군(한탄강댐),한강,38.0625,127.130833,2,456,연천,38.09632,127.07564,경기도 연천군 연천읍 차탄리,6.12,0.5423,B_신뢰
1022644,연천군(한탄강댐),한강,38.0625,127.130833,3,652,연천청산,37.98998,127.07267,경기도 연천군 청산면 초성리,9.54,0.3852,B_신뢰
1022645,연천군(한여울교),한강,38.060833,127.129167,1,507,창수,38.02479,127.14358,경기도 포천시 창수면 고소성리,4.2,0.657,A_매우신뢰
1022645,연천군(한여울교),한강,38.060833,127.129167,2,456,연천,38.09632,127.07564,경기도 연천군 연천읍 차탄리,6.13,0.5417,B_신뢰
1022645,연천군(한여울교),한강,38.060833,127.129167,3,652,연천청산,37.98998,127.07267,경기도 연천군 청산면 초성리,9.3,0.3946,B_신뢰
1022646,포천시(낭유대교),한강,38.000556,127.33,1,539,포천이동,38.02415,127.36571,경기도 포천시 이동면 장암리,4.08,0.665,A_매우신뢰
1022646,포천시(낭유대교),한강,38.000556,127.33,2,568,일동,37.95875,127.31349,경기도 포천시 일동면 기산리,4.87,0.6145,A_매우신뢰
1022646,포천시(낭유대교),한강,38.000556,127.33,3,361,영중면,38.0053,127.2447,경기도 포천시 영중면 양문리,7.49,0.4728,B_신뢰
1022647,포천시(포천대교),한강,37.8925,127.201944,1,504,포천,37.87035,127.18073,경기도 포천시 자작동,3.09,0.7342,A_매우신뢰
1022647,포천시(포천대교),한강,37.8925,127.201944,2,473,가산,37.84864,127.18636,경기도 포천시 가산면 마산리,5.07,0.6023,B_신뢰
1022647,포천시(포천대교),한강,37.8925,127.201944,3,452,신북,37.93408,127.22638,경기도 포천시 신북면 기지리,5.1,0.6005,B_신뢰
1022648,포천시(은현교),한강,38.002222,127.238611,1,361,영중면,38.0053,127.2447,경기도 포천시 영중면 양문리,0.63,0.9389,A_매우신뢰
1022648,포천시(은현교),한강,38.002222,127.238611,2,452,신북,37.93408,127.22638,경기도 포천시 신북면 기지리,7.65,0.4653,B_신뢰
1022648,포천시(은현교),한강,38.002222,127.238611,3,568,일동,37.95875,127.31349,경기도 포천시 일동면 기산리,8.15,0.4426,B_신뢰
1022649,포천시(지현교),한강,37.933611,127.265556,1,452,신북,37.93408,127.22638,경기도 포천시 신북면 기지리,3.44,0.7089,A_매우신뢰
1022649,포천시(지현교),한강,37.933611,127.265556,2,476,화현,37.90132,127.28831,경기도 포천시 화현면 화현리,4.11,0.663,A_매우신뢰
1022649,포천시(지현교),한강,37.933611,127.265556,3,568,일동,37.95875,127.31349,경기도 포천시 일동면 기산리,5.05,0.6035,B_신뢰
1022650,포천시(영평교),한강,38.010833,127.214444,1,361,영중면,38.0053,127.2447,경기도 포천시 영중면 양문리,2.72,0.7619,A_매우신뢰
1022650,포천시(영평교),한강,38.010833,127.214444,2,507,창수,38.02479,127.14358,경기도 포천시 창수면 고소성리,6.4,0.5273,B_신뢰
1022650,포천시(영평교),한강,38.010833,127.214444,3,452,신북,37.93408,127.22638,경기도 포천시 신북면 기지리,8.6,0.4232,B_신뢰
1022651,포천시(가산교),한강,37.836944,127.155556,1,359,선단동,37.8542,127.1592,경기도 포천시 선단동,1.95,0.8228,A_매우신뢰
1022651,포천시(가산교),한강,37.836944,127.155556,2,473,가산,37.84864,127.18636,경기도 포천시 가산면 마산리,3.0,0.7408,A_매우신뢰
1022651,포천시(가산교),한강,37.836944,127.155556,3,504,포천,37.87035,127.18073,경기도 포천시 자작동,4.32,0.6492,A_매우신뢰
1022655,포천시(신백의교),한강,38.018056,127.142778,1,507,창수,38.02479,127.14358,경기도 포천시 창수면 고소성리,0.75,0.9277,A_매우신뢰
1022655,포천시(신백의교),한강,38.018056,127.142778,2,652,연천청산,37.98998,127.07267,경기도 연천군 청산면 초성리,6.89,0.5021,B_신뢰
1022655,포천시(신백의교),한강,38.018056,127.142778,3,454,하봉암,37.97426,127.06693,경기도 동두천시 하봉암동,8.24,0.4387,B_신뢰
1022659,백의교,한강,38.023056,127.138056,1,507,창수,38.02479,127.14358,경기도 포천시 창수면 고소성리,0.52,0.9493,A_매우신뢰
1022659,백의교,한강,38.023056,127.138056,2,652,연천청산,37.98998,127.07267,경기도 연천군 청산면 초성리,6.81,0.5061,B_신뢰
1022659,백의교,한강,38.023056,127.138056,3,454,하봉암,37.97426,127.06693,경기도 동두천시 하봉암동,8.26,0.4378,B_신뢰
1022660,양주시(발운2교),한강,37.867778,127.001667,1,372,은현면,37.8722,127.0267,경기도 양주시 은현면 선암리,2.25,0.7985,A_매우신뢰
1022660,양주시(발운2교),한강,37.867778,127.001667,2,351,남면,37.8978,126.9768,경기도 양주시 남면 신산리,3.99,0.671,A_매우신뢰
1022660,양주시(발운2교),한강,37.867778,127.001667,3,598,양주,37.83118,126.9905,경기도 양주시 광적면 가납리,4.19,0.6577,A_매우신뢰
1022661,연천군(보막교),한강,38.167222,127.101667,1,538,신서,38.17254,127.10301,경기도 연천군 신서면 도신리,0.6,0.9418,A_매우신뢰
1022661,연천군(보막교),한강,38.167222,127.101667,2,499,중면,38.13608,127.02354,경기도 연천군 중면 삼곶리,7.66,0.4649,B_신뢰
1022661,연천군(보막교),한강,38.167222,127.101667,3,456,연천,38.09632,127.07564,경기도 연천군 연천읍 차탄리,8.21,0.44,B_신뢰
1022662,연천군(차탄교),한강,38.0875,127.071944,1,456,연천,38.09632,127.07564,경기도 연천군 연천읍 차탄리,1.03,0.9021,A_매우신뢰
1022662,연천군(차탄교),한강,38.0875,127.071944,2,491,군남,38.0822222,127.0208333,경기도 연천군 군남면 삼거리,4.51,0.637,A_매우신뢰
1022662,연천군(차탄교),한강,38.0875,127.071944,3,478,왕징,38.05857,127.01279,경기도 연천군 왕징면 무등리,6.1,0.5434,B_신뢰
1022664,궁신교,한강,38.036667,127.104444,1,507,창수,38.02479,127.14358,경기도 포천시 창수면 고소성리,3.67,0.6928,A_매우신뢰
1022664,궁신교,한강,38.036667,127.104444,2,652,연천청산,37.98998,127.07267,경기도 연천군 청산면 초성리,5.89,0.5549,B_신뢰
1022664,궁신교,한강,38.036667,127.104444,3,456,연천,38.09632,127.07564,경기도 연천군 연천읍 차탄리,7.1,0.4916,B_신뢰
1022665,연천군(궁신교),한강,38.036111,127.103889,1,507,창수,38.02479,127.14358,경기도 포천시 창수면 고소성리,3.7,0.6907,A_매우신뢰
1022665,연천군(궁신교),한강,38.036111,127.103889,2,652,연천청산,37.98998,127.07267,경기도 연천군 청산면 초성리,5.81,0.5593,B_신뢰
1022665,연천군(궁신교),한강,38.036111,127.103889,3,456,연천,38.09632,127.07564,경기도 연천군 연천읍 차탄리,7.14,0.4897,B_신뢰
1022666,연천군(고탄교),한강,38.031389,127.076111,1,652,연천청산,37.98998,127.07267,경기도 연천군 청산면 초성리,4.61,0.6307,A_매우신뢰
1022666,연천군(고탄교),한강,38.031389,127.076111,2,507,창수,38.02479,127.14358,경기도 포천시 창수면 고소성리,5.95,0.5516,B_신뢰
1022666,연천군(고탄교),한강,38.031389,127.076111,3,478,왕징,38.05857,127.01279,경기도 연천군 왕징면 무등리,6.32,0.5315,B_신뢰
1022668,동두천시(송천교),한강,37.880278,127.051389,1,372,은현면,37.8722,127.0267,경기도 양주시 은현면 선암리,2.35,0.7906,A_매우신뢰
1022668,동두천시(송천교),한강,37.880278,127.051389,2,98,동두천,37.90188,127.0607,경기도 동두천시 생연동,2.54,0.7757,A_매우신뢰
1022668,동두천시(송천교),한강,37.880278,127.051389,3,477,상패,37.9056,127.0441,141 경기도 동두천시 상패동,2.89,0.749,A_매우신뢰
1022670,연천군(신천교),한강,37.993056,127.076944,1,652,연천청산,37.98998,127.07267,경기도 연천군 청산면 초성리,0.51,0.9503,A_매우신뢰
1022670,연천군(신천교),한강,37.993056,127.076944,2,454,하봉암,37.97426,127.06693,경기도 동두천시 하봉암동,2.27,0.7969,A_매우신뢰
1022670,연천군(신천교),한강,37.993056,127.076944,3,507,창수,38.02479,127.14358,경기도 포천시 창수면 고소성리,6.82,0.5056,B_신뢰
1022680,연천군(사랑교),한강,38.009167,127.056389,1,652,연천청산,37.98998,127.07267,경기도 연천군 청산면 초성리,2.57,0.7734,A_매우신뢰
1022680,연천군(사랑교),한강,38.009167,127.056389,2,454,하봉암,37.97426,127.06693,경기도 동두천시 하봉암동,3.99,0.671,A_매우신뢰
1022680,연천군(사랑교),한강,38.009167,127.056389,3,478,왕징,38.05857,127.01279,경기도 연천군 왕징면 무등리,6.69,0.5122,B_신뢰
1023635,파주시(덕천교),한강,37.934167,126.864722,1,479,장남,37.98183,126.88427,경기도 연천군 장남면 원당리,5.57,0.5729,B_신뢰
1023635,파주시(덕천교),한강,37.934167,126.864722,2,567,적성,37.95332,126.93176,경기도 파주시 적성면 구읍리,6.25,0.5353,B_신뢰
1023635,파주시(덕천교),한강,37.934167,126.864722,3,483,진동,37.92526,126.78913,경기도 파주시 진동면 동파리,6.7,0.5117,B_신뢰
1023640,연천군(삼화교),한강,38.025278,126.983333,1,480,미산,38.04743,126.99289,경기도 연천군 미산면 유촌리,2.6,0.7711,A_매우신뢰
1023640,연천군(삼화교),한강,38.025278,126.983333,2,478,왕징,38.05857,127.01279,경기도 연천군 왕징면 무등리,4.51,0.637,A_매우신뢰
1023640,연천군(삼화교),한강,38.025278,126.983333,3,692,백학,38.0404,126.9245,경기도 연천군 백학면 두일리,5.42,0.5816,B_신뢰
1023660,파주시(비룡대교),한강,37.985278,126.919167,1,479,장남,37.98183,126.88427,경기도 연천군 장남면 원당리,3.08,0.7349,A_매우신뢰
1023660,파주시(비룡대교),한강,37.985278,126.919167,2,567,적성,37.95332,126.93176,경기도 파주시 적성면 구읍리,3.72,0.6894,A_매우신뢰
1023660,파주시(비룡대교),한강,37.985278,126.919167,3,692,백학,38.0404,126.9245,경기도 연천군 백학면 두일리,6.15,0.5406,B_신뢰
1023662,연천군(사미천교),한강,38.003333,126.878333,1,479,장남,37.98183,126.88427,경기도 연천군 장남면 원당리,2.45,0.7827,A_매우신뢰
1023662,연천군(사미천교),한강,38.003333,126.878333,2,692,백학,38.0404,126.9245,경기도 연천군 백학면 두일리,5.77,0.5616,B_신뢰
1023662,연천군(사미천교),한강,38.003333,126.878333,3,567,적성,37.95332,126.93176,경기도 파주시 적성면 구읍리,7.27,0.4834,B_신뢰
1023667,파주시(전진교),한강,37.906111,126.820556,1,483,진동,37.92526,126.78913,경기도 파주시 진동면 동파리,3.48,0.7061,A_매우신뢰
1023667,파주시(전진교),한강,37.906111,126.820556,2,99,파주,37.88589,126.76648,경기도 파주시 문산읍 운천리,5.25,0.5916,B_신뢰
1023667,파주시(전진교),한강,37.906111,126.820556,3,503,도라산,37.90804,126.71193,경기도 파주시 장단면 도라산리,9.53,0.3856,B_신뢰
1023670,파주시(통일대교),한강,37.904444,126.741667,1,503,도라산,37.90804,126.71193,경기도 파주시 장단면 도라산리,2.64,0.768,A_매우신뢰
1023670,파주시(통일대교),한강,37.904444,126.741667,2,99,파주,37.88589,126.76648,경기도 파주시 문산읍 운천리,3.0,0.7408,A_매우신뢰
1023670,파주시(통일대교),한강,37.904444,126.741667,3,483,진동,37.92526,126.78913,경기도 파주시 진동면 동파리,4.76,0.6213,A_매우신뢰
1023671,파주시(신우교),한강,37.773611,126.885278,1,482,광탄,37.77602,126.85131,경기도 파주시 광탄면 신산리,3.0,0.7408,A_매우신뢰
1023671,파주시(신우교),한강,37.773611,126.885278,2,352,장흥면,37.7156,126.9436,경기도 양주시 장흥면 일영리,8.24,0.4387,B_신뢰
1023671,파주시(신우교),한강,37.773611,126.885278,3,375,백석읍,37.7919,126.9875,경기도 양주시 백석읍 오산리,9.21,0.3981,B_신뢰
1023674,파주시(만장교),한강,37.805556,126.861944,1,482,광탄,37.77602,126.85131,경기도 파주시 광탄면 신산리,3.41,0.7111,A_매우신뢰
1023674,파주시(만장교),한강,37.805556,126.861944,2,506,파주금촌,37.74823,126.77693,경기도 파주시 금촌동,9.82,0.3746,B_신뢰
1023674,파주시(만장교),한강,37.805556,126.861944,3,375,백석읍,37.7919,126.9875,경기도 양주시 백석읍 오산리,11.14,0.3282,C_보통
1023677,파주시(주월교),한강,37.800833,126.818611,1,482,광탄,37.77602,126.85131,경기도 파주시 광탄면 신산리,3.98,0.6717,A_매우신뢰
1023677,파주시(주월교),한강,37.800833,126.818611,2,506,파주금촌,37.74823,126.77693,경기도 파주시 금촌동,6.9,0.5016,B_신뢰
1023677,파주시(주월교),한강,37.800833,126.818611,3,481,탄현,37.80246,126.71624,경기도 파주시 탄현면 축현리,9.0,0.4066,B_신뢰
1023680,파주시(아가메교),한강,37.821389,126.783889,1,481,탄현,37.80246,126.71624,경기도 파주시 탄현면 축현리,6.3,0.5326,B_신뢰
1023680,파주시(아가메교),한강,37.821389,126.783889,2,99,파주,37.88589,126.76648,경기도 파주시 문산읍 운천리,7.33,0.4805,B_신뢰
1023680,파주시(아가메교),한강,37.821389,126.783889,3,482,광탄,37.77602,126.85131,경기도 파주시 광탄면 신산리,7.78,0.4593,B_신뢰
1101601,수원시(매세교),안성천,37.268056,127.015833,1,430,경기,37.27464,127.00971,경기도 수원시팔달구 매산로3가,0.91,0.913,A_매우신뢰
1101601,수원시(매세교),안성천,37.268056,127.015833,2,119,수원,37.25746,126.983,경기도 수원시권선구 고색동,3.14,0.7305,A_매우신뢰
1101601,수원시(매세교),안성천,37.268056,127.015833,3,439,진안,37.20877,127.0357,141 경기도 화성시 진안동,6.82,0.5056,B_신뢰
1101604,수원시(백년교),안성천,37.250833,127.0425,1,430,경기,37.27464,127.00971,경기도 수원시팔달구 매산로3가,3.93,0.675,A_매우신뢰
1101604,수원시(백년교),안성천,37.250833,127.0425,2,439,진안,37.20877,127.0357,141 경기도 화성시 진안동,4.72,0.6238,A_매우신뢰
1101604,수원시(백년교),안성천,37.250833,127.0425,3,119,수원,37.25746,126.983,경기도 수원시권선구 고색동,5.32,0.5874,B_신뢰
1101605,화성시(화산교),안성천,37.217778,127.020278,1,439,진안,37.20877,127.0357,141 경기도 화성시 진안동,1.69,0.8445,A_매우신뢰
1101605,화성시(화산교),안성천,37.217778,127.020278,2,119,수원,37.25746,126.983,경기도 수원시권선구 고색동,5.51,0.5764,B_신뢰
1101605,화성시(화산교),안성천,37.217778,127.020278,3,550,오산,37.1693,127.05271,경기도 오산시 금암동,6.11,0.5428,B_신뢰
1101606,안성시(현수교),안성천,37.000833,127.284167,1,516,안성,37.00371,127.25017,경기도 안성시 옥산동,3.04,0.7379,A_매우신뢰
1101606,안성시(현수교),안성천,37.000833,127.284167,2,443,보개,37.03307,127.30633,경기도 안성시 보개면 복평리,4.09,0.6643,A_매우신뢰
1101606,안성시(현수교),안성천,37.000833,127.284167,3,468,서운,36.94309,127.25925,경기도 안성시 서운면 인리,6.79,0.5071,B_신뢰
1101609,금광,안성천,36.9975,127.328889,1,443,보개,37.03307,127.30633,경기도 안성시 보개면 복평리,4.43,0.6421,A_매우신뢰
1101609,금광,안성천,36.9975,127.328889,2,516,안성,37.00371,127.25017,경기도 안성시 옥산동,7.02,0.4956,B_신뢰
1101609,금광,안성천,36.9975,127.328889,3,468,서운,36.94309,127.25925,경기도 안성시 서운면 인리,8.65,0.4211,B_신뢰
1101610,안성시(옥산대교),안성천,37.001389,127.250278,1,516,안성,37.00371,127.25017,경기도 안성시 옥산동,0.26,0.9743,A_매우신뢰
1101610,안성시(옥산대교),안성천,37.001389,127.250278,2,443,보개,37.03307,127.30633,경기도 안성시 보개면 복평리,6.1,0.5434,B_신뢰
1101610,안성시(옥산대교),안성천,37.001389,127.250278,3,468,서운,36.94309,127.25925,경기도 안성시 서운면 인리,6.53,0.5205,B_신뢰
1101611,안성시(평촌교),안성천,37.074444,127.26,1,470,고삼,37.08056,127.26962,경기도 안성시 고삼면 봉산리,1.09,0.8967,A_매우신뢰
1101611,안성시(평촌교),안성천,37.074444,127.26,2,467,양성,37.09414,127.21575,경기도 안성시 양성면 이현리,4.49,0.6383,A_매우신뢰
1101611,안성시(평촌교),안성천,37.074444,127.26,3,443,보개,37.03307,127.30633,경기도 안성시 보개면 복평리,6.17,0.5396,B_신뢰
1101615,고삼,안성천,37.081667,127.271944,1,470,고삼,37.08056,127.26962,경기도 안성시 고삼면 봉산리,0.24,0.9763,A_매우신뢰
1101615,고삼,안성천,37.081667,127.271944,2,467,양성,37.09414,127.21575,경기도 안성시 양성면 이현리,5.17,0.5963,B_신뢰
1101615,고삼,안성천,37.081667,127.271944,3,443,보개,37.03307,127.30633,경기도 안성시 보개면 복평리,6.21,0.5374,B_신뢰
1101616,안성시(고지교),안성천,36.964722,127.211944,1,495,공도,36.98062,127.16254,경기도 안성시 공도읍 불당리,4.73,0.6231,A_매우신뢰
1101616,안성시(고지교),안성천,36.964722,127.211944,2,468,서운,36.94309,127.25925,경기도 안성시 서운면 인리,4.84,0.6163,A_매우신뢰
1101616,안성시(고지교),안성천,36.964722,127.211944,3,516,안성,37.00371,127.25017,경기도 안성시 옥산동,5.51,0.5764,B_신뢰
1101618,안성시(한천교),안성천,36.989444,127.205556,1,495,공도,36.98062,127.16254,경기도 안성시 공도읍 불당리,3.94,0.6744,A_매우신뢰
1101618,안성시(한천교),안성천,36.989444,127.205556,2,516,안성,37.00371,127.25017,경기도 안성시 옥산동,4.27,0.6525,A_매우신뢰
1101618,안성시(한천교),안성천,36.989444,127.205556,3,468,서운,36.94309,127.25925,경기도 안성시 서운면 인리,7.02,0.4956,B_신뢰
1101620,안성시(건천리),안성천,36.973611,127.1825,1,495,공도,36.98062,127.16254,경기도 안성시 공도읍 불당리,1.94,0.8237,A_매우신뢰
1101620,안성시(건천리),안성천,36.973611,127.1825,2,551,평택,36.98769,127.10879,경기도 평택시 비전동,6.73,0.5102,B_신뢰
1101620,안성시(건천리),안성천,36.973611,127.1825,3,516,안성,37.00371,127.25017,경기도 안성시 옥산동,6.88,0.5026,B_신뢰
1101621,용인시(덕성1교),안성천,37.1725,127.199722,1,370,이동묵리,37.1789,127.25,경기도 용인시 처인구 이동읍 묵리,4.51,0.637,A_매우신뢰
1101621,용인시(덕성1교),안성천,37.1725,127.199722,2,436,처인역삼,37.23444,127.18839,경기도 용인시 처인구 역북동,6.96,0.4986,B_신뢰
1101621,용인시(덕성1교),안성천,37.1725,127.199722,3,575,용인이동,37.1058,127.18766,경기도 용인시 처인구 이동읍 어비리,7.49,0.4728,B_신뢰
1101625,이동,안성천,37.110278,127.184444,1,575,용인이동,37.1058,127.18766,경기도 용인시 처인구 이동읍 어비리,0.57,0.9446,A_매우신뢰
1101625,이동,안성천,37.110278,127.184444,2,467,양성,37.09414,127.21575,경기도 안성시 양성면 이현리,3.31,0.7182,A_매우신뢰
1101625,이동,안성천,37.110278,127.184444,3,470,고삼,37.08056,127.26962,경기도 안성시 고삼면 봉산리,8.25,0.4382,B_신뢰
1101628,천안시(안궁교),안성천,36.964444,127.139722,1,495,공도,36.98062,127.16254,경기도 안성시 공도읍 불당리,2.71,0.7626,A_매우신뢰
1101628,천안시(안궁교),안성천,36.964444,127.139722,2,551,평택,36.98769,127.10879,경기도 평택시 비전동,3.77,0.6859,A_매우신뢰
1101628,천안시(안궁교),안성천,36.964444,127.139722,3,617,직산,36.89056,127.14556,충청남도 천안시 서북구 직산읍 군서리,8.23,0.4391,B_신뢰
1101630,천안시(안성천교),안성천,36.970278,127.110833,1,551,평택,36.98769,127.10879,경기도 평택시 비전동,1.94,0.8237,A_매우신뢰
1101630,천안시(안성천교),안성천,36.970278,127.110833,2,495,공도,36.98062,127.16254,경기도 안성시 공도읍 불당리,4.74,0.6225,A_매우신뢰
1101630,천안시(안성천교),안성천,36.970278,127.110833,3,617,직산,36.89056,127.14556,충청남도 천안시 서북구 직산읍 군서리,9.39,0.391,B_신뢰
1101631,천안시(장천교),안성천,36.922778,127.121111,1,617,직산,36.89056,127.14556,충청남도 천안시 서북구 직산읍 군서리,4.19,0.6577,A_매우신뢰
1101631,천안시(장천교),안성천,36.922778,127.121111,2,551,평택,36.98769,127.10879,경기도 평택시 비전동,7.3,0.4819,B_신뢰
1101631,천안시(장천교),안성천,36.922778,127.121111,3,495,공도,36.98062,127.16254,경기도 안성시 공도읍 불당리,7.41,0.4766,B_신뢰
1101635,평택시(군문교),안성천,36.983611,127.08,1,551,평택,36.98769,127.10879,경기도 평택시 비전동,2.6,0.7711,A_매우신뢰
1101635,평택시(군문교),안성천,36.983611,127.08,2,495,공도,36.98062,127.16254,경기도 안성시 공도읍 불당리,7.34,0.48,B_신뢰
1101635,평택시(군문교),안성천,36.983611,127.08,3,356,고덕면,37.0481,127.0183,경기도 평택시 고덕면 좌교리,9.02,0.4058,B_신뢰
1101645,오산시(탑동대교),안성천,37.133889,127.058056,1,446,남촌,37.14031,127.06373,경기도 오산시 오산동,0.87,0.9167,A_매우신뢰
1101645,오산시(탑동대교),안성천,37.133889,127.058056,2,355,서탄면,37.1136,127.0364,경기도 평택시 서탄면 금암리,2.96,0.7438,A_매우신뢰
1101645,오산시(탑동대교),안성천,37.133889,127.058056,3,550,오산,37.1693,127.05271,경기도 오산시 금암동,3.97,0.6723,A_매우신뢰
1101650,화성시(수직교),안성천,37.123611,126.999722,1,355,서탄면,37.1136,127.0364,경기도 평택시 서탄면 금암리,3.44,0.7089,A_매우신뢰
1101650,화성시(수직교),안성천,37.123611,126.999722,2,446,남촌,37.14031,127.06373,경기도 오산시 오산동,5.97,0.5505,B_신뢰
1101650,화성시(수직교),안성천,37.123611,126.999722,3,550,오산,37.1693,127.05271,경기도 오산시 금암동,6.92,0.5006,B_신뢰
1101656,용인시(전궁교),안성천,37.110833,127.1525,1,575,용인이동,37.1058,127.18766,경기도 용인시 처인구 이동읍 어비리,3.17,0.7283,A_매우신뢰
1101656,용인시(전궁교),안성천,37.110833,127.1525,2,467,양성,37.09414,127.21575,경기도 안성시 양성면 이현리,5.91,0.5538,B_신뢰
1101656,용인시(전궁교),안성천,37.110833,127.1525,3,446,남촌,37.14031,127.06373,경기도 오산시 오산동,8.53,0.4261,B_신뢰
1101663,평택시(진위1교),안성천,37.095,127.052222,1,355,서탄면,37.1136,127.0364,경기도 평택시 서탄면 금암리,2.5,0.7788,A_매우신뢰
1101663,평택시(진위1교),안성천,37.095,127.052222,2,471,송탄,37.06639,127.06491,경기도 평택시 서정동,3.37,0.7139,A_매우신뢰
1101663,평택시(진위1교),안성천,37.095,127.052222,3,446,남촌,37.14031,127.06373,경기도 오산시 오산동,5.14,0.5981,B_신뢰
1101665,평택시(회화리),안성천,37.096111,127.028889,1,355,서탄면,37.1136,127.0364,경기도 평택시 서탄면 금암리,2.06,0.8138,A_매우신뢰
1101665,평택시(회화리),안성천,37.096111,127.028889,2,471,송탄,37.06639,127.06491,경기도 평택시 서정동,4.6,0.6313,A_매우신뢰
1101665,평택시(회화리),안성천,37.096111,127.028889,3,356,고덕면,37.0481,127.0183,경기도 평택시 고덕면 좌교리,5.42,0.5816,B_신뢰
1101670,평택시(동연교),안성천,37.0525,126.9975,1,356,고덕면,37.0481,127.0183,경기도 평택시 고덕면 좌교리,1.91,0.8261,A_매우신뢰
1101670,평택시(동연교),안성천,37.0525,126.9975,2,374,청북,37.0467,126.9706,경기도 평택시 청북읍 어연리,2.47,0.7811,A_매우신뢰
1101670,평택시(동연교),안성천,37.0525,126.9975,3,471,송탄,37.06639,127.06491,경기도 평택시 서정동,6.18,0.539,B_신뢰
1101675,궁안교,안성천,37.016667,127.016667,1,356,고덕면,37.0481,127.0183,경기도 평택시 고덕면 좌교리,3.5,0.7047,A_매우신뢰
1101675,궁안교,안성천,37.016667,127.016667,2,374,청북,37.0467,126.9706,경기도 평택시 청북읍 어연리,5.28,0.5898,B_신뢰
1101675,궁안교,안성천,37.016667,127.016667,3,471,송탄,37.06639,127.06491,경기도 평택시 서정동,6.99,0.4971,B_신뢰
1101680,평택시(팽성대교),안성천,36.978056,127.033611,1,551,평택,36.98769,127.10879,경기도 평택시 비전동,6.76,0.5086,B_신뢰
1101680,평택시(팽성대교),안성천,36.978056,127.033611,2,356,고덕면,37.0481,127.0183,경기도 평택시 고덕면 좌교리,7.91,0.4534,B_신뢰
1101680,평택시(팽성대교),안성천,36.978056,127.033611,3,374,청북,37.0467,126.9706,경기도 평택시 청북읍 어연리,9.46,0.3883,B_신뢰
1101685,아산호,안성천,36.968056,126.975833,1,358,현덕면,36.9672,126.9214,경기도 평택시 현덕면 인광리,4.84,0.6163,A_매우신뢰
1101685,아산호,안성천,36.968056,126.975833,2,374,청북,37.0467,126.9706,경기도 평택시 청북읍 어연리,8.76,0.4164,B_신뢰
1101685,아산호,안성천,36.968056,126.975833,3,356,고덕면,37.0481,127.0183,경기도 평택시 고덕면 좌교리,9.67,0.3802,B_신뢰
1101688,아산시(운교교),안성천,36.917778,127.038611,1,551,평택,36.98769,127.10879,경기도 평택시 비전동,9.97,0.369,B_신뢰
1101688,아산시(운교교),안성천,36.917778,127.038611,2,617,직산,36.89056,127.14556,충청남도 천안시 서북구 직산읍 군서리,9.98,0.3686,B_신뢰
1101688,아산시(운교교),안성천,36.917778,127.038611,3,358,현덕면,36.9672,126.9214,경기도 평택시 현덕면 인광리,11.78,0.3079,C_보통
1101690,노양,안성천,36.933333,127.0,1,358,현덕면,36.9672,126.9214,경기도 평택시 현덕면 인광리,7.94,0.452,B_신뢰
1101690,노양,안성천,36.933333,127.0,2,551,평택,36.98769,127.10879,경기도 평택시 비전동,11.4,0.3198,C_보통
1101690,노양,안성천,36.933333,127.0,3,356,고덕면,37.0481,127.0183,경기도 평택시 고덕면 좌교리,12.86,0.2764,C_보통
1101695,아산만(내),안성천,36.98,126.928056,1,358,현덕면,36.9672,126.9214,경기도 평택시 현덕면 인광리,1.54,0.8573,A_매우신뢰
1101695,아산만(내),안성천,36.98,126.928056,2,472,포승,36.9845,126.85475,경기도 평택시 포승읍 도곡리,6.53,0.5205,B_신뢰
1101695,아산만(내),안성천,36.98,126.928056,3,374,청북,37.0467,126.9706,경기도 평택시 청북읍 어연리,8.32,0.4352,B_신뢰
1101696,아산만(외),안성천,36.98,126.928056,1,358,현덕면,36.9672,126.9214,경기도 평택시 현덕면 인광리,1.54,0.8573,A_매우신뢰
1101696,아산만(외),안성천,36.98,126.928056,2,472,포승,36.9845,126.85475,경기도 평택시 포승읍 도곡리,6.53,0.5205,B_신뢰
1101696,아산만(외),안성천,36.98,126.928056,3,374,청북,37.0467,126.9706,경기도 평택시 청북읍 어연리,8.32,0.4352,B_신뢰
1201620,강화군(강화대교),한강서해,37.731667,126.527778,1,201,강화,37.70739,126.44634,인천광역시 강화군 불은면 삼성리,7.65,0.4653,B_신뢰
1201620,강화군(강화대교),한강서해,37.731667,126.527778,2,500,양도,37.66571,126.47015,인천광역시 강화군 양도면 도장리,8.92,0.4098,B_신뢰
1201620,강화군(강화대교),한강서해,37.731667,126.527778,3,487,대곶,37.64527,126.55229,경기도 김포시 대곶면,9.85,0.3734,B_신뢰
1201651,아라서해갑문(내),한강서해,37.561111,126.604167,1,511,경서동,37.5675,126.6351,인천광역시 서구 경서동,2.82,0.7543,A_매우신뢰
1201651,아라서해갑문(내),한강서해,37.561111,126.604167,2,570,금곡,37.6232,126.64233,인천광역시 서구 금곡동,7.68,0.4639,B_신뢰
1201651,아라서해갑문(내),한강서해,37.561111,126.604167,3,543,영종도,37.499,126.54958,인천광역시 중구 운남동,8.42,0.4308,B_신뢰
1201652,아라서해갑실(남),한강서해,37.560556,126.603056,1,511,경서동,37.5675,126.6351,인천광역시 서구 경서동,2.93,0.746,A_매우신뢰
1201652,아라서해갑실(남),한강서해,37.560556,126.603056,2,570,금곡,37.6232,126.64233,인천광역시 서구 금곡동,7.78,0.4593,B_신뢰
1201652,아라서해갑실(남),한강서해,37.560556,126.603056,3,543,영종도,37.499,126.54958,인천광역시 중구 운남동,8.31,0.4356,B_신뢰
1201653,아라서해갑문(외),한강서해,37.560278,126.601389,1,511,경서동,37.5675,126.6351,인천광역시 서구 경서동,3.08,0.7349,A_매우신뢰
1201653,아라서해갑문(외),한강서해,37.560278,126.601389,2,570,금곡,37.6232,126.64233,인천광역시 서구 금곡동,7.87,0.4552,B_신뢰
1201653,아라서해갑문(외),한강서해,37.560278,126.601389,3,543,영종도,37.499,126.54958,인천광역시 중구 운남동,8.2,0.4404,B_신뢰
1201654,아라서해갑실(북),한강서해,37.561111,126.602778,1,511,경서동,37.5675,126.6351,인천광역시 서구 경서동,2.94,0.7453,A_매우신뢰
1201654,아라서해갑실(북),한강서해,37.561111,126.602778,2,570,금곡,37.6232,126.64233,인천광역시 서구 금곡동,7.73,0.4616,B_신뢰
1201654,아라서해갑실(북),한강서해,37.561111,126.602778,3,543,영종도,37.499,126.54958,인천광역시 중구 운남동,8.35,0.4339,B_신뢰
1201660,인천시(연수교),한강서해,37.416667,126.695833,1,512,인천연수,37.39684,126.66209,인천광역시 연수구 동춘동,3.71,0.69,A_매우신뢰
1201660,인천시(연수교),한강서해,37.416667,126.695833,2,565,시흥,37.39154,126.77795,경기도 시흥시 장곡동,7.77,0.4598,B_신뢰
1201660,인천시(연수교),한강서해,37.416667,126.695833,3,649,부평,37.47223,126.75072,인천광역시 부평구 구산동,7.85,0.4561,B_신뢰
1202630,반월2,한강서해,37.348333,126.875,1,369,수리산길,37.36404,126.91692,경기도 군포시 산본동,4.1,0.6637,A_매우신뢰
1202630,반월2,한강서해,37.348333,126.875,2,435,고잔,37.32713,126.83397,경기도 안산시단원구 고잔동,4.33,0.6486,A_매우신뢰
1202630,반월2,한강서해,37.348333,126.875,3,377,안양만안,37.39523,126.89194,경기도 안양시 만안구 박달동,5.43,0.581,B_신뢰
1202650,안산시(안산10교),한강서해,37.314722,126.8425,1,435,고잔,37.32713,126.83397,경기도 안산시단원구 고잔동,1.57,0.8547,A_매우신뢰
1202650,안산시(안산10교),한강서해,37.314722,126.8425,2,545,안산,37.28103,126.83848,경기도 안산시상록구 사동,3.76,0.6866,A_매우신뢰
1202650,안산시(안산10교),한강서해,37.314722,126.8425,3,369,수리산길,37.36404,126.91692,경기도 군포시 산본동,8.56,0.4249,B_신뢰
1202660,반월1,한강서해,37.322778,126.856944,1,435,고잔,37.32713,126.83397,경기도 안산시단원구 고잔동,2.09,0.8114,A_매우신뢰
1202660,반월1,한강서해,37.322778,126.856944,2,545,안산,37.28103,126.83848,경기도 안산시상록구 사동,4.92,0.6114,A_매우신뢰
1202660,반월1,한강서해,37.322778,126.856944,3,369,수리산길,37.36404,126.91692,경기도 군포시 산본동,7.01,0.4961,B_신뢰
1202668,화성시(발안천2교),한강서해,37.116667,126.89,1,432,향남,37.13087,126.92063,경기도 화성시 향남읍 행정리,3.14,0.7305,A_매우신뢰
1202668,화성시(발안천2교),한강서해,37.116667,126.89,2,374,청북,37.0467,126.9706,경기도 평택시 청북읍 어연리,10.57,0.3475,C_보통
1202668,화성시(발안천2교),한강서해,37.116667,126.89,3,571,화성,37.19525,126.82094,경기도 화성시 만세구 남양읍 남양리,10.67,0.344,C_보통
1202670,남양(외),한강서해,37.000556,126.8,1,472,포승,36.9845,126.85475,경기도 평택시 포승읍 도곡리,5.18,0.5957,B_신뢰
1202670,남양(외),한강서해,37.000556,126.8,2,515,운평,37.08453,126.77389,경기도 화성시 우정읍 운평리,9.62,0.3821,B_신뢰
1202670,남양(외),한강서해,37.000556,126.8,3,358,현덕면,36.9672,126.9214,경기도 평택시 현덕면 인광리,11.4,0.3198,C_보통
1202690,서해배수문(내),한강서해,37.29,126.577222,1,514,대부도,37.23767,126.5787,경기도 안산시단원구 대부남동,5.82,0.5588,B_신뢰
1202690,서해배수문(내),한강서해,37.29,126.577222,2,631,송도,37.34775,126.61535,인천광역시 연수구 송도동,7.25,0.4843,B_신뢰
1202690,서해배수문(내),한강서해,37.29,126.577222,3,664,영흥도,37.22468,126.45838,인천광역시 옹진군 영흥면 외리,12.78,0.2786,C_보통
1202695,서해배수문(외),한강서해,37.290278,126.576944,1,514,대부도,37.23767,126.5787,경기도 안산시단원구 대부남동,5.85,0.5571,B_신뢰
1202695,서해배수문(외),한강서해,37.290278,126.576944,2,631,송도,37.34775,126.61535,인천광역시 연수구 송도동,7.24,0.4848,B_신뢰
1202695,서해배수문(외),한강서해,37.290278,126.576944,3,664,영흥도,37.22468,126.45838,인천광역시 옹진군 영흥면 외리,12.78,0.2786,C_보통
1301620,고성군(간촌교),한강동해,38.379444,128.4475,1,517,간성,38.3851,128.47523,강원특별자치도 고성군 간성읍 동호리,2.5,0.7788,A_매우신뢰
1301620,고성군(간촌교),한강동해,38.379444,128.4475,2,553,대진,38.49235,128.42813,강원특별자치도 고성군 현내면 초도리,12.67,0.2817,C_보통
1301620,고성군(간촌교),한강동해,38.379444,128.4475,3,320,향로봉,38.33104,128.31375,(산지)강원특별자치도 고성군 수동면 상원리,12.84,0.2769,C_보통
1301625,속초시(도문교),한강동해,38.164722,128.545278,1,520,설악동,38.16705,128.51818,(산지)강원특별자치도 속초시 설악동,2.38,0.7882,A_매우신뢰
1301625,속초시(도문교),한강동해,38.164722,128.545278,2,671,청호,38.19091,128.5936,강원특별자치도 속초시 조양동,5.13,0.5987,B_신뢰
1301625,속초시(도문교),한강동해,38.164722,128.545278,3,875,설악산,38.1211,128.4606,(산지)강원특별자치도 양양군 서면 오색리,8.85,0.4127,B_신뢰
1301630,양양군(용천2교),한강동해,38.055556,128.608056,1,670,양양,38.08874,128.62954,강원특별자치도 양양군 양양읍 송암리,4.14,0.661,A_매우신뢰
1301630,양양군(용천2교),한강동해,38.055556,128.608056,2,92,양양(공),38.05903,128.66298,강원특별자치도 양양군 손양면 동호리,4.82,0.6175,A_매우신뢰
1301630,양양군(용천2교),한강동해,38.055556,128.608056,3,593,양양영덕,38.00731,128.54069,(산지)강원특별자치도 양양군 서면 영덕리,7.97,0.4507,B_신뢰
1301632,양양군(북평교),한강동해,38.071111,128.607778,1,670,양양,38.08874,128.62954,강원특별자치도 양양군 양양읍 송암리,2.73,0.7611,A_매우신뢰
1301632,양양군(북평교),한강동해,38.071111,128.607778,2,92,양양(공),38.05903,128.66298,강원특별자치도 양양군 손양면 동호리,5.02,0.6053,B_신뢰
1301632,양양군(북평교),한강동해,38.071111,128.607778,3,593,양양영덕,38.00731,128.54069,(산지)강원특별자치도 양양군 서면 영덕리,9.21,0.3981,B_신뢰
1301658,양양군(양양대교),한강동해,38.075278,128.631667,1,670,양양,38.08874,128.62954,강원특별자치도 양양군 양양읍 송암리,1.51,0.8598,A_매우신뢰
1301658,양양군(양양대교),한강동해,38.075278,128.631667,2,92,양양(공),38.05903,128.66298,강원특별자치도 양양군 손양면 동호리,3.28,0.7204,A_매우신뢰
1301658,양양군(양양대교),한강동해,38.075278,128.631667,3,348,하조대,38.02572,128.71678,강원특별자치도 양양군 현북면 하광정리,9.27,0.3957,B_신뢰
1301665,속초시(응골교),한강동해,38.188611,128.558056,1,671,청호,38.19091,128.5936,강원특별자치도 속초시 조양동,3.12,0.732,A_매우신뢰
1301665,속초시(응골교),한강동해,38.188611,128.558056,2,520,설악동,38.16705,128.51818,(산지)강원특별자치도 속초시 설악동,4.23,0.6551,A_매우신뢰
1301665,속초시(응골교),한강동해,38.188611,128.558056,3,90,속초,38.25085,128.56473,강원특별자치도 고성군 토성면 봉포리,6.95,0.4991,B_신뢰
1302645,오봉,한강동해,37.698889,128.819722,1,678,강릉성산,37.72484,128.77862,(산지)강원특별자치도 강릉시 성산면 어흘리,4.63,0.6294,A_매우신뢰
1302645,오봉,한강동해,37.698889,128.819722,2,105,강릉,37.75147,128.89099,강원특별자치도 강릉시 용강동,8.57,0.4244,B_신뢰
1302645,오봉,한강동해,37.698889,128.819722,3,100,대관령,37.67713,128.71834,(산지)강원특별자치도 평창군 대관령면 횡계리,9.24,0.3969,B_신뢰
1302646,강릉시(오봉교),한강동해,37.709722,128.823611,1,678,강릉성산,37.72484,128.77862,(산지)강원특별자치도 강릉시 성산면 어흘리,4.3,0.6505,A_매우신뢰
1302646,강릉시(오봉교),한강동해,37.709722,128.823611,2,105,강릉,37.75147,128.89099,강원특별자치도 강릉시 용강동,7.53,0.471,B_신뢰
1302646,강릉시(오봉교),한강동해,37.709722,128.823611,3,100,대관령,37.67713,128.71834,(산지)강원특별자치도 평창군 대관령면 횡계리,9.95,0.3697,B_신뢰
1302648,강릉시(회산교),한강동해,37.743056,128.87,1,105,강릉,37.75147,128.89099,강원특별자치도 강릉시 용강동,2.07,0.813,A_매우신뢰
1302648,강릉시(회산교),한강동해,37.743056,128.87,2,524,경포,37.78638,128.89388,강원특별자치도 강릉시 운정동,5.25,0.5916,B_신뢰
1302648,강릉시(회산교),한강동해,37.743056,128.87,3,104,북강릉,37.80456,128.85535,강원특별자치도 강릉시 사천면 방동리,6.96,0.4986,B_신뢰
1302655,강릉시(난곡교),한강동해,37.783333,128.880278,1,524,경포,37.78638,128.89388,강원특별자치도 강릉시 운정동,1.24,0.8834,A_매우신뢰
1302655,강릉시(난곡교),한강동해,37.783333,128.880278,2,104,북강릉,37.80456,128.85535,강원특별자치도 강릉시 사천면 방동리,3.22,0.7247,A_매우신뢰
1302655,강릉시(난곡교),한강동해,37.783333,128.880278,3,105,강릉,37.75147,128.89099,강원특별자치도 강릉시 용강동,3.67,0.6928,A_매우신뢰
1302663,동해시(달방댐),한강동해,37.506111,129.038056,1,677,달방댐,37.51728,129.0213,(산지)강원특별자치도 동해시 신흥동,1.93,0.8245,A_매우신뢰
1302663,동해시(달방댐),한강동해,37.506111,129.038056,2,106,동해,37.50709,129.12433,강원특별자치도 동해시 용정동,7.61,0.4672,B_신뢰
1302663,동해시(달방댐),한강동해,37.506111,129.038056,3,580,옥계,37.61345,129.02888,강원특별자치도 강릉시 옥계면 현내리,11.96,0.3024,C_보통
1302665,동해시(원평교),한강동해,37.494167,129.068056,1,677,달방댐,37.51728,129.0213,(산지)강원특별자치도 동해시 신흥동,4.86,0.6151,A_매우신뢰
1302665,동해시(원평교),한강동해,37.494167,129.068056,2,106,동해,37.50709,129.12433,강원특별자치도 동해시 용정동,5.17,0.5963,B_신뢰
1302665,동해시(원평교),한강동해,37.494167,129.068056,3,876,삼척,37.45003,129.16214,강원특별자치도 삼척시 교동,9.64,0.3814,B_신뢰
1302666,강릉시(우정교),한강동해,37.848056,128.724444,1,566,연곡,37.85155,128.81924,강원특별자치도 강릉시 연곡면 송림리,8.33,0.4347,B_신뢰
1302666,강릉시(우정교),한강동해,37.848056,128.724444,2,523,주문진,37.89848,128.82139,강원특별자치도 강릉시 주문진읍 주문리,10.19,0.361,C_보통
1302666,강릉시(우정교),한강동해,37.848056,128.724444,3,104,북강릉,37.80456,128.85535,강원특별자치도 강릉시 사천면 방동리,12.47,0.2874,C_보통
1302668,동해시(북평교),한강동해,37.485278,129.125,1,106,동해,37.50709,129.12433,강원특별자치도 동해시 용정동,2.43,0.7843,A_매우신뢰
1302668,동해시(북평교),한강동해,37.485278,129.125,2,876,삼척,37.45003,129.16214,강원특별자치도 삼척시 교동,5.11,0.5999,B_신뢰
1302668,동해시(북평교),한강동해,37.485278,129.125,3,677,달방댐,37.51728,129.0213,(산지)강원특별자치도 동해시 신흥동,9.82,0.3746,B_신뢰
1302670,강릉시(송림교),한강동해,37.846944,128.810556,1,566,연곡,37.85155,128.81924,강원특별자치도 강릉시 연곡면 송림리,0.92,0.9121,A_매우신뢰
1302670,강릉시(송림교),한강동해,37.846944,128.810556,2,523,주문진,37.89848,128.82139,강원특별자치도 강릉시 주문진읍 주문리,5.81,0.5593,B_신뢰
1302670,강릉시(송림교),한강동해,37.846944,128.810556,3,104,북강릉,37.80456,128.85535,강원특별자치도 강릉시 사천면 방동리,6.14,0.5412,B_신뢰
1303610,삼척시(남양촌교),한강동해,37.143333,129.260278,1,529,원덕,37.14156,129.28585,강원특별자치도 삼척시 원덕읍 산양리,2.28,0.7961,A_매우신뢰
1303610,삼척시(남양촌교),한강동해,37.143333,129.260278,2,851,소곡,37.05137,129.35206,경상북도 울진군 북면 소곡리,13.07,0.2706,C_보통
1303610,삼척시(남양촌교),한강동해,37.143333,129.260278,3,878,도계,37.22379,129.09609,(산지)강원특별자치도 삼척시 도계읍 황조리,17.08,0.1812,D_주의
1303640,삼척시(전두3교),한강동해,37.224167,129.0425,1,878,도계,37.22379,129.09609,(산지)강원특별자치도 삼척시 도계읍 황조리,4.75,0.6219,A_매우신뢰
1303640,삼척시(전두3교),한강동해,37.224167,129.0425,2,216,태백,37.17038,128.98929,(산지)강원특별자치도 태백시 황지동,7.61,0.4672,B_신뢰
1303640,삼척시(전두3교),한강동해,37.224167,129.0425,3,696,신기,37.34661,129.08614,(산지)강원특별자치도 삼척시 신기면 신기리,14.15,0.2429,C_보통
1303645,삼척시(마차교),한강동해,37.307778,129.072222,1,696,신기,37.34661,129.08614,(산지)강원특별자치도 삼척시 신기면 신기리,4.49,0.6383,A_매우신뢰
1303645,삼척시(마차교),한강동해,37.307778,129.072222,2,878,도계,37.22379,129.09609,(산지)강원특별자치도 삼척시 도계읍 황조리,9.57,0.384,B_신뢰
1303645,삼척시(마차교),한강동해,37.307778,129.072222,3,579,하장,37.36684,128.9133,(산지)강원특별자치도 삼척시 하장면 장전리,15.51,0.212,D_주의
1303650,삼척시(상정교),한강동해,37.382778,129.098611,1,696,신기,37.34661,129.08614,(산지)강원특별자치도 삼척시 신기면 신기리,4.17,0.659,A_매우신뢰
1303650,삼척시(상정교),한강동해,37.382778,129.098611,2,876,삼척,37.45003,129.16214,강원특별자치도 삼척시 교동,9.35,0.3926,B_신뢰
1303650,삼척시(상정교),한강동해,37.382778,129.098611,3,106,동해,37.50709,129.12433,강원특별자치도 동해시 용정동,14.01,0.2464,C_보통
1303680,삼척시(오십천교),한강동해,37.438056,129.168056,1,876,삼척,37.45003,129.16214,강원특별자치도 삼척시 교동,1.43,0.8668,A_매우신뢰
1303680,삼척시(오십천교),한강동해,37.438056,129.168056,2,106,동해,37.50709,129.12433,강원특별자치도 동해시 용정동,8.59,0.4236,B_신뢰
1303680,삼척시(오십천교),한강동해,37.438056,129.168056,3,696,신기,37.34661,129.08614,(산지)강원특별자치도 삼척시 신기면 신기리,12.48,0.2871,C_보통
